-- Generated by Craft v2.6.2983 on Jul 18, 2017, 6:46:00 PM.

--
-- Disable foreign key checks and autocommit.
--

SET FOREIGN_KEY_CHECKS = 0;
SET SQL_MODE = "NO_AUTO_VALUE_ON_ZERO";
SET AUTOCOMMIT = 0;
SET NAMES utf8;


DROP TABLE IF EXISTS `craft_amnav_navs`;


--
-- Schema for table `craft_amnav_navs`
--
CREATE TABLE `craft_amnav_navs` (
  `id` int(11) NOT NULL AUTO_INCREMENT,
  `name` varchar(255) COLLATE utf8_unicode_ci NOT NULL,
  `handle` varchar(255) COLLATE utf8_unicode_ci NOT NULL,
  `settings` text COLLATE utf8_unicode_ci,
  `dateCreated` datetime NOT NULL,
  `dateUpdated` datetime NOT NULL,
  `uid` char(36) COLLATE utf8_unicode_ci NOT NULL DEFAULT '0',
  PRIMARY KEY (`id`),
  UNIQUE KEY `craft_amnav_navs_handle_unq_idx` (`handle`)
) ENGINE=InnoDB AUTO_INCREMENT=2 DEFAULT CHARSET=utf8 COLLATE=utf8_unicode_ci;

--
-- Data for table `craft_amnav_navs`
--

INSERT INTO `craft_amnav_navs` (`id`, `name`, `handle`, `settings`, `dateCreated`, `dateUpdated`, `uid`) VALUES
 ('1', 'Main Menu', 'mainMenu', '{\"entrySources\":\"*\",\"maxLevels\":\"\",\"canMoveFromLevel\":\"\",\"canDeleteFromLevel\":\"\"}', '2017-04-25 14:18:57', '2017-04-25 14:18:57', 'dc434bbf-3d7f-4d16-8cf1-6d063777598f');



DROP TABLE IF EXISTS `craft_amnav_nodes`;


--
-- Schema for table `craft_amnav_nodes`
--
CREATE TABLE `craft_amnav_nodes` (
  `id` int(11) NOT NULL AUTO_INCREMENT,
  `navId` int(10) NOT NULL,
  `parentId` int(10) DEFAULT NULL,
  `order` int(10) DEFAULT '0',
  `name` varchar(255) COLLATE utf8_unicode_ci NOT NULL,
  `url` varchar(255) COLLATE utf8_unicode_ci DEFAULT NULL,
  `listClass` varchar(255) COLLATE utf8_unicode_ci DEFAULT NULL,
  `blank` tinyint(1) unsigned NOT NULL DEFAULT '0',
  `enabled` tinyint(1) unsigned NOT NULL DEFAULT '1',
  `elementId` int(10) DEFAULT NULL,
  `elementType` varchar(255) COLLATE utf8_unicode_ci DEFAULT NULL,
  `locale` char(12) COLLATE utf8_unicode_ci DEFAULT NULL,
  `dateCreated` datetime NOT NULL,
  `dateUpdated` datetime NOT NULL,
  `uid` char(36) COLLATE utf8_unicode_ci NOT NULL DEFAULT '0',
  PRIMARY KEY (`id`),
  KEY `craft_amnav_nodes_elementId_elementType_locale_idx` (`elementId`,`elementType`,`locale`)
) ENGINE=InnoDB AUTO_INCREMENT=6 DEFAULT CHARSET=utf8 COLLATE=utf8_unicode_ci;

--
-- Data for table `craft_amnav_nodes`
--

INSERT INTO `craft_amnav_nodes` (`id`, `navId`, `parentId`, `order`, `name`, `url`, `listClass`, `blank`, `enabled`, `elementId`, `elementType`, `locale`, `dateCreated`, `dateUpdated`, `uid`) VALUES
 ('1', '1', '0', '2', 'Faculty/Staff Landing Page', NULL, NULL, '0', '1', '5', 'Entry', 'en_us', '2017-04-25 14:19:16', '2017-05-02 15:00:55', 'f84078d3-eff9-4cff-8f4b-9f8156527be9'),
 ('2', '1', '0', '1', 'Explore Programs', NULL, NULL, '0', '1', '4', 'Entry', 'en_us', '2017-04-25 14:19:16', '2017-05-02 15:00:55', 'a523df0b-5df4-418e-9e76-b2410d9bd93a'),
 ('3', '1', '0', '0', 'Admissions', NULL, '', '0', '1', '9', 'Entry', 'en_us', '2017-04-25 14:19:16', '2017-05-04 14:57:23', 'acda693c-7b17-4299-863a-010dd2dc0516'),
 ('5', '1', '0', '3', 'News/Calendars Landing Page', NULL, NULL, '0', '1', '6', 'Entry', 'en_us', '2017-04-25 14:19:17', '2017-05-02 15:00:55', '4727b109-e5d4-41da-a6f9-a08c38eac5eb');



DROP TABLE IF EXISTS `craft_assetfiles`;


--
-- Schema for table `craft_assetfiles`
--
CREATE TABLE `craft_assetfiles` (
  `id` int(11) NOT NULL,
  `sourceId` int(11) DEFAULT NULL,
  `folderId` int(11) NOT NULL,
  `filename` varchar(255) COLLATE utf8_unicode_ci NOT NULL,
  `kind` varchar(50) COLLATE utf8_unicode_ci NOT NULL DEFAULT 'unknown',
  `width` int(11) unsigned DEFAULT NULL,
  `height` int(11) unsigned DEFAULT NULL,
  `size` bigint(20) unsigned DEFAULT NULL,
  `dateModified` datetime DEFAULT NULL,
  `dateCreated` datetime NOT NULL,
  `dateUpdated` datetime NOT NULL,
  `uid` char(36) COLLATE utf8_unicode_ci NOT NULL DEFAULT '0',
  PRIMARY KEY (`id`),
  UNIQUE KEY `craft_assetfiles_filename_folderId_unq_idx` (`filename`,`folderId`),
  KEY `craft_assetfiles_sourceId_fk` (`sourceId`),
  KEY `craft_assetfiles_folderId_fk` (`folderId`)
) ENGINE=InnoDB DEFAULT CHARSET=utf8 COLLATE=utf8_unicode_ci;

--
-- Data for table `craft_assetfiles`
--

INSERT INTO `craft_assetfiles` (`id`, `sourceId`, `folderId`, `filename`, `kind`, `width`, `height`, `size`, `dateModified`, `dateCreated`, `dateUpdated`, `uid`) VALUES
 ('36', '1', '1', 'IdeaBase_Logo_HorizontalColor.png', 'image', '1000', '272', '14929', '2017-05-02 13:37:27', '2017-05-02 13:37:27', '2017-05-02 13:37:27', '0333cb04-5c95-43a0-b43a-1c0c1241ffc7'),
 ('38', '1', '1', 'TRHS-Image.png', 'image', '463', '424', '144692', '2017-05-02 14:52:59', '2017-05-02 14:52:59', '2017-05-02 14:52:59', 'c0bb8ce2-aa12-4a9b-9374-34dc1fd73d1c');



DROP TABLE IF EXISTS `craft_assetfolders`;


--
-- Schema for table `craft_assetfolders`
--
CREATE TABLE `craft_assetfolders` (
  `id` int(11) NOT NULL AUTO_INCREMENT,
  `parentId` int(11) DEFAULT NULL,
  `sourceId` int(11) DEFAULT NULL,
  `name` varchar(255) COLLATE utf8_unicode_ci NOT NULL,
  `path` varchar(255) COLLATE utf8_unicode_ci DEFAULT NULL,
  `dateCreated` datetime NOT NULL,
  `dateUpdated` datetime NOT NULL,
  `uid` char(36) COLLATE utf8_unicode_ci NOT NULL DEFAULT '0',
  PRIMARY KEY (`id`),
  UNIQUE KEY `craft_assetfolders_name_parentId_sourceId_unq_idx` (`name`,`parentId`,`sourceId`),
  KEY `craft_assetfolders_parentId_fk` (`parentId`),
  KEY `craft_assetfolders_sourceId_fk` (`sourceId`)
) ENGINE=InnoDB AUTO_INCREMENT=2 DEFAULT CHARSET=utf8 COLLATE=utf8_unicode_ci;

--
-- Data for table `craft_assetfolders`
--

INSERT INTO `craft_assetfolders` (`id`, `parentId`, `sourceId`, `name`, `path`, `dateCreated`, `dateUpdated`, `uid`) VALUES
 ('1', NULL, '1', 'Feature Image', '', '2017-04-27 14:16:59', '2017-04-27 14:16:59', '4daee243-8c55-4073-88f1-ebc8e3b409c8');



DROP TABLE IF EXISTS `craft_assetindexdata`;


--
-- Schema for table `craft_assetindexdata`
--
CREATE TABLE `craft_assetindexdata` (
  `id` int(11) NOT NULL AUTO_INCREMENT,
  `sessionId` varchar(36) COLLATE utf8_unicode_ci NOT NULL DEFAULT '',
  `sourceId` int(10) NOT NULL,
  `offset` int(10) NOT NULL,
  `uri` varchar(255) COLLATE utf8_unicode_ci DEFAULT NULL,
  `size` varchar(255) COLLATE utf8_unicode_ci DEFAULT NULL,
  `recordId` int(10) DEFAULT NULL,
  `dateCreated` datetime NOT NULL,
  `dateUpdated` datetime NOT NULL,
  `uid` char(36) COLLATE utf8_unicode_ci NOT NULL DEFAULT '0',
  PRIMARY KEY (`id`),
  UNIQUE KEY `craft_assetindexdata_sessionId_sourceId_offset_unq_idx` (`sessionId`,`sourceId`,`offset`),
  KEY `craft_assetindexdata_sourceId_fk` (`sourceId`)
) ENGINE=InnoDB DEFAULT CHARSET=utf8 COLLATE=utf8_unicode_ci;

DROP TABLE IF EXISTS `craft_assetsources`;


--
-- Schema for table `craft_assetsources`
--
CREATE TABLE `craft_assetsources` (
  `id` int(11) NOT NULL AUTO_INCREMENT,
  `name` varchar(255) COLLATE utf8_unicode_ci NOT NULL,
  `handle` varchar(255) COLLATE utf8_unicode_ci NOT NULL,
  `type` varchar(150) COLLATE utf8_unicode_ci NOT NULL,
  `settings` text COLLATE utf8_unicode_ci,
  `sortOrder` smallint(6) unsigned DEFAULT NULL,
  `fieldLayoutId` int(10) DEFAULT NULL,
  `dateCreated` datetime NOT NULL,
  `dateUpdated` datetime NOT NULL,
  `uid` char(36) COLLATE utf8_unicode_ci NOT NULL DEFAULT '0',
  PRIMARY KEY (`id`),
  UNIQUE KEY `craft_assetsources_name_unq_idx` (`name`),
  UNIQUE KEY `craft_assetsources_handle_unq_idx` (`handle`),
  KEY `craft_assetsources_fieldLayoutId_fk` (`fieldLayoutId`)
) ENGINE=InnoDB AUTO_INCREMENT=2 DEFAULT CHARSET=utf8 COLLATE=utf8_unicode_ci;

--
-- Data for table `craft_assetsources`
--

INSERT INTO `craft_assetsources` (`id`, `name`, `handle`, `type`, `settings`, `sortOrder`, `fieldLayoutId`, `dateCreated`, `dateUpdated`, `uid`) VALUES
 ('1', 'Feature Image', 'featureImage', 'Local', '{\"path\":\"assets\\/img\\/uploads\\/feature\\/\",\"publicURLs\":\"1\",\"url\":\"{baseUrl}\\/assets\\/img\\/uploads\\/feature\\/\"}', '1', '47', '2017-04-27 14:16:59', '2017-04-27 14:16:59', '5e350d84-a04a-4445-8161-243f27fea6a9');



DROP TABLE IF EXISTS `craft_assettransformindex`;


--
-- Schema for table `craft_assettransformindex`
--
CREATE TABLE `craft_assettransformindex` (
  `id` int(11) NOT NULL AUTO_INCREMENT,
  `fileId` int(11) NOT NULL,
  `filename` varchar(255) COLLATE utf8_unicode_ci DEFAULT NULL,
  `format` varchar(255) COLLATE utf8_unicode_ci DEFAULT NULL,
  `location` varchar(255) COLLATE utf8_unicode_ci NOT NULL,
  `sourceId` int(11) DEFAULT NULL,
  `fileExists` tinyint(1) DEFAULT NULL,
  `inProgress` tinyint(1) DEFAULT NULL,
  `dateIndexed` datetime DEFAULT NULL,
  `dateCreated` datetime NOT NULL,
  `dateUpdated` datetime NOT NULL,
  `uid` char(36) COLLATE utf8_unicode_ci NOT NULL DEFAULT '0',
  PRIMARY KEY (`id`),
  KEY `craft_assettransformindex_sourceId_fileId_location_idx` (`sourceId`,`fileId`,`location`)
) ENGINE=InnoDB AUTO_INCREMENT=5 DEFAULT CHARSET=utf8 COLLATE=utf8_unicode_ci;

DROP TABLE IF EXISTS `craft_assettransforms`;


--
-- Schema for table `craft_assettransforms`
--
CREATE TABLE `craft_assettransforms` (
  `id` int(11) NOT NULL AUTO_INCREMENT,
  `name` varchar(255) COLLATE utf8_unicode_ci NOT NULL,
  `handle` varchar(255) COLLATE utf8_unicode_ci NOT NULL,
  `mode` enum('stretch','fit','crop') COLLATE utf8_unicode_ci NOT NULL DEFAULT 'crop',
  `position` enum('top-left','top-center','top-right','center-left','center-center','center-right','bottom-left','bottom-center','bottom-right') COLLATE utf8_unicode_ci NOT NULL DEFAULT 'center-center',
  `height` int(10) DEFAULT NULL,
  `width` int(10) DEFAULT NULL,
  `format` varchar(255) COLLATE utf8_unicode_ci DEFAULT NULL,
  `quality` int(10) DEFAULT NULL,
  `dimensionChangeTime` datetime DEFAULT NULL,
  `dateCreated` datetime NOT NULL,
  `dateUpdated` datetime NOT NULL,
  `uid` char(36) COLLATE utf8_unicode_ci NOT NULL DEFAULT '0',
  PRIMARY KEY (`id`),
  UNIQUE KEY `craft_assettransforms_name_unq_idx` (`name`),
  UNIQUE KEY `craft_assettransforms_handle_unq_idx` (`handle`)
) ENGINE=InnoDB AUTO_INCREMENT=2 DEFAULT CHARSET=utf8 COLLATE=utf8_unicode_ci;

--
-- Data for table `craft_assettransforms`
--

INSERT INTO `craft_assettransforms` (`id`, `name`, `handle`, `mode`, `position`, `height`, `width`, `format`, `quality`, `dimensionChangeTime`, `dateCreated`, `dateUpdated`, `uid`) VALUES
 ('1', 'Feature Image', 'featureImage', 'fit', 'center-center', '200', '400', NULL, '82', '2017-05-02 13:44:40', '2017-05-02 13:44:40', '2017-05-02 13:44:40', '27e117fd-c2e9-472b-8bea-c76321a3c620');



DROP TABLE IF EXISTS `craft_categories`;


--
-- Schema for table `craft_categories`
--
CREATE TABLE `craft_categories` (
  `id` int(11) NOT NULL,
  `groupId` int(11) NOT NULL,
  `dateCreated` datetime NOT NULL,
  `dateUpdated` datetime NOT NULL,
  `uid` char(36) COLLATE utf8_unicode_ci NOT NULL DEFAULT '0',
  PRIMARY KEY (`id`),
  KEY `craft_categories_groupId_fk` (`groupId`)
) ENGINE=InnoDB DEFAULT CHARSET=utf8 COLLATE=utf8_unicode_ci;

--
-- Data for table `craft_categories`
--

INSERT INTO `craft_categories` (`id`, `groupId`, `dateCreated`, `dateUpdated`, `uid`) VALUES
 ('10', '1', '2017-04-20 14:55:24', '2017-04-20 14:55:24', '86cdf9dd-464c-4a05-8707-59c392c4c8d1'),
 ('11', '1', '2017-04-20 14:55:30', '2017-04-20 14:55:30', '07e95bc1-e25c-4c17-b76c-27a2b082bb7d'),
 ('12', '1', '2017-04-20 14:55:37', '2017-04-20 14:55:37', '99e25b61-0c54-4d37-bf7a-aa7a33cbf5f5'),
 ('13', '1', '2017-04-20 14:55:42', '2017-04-20 14:55:42', '5a253a9b-49e1-47fe-8d82-e0ff8d9ba107'),
 ('14', '1', '2017-04-20 14:55:48', '2017-04-20 14:55:48', '4ebd243c-f044-40c3-a677-80b58a498b9a'),
 ('48', '3', '2017-05-05 13:36:08', '2017-05-05 13:36:08', '75a7d46a-22c8-457c-aa88-cf892d3459e9'),
 ('49', '3', '2017-05-05 13:36:14', '2017-05-05 13:36:14', '4f78e777-06c6-41d3-af61-ed3bd42f96fa');



DROP TABLE IF EXISTS `craft_categorygroups`;


--
-- Schema for table `craft_categorygroups`
--
CREATE TABLE `craft_categorygroups` (
  `id` int(11) NOT NULL AUTO_INCREMENT,
  `structureId` int(11) NOT NULL,
  `fieldLayoutId` int(11) DEFAULT NULL,
  `name` varchar(255) COLLATE utf8_unicode_ci NOT NULL,
  `handle` varchar(255) COLLATE utf8_unicode_ci NOT NULL,
  `hasUrls` tinyint(1) unsigned NOT NULL DEFAULT '1',
  `template` varchar(500) COLLATE utf8_unicode_ci DEFAULT NULL,
  `dateCreated` datetime NOT NULL,
  `dateUpdated` datetime NOT NULL,
  `uid` char(36) COLLATE utf8_unicode_ci NOT NULL DEFAULT '0',
  PRIMARY KEY (`id`),
  UNIQUE KEY `craft_categorygroups_name_unq_idx` (`name`),
  UNIQUE KEY `craft_categorygroups_handle_unq_idx` (`handle`),
  KEY `craft_categorygroups_structureId_fk` (`structureId`),
  KEY `craft_categorygroups_fieldLayoutId_fk` (`fieldLayoutId`)
) ENGINE=InnoDB AUTO_INCREMENT=7 DEFAULT CHARSET=utf8 COLLATE=utf8_unicode_ci;

--
-- Data for table `craft_categorygroups`
--

INSERT INTO `craft_categorygroups` (`id`, `structureId`, `fieldLayoutId`, `name`, `handle`, `hasUrls`, `template`, `dateCreated`, `dateUpdated`, `uid`) VALUES
 ('1', '1', '16', 'Pathways', 'pathways', '1', '', '2017-04-20 13:31:25', '2017-04-20 13:31:25', 'dd0a9e80-1867-4a77-bcd9-0f0ab4351a37'),
 ('2', '2', '17', 'Story Type', 'storyType', '1', '', '2017-04-20 13:31:31', '2017-04-20 13:31:31', '17362887-3090-4b8f-a73f-cdf7767184d3'),
 ('3', '3', '18', 'Faculty Type', 'facultyType', '1', '', '2017-04-20 13:31:36', '2017-04-20 13:31:36', 'eb520590-acec-49c9-921c-14b62f67d2bd'),
 ('4', '4', '19', 'Event Type', 'eventType', '1', '', '2017-04-20 13:31:40', '2017-04-20 13:31:40', '86da87af-ea1f-4507-8a96-4767b09a30ab'),
 ('6', '6', '21', 'Faculty', 'faculty', '1', '', '2017-04-20 13:32:16', '2017-04-20 13:32:16', '55135ee5-3bc7-4dd0-a491-bc7c1470b827');



DROP TABLE IF EXISTS `craft_categorygroups_i18n`;


--
-- Schema for table `craft_categorygroups_i18n`
--
CREATE TABLE `craft_categorygroups_i18n` (
  `id` int(11) NOT NULL AUTO_INCREMENT,
  `groupId` int(11) NOT NULL,
  `locale` char(12) COLLATE utf8_unicode_ci NOT NULL,
  `urlFormat` text COLLATE utf8_unicode_ci,
  `nestedUrlFormat` text COLLATE utf8_unicode_ci,
  `dateCreated` datetime NOT NULL,
  `dateUpdated` datetime NOT NULL,
  `uid` char(36) COLLATE utf8_unicode_ci NOT NULL DEFAULT '0',
  PRIMARY KEY (`id`),
  UNIQUE KEY `craft_categorygroups_i18n_groupId_locale_unq_idx` (`groupId`,`locale`),
  KEY `craft_categorygroups_i18n_locale_fk` (`locale`)
) ENGINE=InnoDB AUTO_INCREMENT=7 DEFAULT CHARSET=utf8 COLLATE=utf8_unicode_ci;

--
-- Data for table `craft_categorygroups_i18n`
--

INSERT INTO `craft_categorygroups_i18n` (`id`, `groupId`, `locale`, `urlFormat`, `nestedUrlFormat`, `dateCreated`, `dateUpdated`, `uid`) VALUES
 ('1', '1', 'en_us', 'pathways/{slug}', '{parent.uri}/{slug}', '2017-04-20 13:31:25', '2017-04-20 13:31:25', '3dc11fcc-df7e-4fb7-b0c5-02e463b7ea8d'),
 ('2', '2', 'en_us', 'story-type/{slug}', '{parent.uri}/{slug}', '2017-04-20 13:31:31', '2017-04-20 13:31:31', '288a572f-8214-4f9a-ae38-a508c1214311'),
 ('3', '3', 'en_us', 'faculty-type/{slug}', '{parent.uri}/{slug}', '2017-04-20 13:31:36', '2017-04-20 13:31:36', '9000da33-1983-43cb-ad2f-7221e712f1cc'),
 ('4', '4', 'en_us', 'event-type/{slug}', '{parent.uri}/{slug}', '2017-04-20 13:31:40', '2017-04-20 13:31:40', 'a8b20a8e-ea04-430b-a5af-4869518ed556'),
 ('6', '6', 'en_us', 'faculty/{slug}', '{parent.uri}/{slug}', '2017-04-20 13:32:16', '2017-04-20 13:32:16', 'd486eadd-5ebf-4f97-a6bb-cd9d07fa07fb');



DROP TABLE IF EXISTS `craft_content`;


--
-- Schema for table `craft_content`
--
CREATE TABLE `craft_content` (
  `id` int(11) NOT NULL AUTO_INCREMENT,
  `elementId` int(11) NOT NULL,
  `locale` char(12) COLLATE utf8_unicode_ci NOT NULL,
  `title` varchar(255) COLLATE utf8_unicode_ci DEFAULT NULL,
  `field_body` text COLLATE utf8_unicode_ci,
  `field_footerTitle` text COLLATE utf8_unicode_ci,
  `field_footerText` text COLLATE utf8_unicode_ci,
  `field_footerAddress` text COLLATE utf8_unicode_ci,
  `field_phoneNumber` text COLLATE utf8_unicode_ci,
  `field_faxNumber` text COLLATE utf8_unicode_ci,
  `field_creditAtKent` text COLLATE utf8_unicode_ci,
  `field_gradeLevel` text COLLATE utf8_unicode_ci,
  `field_school` text COLLATE utf8_unicode_ci,
  `field_length` text COLLATE utf8_unicode_ci,
  `field_applicationLightSwitch` tinyint(1) unsigned NOT NULL DEFAULT '0',
  `field_courseAccessLink` text COLLATE utf8_unicode_ci,
  `field_admissionsText` text COLLATE utf8_unicode_ci,
  `field_admissionsTitle` text COLLATE utf8_unicode_ci,
  `field_dateTime` datetime DEFAULT NULL,
  `field_emailAddress` text COLLATE utf8_unicode_ci,
  `field_eventDescription` text COLLATE utf8_unicode_ci,
  `field_generalAdmissionsLightSwitch` tinyint(1) unsigned NOT NULL DEFAULT '0',
  `field_news` text COLLATE utf8_unicode_ci,
  `field_pathwayTitle` text COLLATE utf8_unicode_ci,
  `field_welcomeTitle` text COLLATE utf8_unicode_ci,
  `field_generalText` text COLLATE utf8_unicode_ci,
  `field_applicationDeadlines` text COLLATE utf8_unicode_ci,
  `field_admissionsDates` text COLLATE utf8_unicode_ci,
  `dateCreated` datetime NOT NULL,
  `dateUpdated` datetime NOT NULL,
  `uid` char(36) COLLATE utf8_unicode_ci NOT NULL DEFAULT '0',
  PRIMARY KEY (`id`),
  UNIQUE KEY `craft_content_elementId_locale_unq_idx` (`elementId`,`locale`),
  KEY `craft_content_title_idx` (`title`),
  KEY `craft_content_locale_fk` (`locale`)
) ENGINE=InnoDB AUTO_INCREMENT=45 DEFAULT CHARSET=utf8 COLLATE=utf8_unicode_ci;

--
-- Data for table `craft_content`
--

INSERT INTO `craft_content` (`id`, `elementId`, `locale`, `title`, `field_body`, `field_footerTitle`, `field_footerText`, `field_footerAddress`, `field_phoneNumber`, `field_faxNumber`, `field_creditAtKent`, `field_gradeLevel`, `field_school`, `field_length`, `field_applicationLightSwitch`, `field_courseAccessLink`, `field_admissionsText`, `field_admissionsTitle`, `field_dateTime`, `field_emailAddress`, `field_eventDescription`, `field_generalAdmissionsLightSwitch`, `field_news`, `field_pathwayTitle`, `field_welcomeTitle`, `field_generalText`, `field_applicationDeadlines`, `field_admissionsDates`, `dateCreated`, `dateUpdated`, `uid`) VALUES
 ('1', '1', 'en_us', NULL, NULL, NULL, NULL, NULL, NULL, NULL, NULL, NULL, NULL, NULL, '0', NULL, NULL, NULL, NULL, NULL, NULL, '0', NULL, NULL, NULL, NULL, NULL, NULL, '2017-04-18 15:33:01', '2017-04-18 15:33:01', 'b9fea62a-169f-4a81-a73b-ffa266ede7bd'),
 ('2', '2', 'en_us', 'Home', '<p>It’s true, this site doesn’t have a whole lot of content yet, but don’t worry. Our web developers have just installed the CMS, and they’re setting things up for the content editors this very moment. Soon Careertech.web will be an oasis of fresh perspectives, sharp analyses, and astute opinions that will keep you coming back again and again.</p>', NULL, NULL, NULL, NULL, NULL, NULL, NULL, NULL, NULL, '0', NULL, 'Lorem ipsum dolor sit amet, consectetuer adipiscing elit. Aenean commodo ligula eget dolor. Aenean massa. Cum sociis natoque penatibus et magnis dis parturient montes, nascetur ridiculus mus.', 'Admissions', NULL, NULL, NULL, '1', 'News', 'Explore Pathways', 'Welcome', NULL, NULL, NULL, '2017-04-18 15:33:03', '2017-05-02 13:38:54', '35ea2da5-4e56-4a77-aca1-2b79c89ab6b8'),
 ('3', '3', 'en_us', 'We just installed Craft!', '<p>Craft is the CMS that’s powering Careertech.web. It’s beautiful, powerful, flexible, and easy-to-use, and it’s made by Pixel &amp; Tonic. We can’t wait to dive in and see what it’s capable of!</p><!--pagebreak--><p>This is even more captivating content, which you couldn’t see on the News index page because it was entered after a Page Break, and the News index template only likes to show the content on the first page.</p><p>Craft: a nice alternative to Word, if you’re making a website.</p>', NULL, NULL, NULL, NULL, NULL, NULL, NULL, NULL, NULL, '0', NULL, NULL, NULL, NULL, NULL, NULL, '0', NULL, NULL, NULL, NULL, NULL, NULL, '2017-04-18 15:33:03', '2017-04-18 15:33:03', '6e8a8219-d4b2-414f-83b2-2e7ea4c30de9'),
 ('4', '4', 'en_us', 'Explore Programs', '<p>Lorem ipsum dolor sit amet, consectetuer adipiscing elit. Aenean commodo<br />ligula eget dolor. Aenean massa. Cum sociis natoque penatibus et<br />magnis dis parturient montes, nascetur ridiculus mus.</p>', NULL, NULL, NULL, NULL, NULL, NULL, NULL, NULL, NULL, '0', NULL, NULL, NULL, NULL, NULL, NULL, '0', NULL, NULL, NULL, NULL, NULL, NULL, '2017-04-20 13:30:32', '2017-05-02 14:13:50', 'a251479c-0708-429a-82d6-fba5e4dc3689'),
 ('5', '5', 'en_us', 'Faculty/Staff Landing Page', NULL, NULL, NULL, NULL, NULL, NULL, NULL, NULL, NULL, NULL, '0', NULL, NULL, NULL, NULL, NULL, NULL, '0', NULL, NULL, NULL, NULL, NULL, NULL, '2017-04-20 13:30:45', '2017-04-20 14:08:05', '25b21532-9731-4ffc-8f59-f5dd0a4c1b63'),
 ('6', '6', 'en_us', 'News/Calendars Landing Page', NULL, NULL, NULL, NULL, NULL, NULL, NULL, NULL, NULL, NULL, '0', NULL, NULL, NULL, NULL, NULL, NULL, '0', NULL, NULL, NULL, NULL, NULL, NULL, '2017-04-20 13:31:02', '2017-04-20 14:08:29', '3b7ef0ec-ed17-4776-a525-9ae8e2c131b7'),
 ('7', '7', 'en_us', NULL, NULL, 'TRHS Career-Technical Education', NULL, NULL, NULL, NULL, NULL, NULL, NULL, NULL, '0', NULL, NULL, NULL, NULL, NULL, NULL, '0', NULL, NULL, NULL, NULL, NULL, NULL, '2017-04-20 13:46:52', '2017-05-02 14:59:01', '1fe28b2c-a5c3-482a-9139-84b0754dc9e8'),
 ('8', '8', 'en_us', NULL, NULL, 'Career Tech Office', 'District Partners', '<p>1400 N Mantua St Kent, OH 44240</p>', '330-676-8740', '###-###-####', NULL, NULL, NULL, NULL, '0', NULL, NULL, NULL, NULL, NULL, NULL, '0', NULL, NULL, NULL, NULL, NULL, NULL, '2017-04-20 13:46:56', '2017-05-02 14:30:07', 'bfa5efca-9470-495a-82ee-2df870081d1e'),
 ('9', '9', 'en_us', 'Admissions', NULL, NULL, NULL, NULL, NULL, NULL, NULL, NULL, NULL, NULL, '0', NULL, NULL, NULL, NULL, NULL, NULL, '0', NULL, NULL, NULL, '<p>Lorem ipsum dolor sit amet, consectetuer adipiscing elit. Aenean commodo ligula eget dolor. Aenean massa. Cum sociis natoque penatibus et magnis dis parturient montes, nascetur ridiculus mus.</p>', '[{\"col1\":\"Program \",\"col2\":\"Fall 2017\",\"col3\":\"Spring 2017\"},{\"col1\":\"General\",\"col2\":\"May 1, 2017\",\"col3\":\"Dec 1, 2017\"},{\"col1\":\"Specific 1\",\"col2\":\"May 1, 2017\",\"col3\":\"Dec 1, 2017\"},{\"col1\":\"Specific 2\",\"col2\":\"May 1, 2017\",\"col3\":\"Dec 1, 2017\"}]', '<p>Lorem ipsum dolor sit amet, consectetuer adipiscing elit. Aenean commodo ligula eget dolor. Aenean massa. Cum sociis natoque penatibus et magnis dis parturient montes, nascetur ridiculus mus.</p>', '2017-04-20 14:32:28', '2017-05-04 14:57:23', 'f4876672-8d8b-4af2-be37-30171104ed50'),
 ('10', '10', 'en_us', 'Cosmetology', NULL, NULL, NULL, NULL, NULL, NULL, NULL, NULL, NULL, NULL, '0', NULL, NULL, NULL, NULL, NULL, NULL, '0', NULL, NULL, NULL, NULL, NULL, NULL, '2017-04-20 14:55:24', '2017-04-20 14:55:24', 'cb4cf622-4762-4ea8-abf9-fd2a260312da'),
 ('11', '11', 'en_us', 'Teaching', NULL, NULL, NULL, NULL, NULL, NULL, NULL, NULL, NULL, NULL, '0', NULL, NULL, NULL, NULL, NULL, NULL, '0', NULL, NULL, NULL, NULL, NULL, NULL, '2017-04-20 14:55:30', '2017-04-20 14:55:30', 'bab61663-db2e-4e69-b8ef-7e97b38fa7e0'),
 ('12', '12', 'en_us', 'Environmental Education', NULL, NULL, NULL, NULL, NULL, NULL, NULL, NULL, NULL, NULL, '0', NULL, NULL, NULL, NULL, NULL, NULL, '0', NULL, NULL, NULL, NULL, NULL, NULL, '2017-04-20 14:55:37', '2017-04-20 14:55:37', '72c8b128-60ef-4239-8f91-8233609e081b'),
 ('13', '13', 'en_us', 'Healthcare', NULL, NULL, NULL, NULL, NULL, NULL, NULL, NULL, NULL, NULL, '0', NULL, NULL, NULL, NULL, NULL, NULL, '0', NULL, NULL, NULL, NULL, NULL, NULL, '2017-04-20 14:55:42', '2017-04-20 14:55:42', '9bca8719-51bd-4ec6-ade2-feb35050f2b5'),
 ('14', '14', 'en_us', 'Management', NULL, NULL, NULL, NULL, NULL, NULL, NULL, NULL, NULL, NULL, '0', NULL, NULL, NULL, NULL, NULL, NULL, '0', NULL, NULL, NULL, NULL, NULL, NULL, '2017-04-20 14:55:48', '2017-04-20 14:55:48', '42b9d7f9-d0df-4fe7-820a-0cbec7dc006b'),
 ('26', '26', 'en_us', 'Cosmetology ', '<p>Lorem ipsum dolor sit amet, consectetuer adipiscing elit. Aenean commodo ligula eget dolor. Aenean massa. Cum sociis natoque penatibus et magnis dis parturient montes, nascetur ridiculus mus.</p>', NULL, NULL, NULL, NULL, NULL, '<p>Lorem ipsum dolor sit amet, consectetuer adipiscing elit. Aenean commodo ligula eget dolor. Aenean massa. Cum sociis natoque penatibus et magnis dis parturient montes, nascetur ridiculus mus.</p>', '10,11,12', 'Kent', '2', '1', NULL, NULL, NULL, NULL, NULL, NULL, '0', NULL, NULL, NULL, NULL, NULL, NULL, '2017-04-20 16:20:46', '2017-05-04 15:34:37', 'e269c308-54b9-4f08-a9fb-6796cb61ad9b'),
 ('27', '27', 'en_us', 'Construction Technologies', '<p>Lorem ipsum dolor sit amet, consectetuer adipiscing elit. Aenean commodo ligula eget dolor. Aenean massa. Cum sociis natoque penatibus et magnis dis parturient montes, nascetur ridiculus mus.</p>', NULL, NULL, NULL, NULL, NULL, '<p>Lorem ipsum dolor sit amet, consectetuer adipiscing elit. Aenean commodo ligula eget dolor. Aenean massa. Cum sociis natoque penatibus et magnis dis parturient montes, nascetur ridiculus mus.</p>', '10', 'Kent', '2', '1', NULL, NULL, NULL, NULL, NULL, NULL, '0', NULL, NULL, NULL, NULL, NULL, NULL, '2017-04-20 16:21:39', '2017-04-20 16:21:39', '1faeae4f-b2d4-4de4-a505-21a80b57c15b'),
 ('28', '28', 'en_us', 'Forest and Landscape Management', '<p>Lorem ipsum dolor sit amet, consectetuer adipiscing elit. Aenean commodo ligula eget dolor. Aenean massa. Cum sociis natoque penatibus et magnis dis parturient montes, nascetur ridiculus mus.</p>', NULL, NULL, NULL, NULL, NULL, '<p>Lorem ipsum dolor sit amet, consectetuer adipiscing elit. Aenean commodo ligula eget dolor. Aenean massa. Cum sociis natoque penatibus et magnis dis parturient montes, nascetur ridiculus mus.</p>', '10', 'Kent', '2', '1', NULL, NULL, NULL, NULL, NULL, NULL, '0', NULL, NULL, NULL, NULL, NULL, NULL, '2017-04-20 16:22:17', '2017-04-20 16:22:17', '072150f2-2c7a-4688-b92b-22ba9b9e1c08'),
 ('29', '29', 'en_us', 'Athletic Healthcare and Fitness', '<p>Lorem ipsum dolor sit amet, consectetuer adipiscing elit. Aenean commodo ligula eget dolor. Aenean massa. Cum sociis natoque penatibus et magnis dis parturient montes, nascetur ridiculus mus.</p>', NULL, NULL, NULL, NULL, NULL, '<p>Lorem ipsum dolor sit amet, consectetuer adipiscing elit. Aenean commodo ligula eget dolor. Aenean massa. Cum sociis natoque penatibus et magnis dis parturient montes, nascetur ridiculus mus.</p>', '10', 'Kent', '2', '1', NULL, NULL, NULL, NULL, NULL, NULL, '0', NULL, NULL, NULL, NULL, NULL, NULL, '2017-04-20 16:22:51', '2017-04-20 16:22:51', '40d588da-8462-4dea-9021-23f6ca16d9d6'),
 ('30', '30', 'en_us', 'Health Career Technologies', '<p>Lorem ipsum dolor sit amet, consectetuer adipiscing elit. Aenean commodo ligula eget dolor. Aenean massa. Cum sociis natoque penatibus et magnis dis parturient montes, nascetur ridiculus mus.</p>', NULL, NULL, NULL, NULL, NULL, '<p>Lorem ipsum dolor sit amet, consectetuer adipiscing elit. Aenean commodo ligula eget dolor. Aenean massa. Cum sociis natoque penatibus et magnis dis parturient montes, nascetur ridiculus mus.</p>', '10', 'Kent', '2', '1', NULL, NULL, NULL, NULL, NULL, NULL, '0', NULL, NULL, NULL, NULL, NULL, NULL, '2017-04-20 16:24:17', '2017-04-20 16:24:17', 'a7edccf4-5581-49a8-ac6b-f494d2371da9'),
 ('31', '31', 'en_us', 'Business and Sports Management', '<p>Lorem ipsum dolor sit amet, consectetuer adipiscing elit. Aenean commodo ligula eget dolor. Aenean massa. Cum sociis natoque penatibus et magnis dis parturient montes, nascetur ridiculus mus.</p>', NULL, NULL, NULL, NULL, NULL, '<p>Lorem ipsum dolor sit amet, consectetuer adipiscing elit. Aenean commodo ligula eget dolor. Aenean massa. Cum sociis natoque penatibus et magnis dis parturient montes, nascetur ridiculus mus.</p>', '10', 'Kent', '2', '1', NULL, NULL, NULL, NULL, NULL, NULL, '0', NULL, NULL, NULL, NULL, NULL, NULL, '2017-04-20 16:24:45', '2017-04-20 16:24:45', 'de40fa7c-38e0-4446-8c63-0d5c625f2e14'),
 ('32', '32', 'en_us', 'Marketing Management', '<p>Lorem ipsum dolor sit amet, consectetuer adipiscing elit. Aenean commodo ligula eget dolor. Aenean massa. Cum sociis natoque penatibus et magnis dis parturient montes, nascetur ridiculus mus.</p>', NULL, NULL, NULL, NULL, NULL, '<p>Lorem ipsum dolor sit amet, consectetuer adipiscing elit. Aenean commodo ligula eget dolor. Aenean massa. Cum sociis natoque penatibus et magnis dis parturient montes, nascetur ridiculus mus.</p>', '10', 'Kent', '2', '1', NULL, NULL, NULL, NULL, NULL, NULL, '0', NULL, NULL, NULL, NULL, NULL, NULL, '2017-04-20 16:25:09', '2017-04-20 16:25:09', '49264a2d-4f4f-43a6-a4e7-bd426dc24139'),
 ('33', '33', 'en_us', 'CTE English', '<p>Lorem ipsum dolor sit amet, consectetuer adipiscing elit. Aenean commodo ligula eget dolor. Aenean massa. Cum sociis natoque penatibus et magnis dis parturient montes, nascetur ridiculus mus.</p>', NULL, NULL, NULL, NULL, NULL, '<p>Lorem ipsum dolor sit amet, consectetuer adipiscing elit. Aenean commodo ligula eget dolor. Aenean massa. Cum sociis natoque penatibus et magnis dis parturient montes, nascetur ridiculus mus.</p>', '10', 'Kent', '3', '1', NULL, NULL, NULL, NULL, NULL, NULL, '0', NULL, NULL, NULL, NULL, NULL, NULL, '2017-04-20 16:25:32', '2017-04-20 16:25:32', 'd6429206-093f-4d6c-bd67-31da535b2ea8'),
 ('34', '34', 'en_us', 'Family and Consumer Science', '<p>10Lorem ipsum dolor sit amet, consectetuer adipiscing elit. Aenean commodo ligula eget dolor. Aenean massa. Cum sociis natoque penatibus et magnis dis parturient montes, nascetur ridiculus mus.</p>', NULL, NULL, NULL, NULL, NULL, '<p>Lorem ipsum dolor sit amet, consectetuer adipiscing elit. Aenean commodo ligula eget dolor. Aenean massa. Cum sociis natoque penatibus et magnis dis parturient montes, nascetur ridiculus mus.</p>', '10', 'Kent', '3', '1', NULL, NULL, NULL, NULL, NULL, NULL, '0', NULL, NULL, NULL, NULL, NULL, NULL, '2017-04-20 16:26:07', '2017-04-20 16:26:07', 'b78ee012-fc14-4c10-ac3b-c929540d950c'),
 ('35', '35', 'en_us', 'Form', NULL, NULL, NULL, NULL, NULL, NULL, NULL, NULL, NULL, NULL, '0', NULL, NULL, NULL, NULL, NULL, NULL, '0', NULL, NULL, NULL, NULL, NULL, NULL, '2017-04-27 14:59:34', '2017-04-27 14:59:52', '75540824-fc2c-419e-93cc-77d9d9e92e93'),
 ('36', '36', 'en_us', 'Idea Base Logo Horizontal Color', NULL, NULL, NULL, NULL, NULL, NULL, NULL, NULL, NULL, NULL, '0', NULL, NULL, NULL, NULL, NULL, NULL, '0', NULL, NULL, NULL, NULL, NULL, NULL, '2017-05-02 13:37:27', '2017-05-02 13:37:27', 'fa710394-91ad-4c6d-9495-a2d6cdfe8498'),
 ('37', '37', 'en_us', 'More News', '<p>Here is another news entry </p>', NULL, NULL, NULL, NULL, NULL, NULL, NULL, NULL, NULL, '0', NULL, NULL, NULL, NULL, NULL, NULL, '0', NULL, NULL, NULL, NULL, NULL, NULL, '2017-05-02 13:50:46', '2017-05-02 13:50:46', '11622206-20c2-4376-a033-480d77a576dd'),
 ('38', '38', 'en_us', 'Trhs Image', NULL, NULL, NULL, NULL, NULL, NULL, NULL, NULL, NULL, NULL, '0', NULL, NULL, NULL, NULL, NULL, NULL, '0', NULL, NULL, NULL, NULL, NULL, NULL, '2017-05-02 14:52:59', '2017-05-02 14:52:59', '7e93d1d9-99e2-4605-a06b-3d303b1f87c7'),
 ('39', '45', 'en_us', 'Cosmetology I', '<p>Lorem ipsum dolor sit amet, consectetuer adipiscing elit. Aenean commodo ligula eget dolor. Aenean massa. Cum sociis natoque penatibus et magnis dis parturient montes, nascetur ridiculus mus.</p>', NULL, NULL, NULL, NULL, NULL, NULL, NULL, NULL, NULL, '0', '', NULL, NULL, NULL, NULL, NULL, '0', NULL, NULL, NULL, NULL, NULL, NULL, '2017-05-04 15:16:47', '2017-05-05 13:23:30', 'dc216419-b6e8-456b-ba56-b39334833d75'),
 ('42', '48', 'en_us', 'Teacher', NULL, NULL, NULL, NULL, NULL, NULL, NULL, NULL, NULL, NULL, '0', NULL, NULL, NULL, NULL, NULL, NULL, '0', NULL, NULL, NULL, NULL, NULL, NULL, '2017-05-05 13:36:08', '2017-05-05 13:36:08', '921e5315-09c7-437e-81be-5bfd33a9924e'),
 ('43', '49', 'en_us', 'Administration', NULL, NULL, NULL, NULL, NULL, NULL, NULL, NULL, NULL, NULL, '0', NULL, NULL, NULL, NULL, NULL, NULL, '0', NULL, NULL, NULL, NULL, NULL, NULL, '2017-05-05 13:36:14', '2017-05-05 13:36:14', '6685e79c-96a8-41d1-ac9c-a083f41d86ae'),
 ('44', '50', 'en_us', 'Jon Doe', '<p>Lorem ipsum dolor sit amet, consectetuer adipiscing elit. Aenean commodo ligula eget dolor. Aenean massa. Cum sociis natoque penatibus et magnis dis parturient montes, nascetur ridiculus mus.</p>', NULL, NULL, NULL, '', NULL, NULL, NULL, NULL, NULL, '0', NULL, NULL, NULL, NULL, '', NULL, '0', NULL, NULL, NULL, NULL, NULL, NULL, '2017-05-05 13:36:51', '2017-05-05 13:36:51', '1cc4031e-765b-4905-92ad-6b1c357634a4');



DROP TABLE IF EXISTS `craft_deprecationerrors`;


--
-- Schema for table `craft_deprecationerrors`
--
CREATE TABLE `craft_deprecationerrors` (
  `id` int(11) NOT NULL AUTO_INCREMENT,
  `key` varchar(255) COLLATE utf8_unicode_ci NOT NULL,
  `fingerprint` varchar(255) COLLATE utf8_unicode_ci NOT NULL,
  `lastOccurrence` datetime NOT NULL,
  `file` varchar(255) COLLATE utf8_unicode_ci NOT NULL,
  `line` smallint(6) unsigned NOT NULL,
  `class` varchar(255) COLLATE utf8_unicode_ci DEFAULT NULL,
  `method` varchar(255) COLLATE utf8_unicode_ci DEFAULT NULL,
  `template` varchar(255) COLLATE utf8_unicode_ci DEFAULT NULL,
  `templateLine` smallint(6) unsigned DEFAULT NULL,
  `message` varchar(255) COLLATE utf8_unicode_ci DEFAULT NULL,
  `traces` text COLLATE utf8_unicode_ci,
  `dateCreated` datetime NOT NULL,
  `dateUpdated` datetime NOT NULL,
  `uid` char(36) COLLATE utf8_unicode_ci NOT NULL DEFAULT '0',
  PRIMARY KEY (`id`),
  UNIQUE KEY `craft_deprecationerrors_key_fingerprint_unq_idx` (`key`,`fingerprint`)
) ENGINE=InnoDB DEFAULT CHARSET=utf8 COLLATE=utf8_unicode_ci;

DROP TABLE IF EXISTS `craft_elementindexsettings`;


--
-- Schema for table `craft_elementindexsettings`
--
CREATE TABLE `craft_elementindexsettings` (
  `id` int(11) NOT NULL AUTO_INCREMENT,
  `type` varchar(150) COLLATE utf8_unicode_ci NOT NULL,
  `settings` text COLLATE utf8_unicode_ci,
  `dateCreated` datetime NOT NULL,
  `dateUpdated` datetime NOT NULL,
  `uid` char(36) COLLATE utf8_unicode_ci NOT NULL DEFAULT '0',
  PRIMARY KEY (`id`),
  UNIQUE KEY `craft_elementindexsettings_type_unq_idx` (`type`)
) ENGINE=InnoDB AUTO_INCREMENT=2 DEFAULT CHARSET=utf8 COLLATE=utf8_unicode_ci;

--
-- Data for table `craft_elementindexsettings`
--

INSERT INTO `craft_elementindexsettings` (`id`, `type`, `settings`, `dateCreated`, `dateUpdated`, `uid`) VALUES
 ('1', 'Entry', '{\"sources\":{\"section:4\":{\"tableAttributes\":{\"1\":\"postDate\",\"2\":\"link\",\"3\":\"field:38\"}},\"section:3\":{\"tableAttributes\":{\"1\":\"postDate\",\"2\":\"link\",\"3\":\"field:38\"}},\"section:7\":{\"tableAttributes\":{\"1\":\"postDate\",\"2\":\"expiryDate\",\"3\":\"link\",\"4\":\"field:56\"}}}}', '2017-04-20 15:01:35', '2017-05-05 13:37:10', 'f15540d8-56fe-49e5-b4b8-a89aae9d2b21');



DROP TABLE IF EXISTS `craft_elements`;


--
-- Schema for table `craft_elements`
--
CREATE TABLE `craft_elements` (
  `id` int(11) NOT NULL AUTO_INCREMENT,
  `type` varchar(150) COLLATE utf8_unicode_ci NOT NULL,
  `enabled` tinyint(1) unsigned NOT NULL DEFAULT '1',
  `archived` tinyint(1) unsigned NOT NULL DEFAULT '0',
  `dateCreated` datetime NOT NULL,
  `dateUpdated` datetime NOT NULL,
  `uid` char(36) COLLATE utf8_unicode_ci NOT NULL DEFAULT '0',
  PRIMARY KEY (`id`),
  KEY `craft_elements_type_idx` (`type`),
  KEY `craft_elements_enabled_idx` (`enabled`),
  KEY `craft_elements_archived_dateCreated_idx` (`archived`,`dateCreated`)
) ENGINE=InnoDB AUTO_INCREMENT=51 DEFAULT CHARSET=utf8 COLLATE=utf8_unicode_ci;

--
-- Data for table `craft_elements`
--

INSERT INTO `craft_elements` (`id`, `type`, `enabled`, `archived`, `dateCreated`, `dateUpdated`, `uid`) VALUES
 ('1', 'User', '1', '0', '2017-04-18 15:33:01', '2017-04-18 15:33:01', 'fddb6975-fe28-4e3e-98fa-9128d3b688cd'),
 ('2', 'Entry', '1', '0', '2017-04-18 15:33:03', '2017-05-02 13:38:54', '07ab81b0-4d6c-4d61-b6ef-5bee4e10d3e5'),
 ('3', 'Entry', '1', '0', '2017-04-18 15:33:03', '2017-04-18 15:33:03', 'cff5e0dc-37d7-4b5f-a5af-34500fe88eae'),
 ('4', 'Entry', '1', '0', '2017-04-20 13:30:32', '2017-05-02 14:13:50', '2f0fda3f-8bef-4ee2-bdac-65ef5c095ddb'),
 ('5', 'Entry', '1', '0', '2017-04-20 13:30:45', '2017-04-20 14:08:05', 'ab338250-ecb2-4fac-9e0d-f6929361cb8b'),
 ('6', 'Entry', '1', '0', '2017-04-20 13:31:02', '2017-04-20 14:08:29', '2b9c5cdc-39c2-4319-a92c-eac90ba69c14'),
 ('7', 'GlobalSet', '1', '0', '2017-04-20 13:46:52', '2017-05-02 14:59:01', '32dc8eca-8035-4dea-99c0-69d46854e02b'),
 ('8', 'GlobalSet', '1', '0', '2017-04-20 13:46:56', '2017-05-02 14:30:07', '85a3a7e5-5b4b-4bef-8f18-b13a0b3971bb'),
 ('9', 'Entry', '1', '0', '2017-04-20 14:32:28', '2017-05-04 14:57:23', '3a26e087-07a9-47e1-99a0-6d974d438125'),
 ('10', 'Category', '1', '0', '2017-04-20 14:55:24', '2017-04-20 14:55:24', 'f10d89aa-4029-4ab6-be65-bc75a7967123'),
 ('11', 'Category', '1', '0', '2017-04-20 14:55:30', '2017-04-20 14:55:30', 'b79b3bd5-a48e-43f5-89ae-88d51dbd57c6'),
 ('12', 'Category', '1', '0', '2017-04-20 14:55:37', '2017-04-20 14:55:37', 'af4c5dc8-4377-4b0c-b247-91b92cc20e23'),
 ('13', 'Category', '1', '0', '2017-04-20 14:55:42', '2017-04-20 14:55:42', '0a2e8395-76b2-46f8-82a7-0399e55bd81f'),
 ('14', 'Category', '1', '0', '2017-04-20 14:55:48', '2017-04-20 14:55:48', 'f7263aa0-4bae-42f7-b488-1eba03e382e1'),
 ('26', 'Entry', '1', '0', '2017-04-20 16:20:46', '2017-05-04 15:34:37', '78a83be9-8412-480b-b4d1-d9b84acefc92'),
 ('27', 'Entry', '1', '0', '2017-04-20 16:21:39', '2017-04-20 16:21:39', 'f806684d-6881-423f-8f1d-509511a65c98'),
 ('28', 'Entry', '1', '0', '2017-04-20 16:22:17', '2017-04-20 16:22:17', 'adb93c91-3e33-4954-b513-c269bf4c351a'),
 ('29', 'Entry', '1', '0', '2017-04-20 16:22:51', '2017-04-20 16:22:51', '0a1515b2-21f9-4a1a-987e-86eb2ec46773'),
 ('30', 'Entry', '1', '0', '2017-04-20 16:24:17', '2017-04-20 16:24:17', 'cca91406-86c7-47e7-84e9-f1cb1f95f052'),
 ('31', 'Entry', '1', '0', '2017-04-20 16:24:45', '2017-04-20 16:24:45', '5897ee09-0677-42c5-a139-346ae86b15e8'),
 ('32', 'Entry', '1', '0', '2017-04-20 16:25:09', '2017-04-20 16:25:09', '2103ae6e-9dc7-40fb-91a1-893b0179eb18'),
 ('33', 'Entry', '1', '0', '2017-04-20 16:25:32', '2017-04-20 16:25:32', '032ae816-88c1-413d-9c30-68d93d364da0'),
 ('34', 'Entry', '1', '0', '2017-04-20 16:26:07', '2017-04-20 16:26:07', 'fe0e4c19-da62-4f54-a6ea-0011859b7c8f'),
 ('35', 'Entry', '1', '0', '2017-04-27 14:59:34', '2017-04-27 14:59:52', '72ec36c8-a205-4fc3-8f5d-94820cd8fa01'),
 ('36', 'Asset', '1', '0', '2017-05-02 13:37:27', '2017-05-02 13:37:27', '88106698-c6d9-4d67-b329-347aeba08357'),
 ('37', 'Entry', '1', '0', '2017-05-02 13:50:46', '2017-05-02 13:50:46', 'a5b48b18-e535-4934-b220-a1c573def176'),
 ('38', 'Asset', '1', '0', '2017-05-02 14:52:59', '2017-05-02 14:52:59', '8d05e25c-80ca-4969-b5a2-5139a472c28b'),
 ('41', 'MatrixBlock', '1', '0', '2017-05-02 15:33:52', '2017-05-04 15:34:37', 'fdc73c67-28df-4c9f-aac4-ddf56d942968'),
 ('42', 'MatrixBlock', '1', '0', '2017-05-02 15:58:01', '2017-05-04 15:34:37', '16213b37-3eb4-44cf-bac4-ac6ff08d16ed'),
 ('43', 'MatrixBlock', '1', '0', '2017-05-04 14:25:04', '2017-05-04 14:57:23', 'b9684796-13a3-4993-81ee-00878b3bada6'),
 ('44', 'MatrixBlock', '1', '0', '2017-05-04 14:25:04', '2017-05-04 14:57:23', '3d959fc0-c212-434d-942c-abce7763aa9b'),
 ('45', 'Entry', '1', '0', '2017-05-04 15:16:47', '2017-05-05 13:23:30', 'd41b4acb-b75a-4507-a0c6-f8702191277d'),
 ('48', 'Category', '1', '0', '2017-05-05 13:36:08', '2017-05-05 13:36:08', 'adbd138d-6786-4a07-ad61-3e03c865d668'),
 ('49', 'Category', '1', '0', '2017-05-05 13:36:14', '2017-05-05 13:36:14', '39a18a5b-2445-48d7-8083-c5bba2378a2f'),
 ('50', 'Entry', '1', '0', '2017-05-05 13:36:51', '2017-05-05 13:36:51', '331dd769-3ca0-417a-a8ed-039ad188e116');



DROP TABLE IF EXISTS `craft_elements_i18n`;


--
-- Schema for table `craft_elements_i18n`
--
CREATE TABLE `craft_elements_i18n` (
  `id` int(11) NOT NULL AUTO_INCREMENT,
  `elementId` int(11) NOT NULL,
  `locale` char(12) COLLATE utf8_unicode_ci NOT NULL,
  `slug` varchar(255) COLLATE utf8_unicode_ci DEFAULT NULL,
  `uri` varchar(255) COLLATE utf8_unicode_ci DEFAULT NULL,
  `enabled` tinyint(1) unsigned NOT NULL DEFAULT '1',
  `dateCreated` datetime NOT NULL,
  `dateUpdated` datetime NOT NULL,
  `uid` char(36) COLLATE utf8_unicode_ci NOT NULL DEFAULT '0',
  PRIMARY KEY (`id`),
  UNIQUE KEY `craft_elements_i18n_elementId_locale_unq_idx` (`elementId`,`locale`),
  UNIQUE KEY `craft_elements_i18n_uri_locale_unq_idx` (`uri`,`locale`),
  KEY `craft_elements_i18n_slug_locale_idx` (`slug`,`locale`),
  KEY `craft_elements_i18n_enabled_idx` (`enabled`),
  KEY `craft_elements_i18n_locale_fk` (`locale`)
) ENGINE=InnoDB AUTO_INCREMENT=51 DEFAULT CHARSET=utf8 COLLATE=utf8_unicode_ci;

--
-- Data for table `craft_elements_i18n`
--

INSERT INTO `craft_elements_i18n` (`id`, `elementId`, `locale`, `slug`, `uri`, `enabled`, `dateCreated`, `dateUpdated`, `uid`) VALUES
 ('1', '1', 'en_us', '', NULL, '1', '2017-04-18 15:33:01', '2017-04-18 15:33:01', 'a5773b46-7e46-4269-b9e7-1c7265aaf976'),
 ('2', '2', 'en_us', 'homepage', '__home__', '1', '2017-04-18 15:33:03', '2017-05-02 13:38:54', 'edadb313-7912-4cfe-853a-0111ca79daae'),
 ('3', '3', 'en_us', 'we-just-installed-craft', 'news/2017/we-just-installed-craft', '1', '2017-04-18 15:33:03', '2017-04-18 15:33:03', '78cb4933-ca3e-4c36-a74e-ee4694292a5e'),
 ('4', '4', 'en_us', 'programs-landing-page', 'programs', '1', '2017-04-20 13:30:32', '2017-05-02 14:13:50', '5fe3ca00-70f9-4eeb-bca2-cf9779bcaa33'),
 ('5', '5', 'en_us', 'faculty-staff-landing-page', 'faculty', '1', '2017-04-20 13:30:45', '2017-04-20 14:08:05', 'b1eb32e5-c28b-4651-ab6d-a0b8d56791a5'),
 ('6', '6', 'en_us', 'news-calendars-landing-page', 'calendars', '1', '2017-04-20 13:31:02', '2017-04-20 14:08:29', '71bbc156-0491-448d-b87a-ddb04bf9798d'),
 ('7', '7', 'en_us', '', NULL, '1', '2017-04-20 13:46:52', '2017-05-02 14:59:01', '93e73423-2f74-4dea-8fef-2ea9cfac8e00'),
 ('8', '8', 'en_us', '', NULL, '1', '2017-04-20 13:46:56', '2017-05-02 14:30:07', 'd786005e-b0f5-4b4b-819f-8f23ad3b501e'),
 ('9', '9', 'en_us', 'admissions', 'admissions', '1', '2017-04-20 14:32:28', '2017-05-04 14:57:23', 'b15e520e-43fd-43bf-a6a3-36c2f704d3de'),
 ('10', '10', 'en_us', 'cosmetology', 'pathways/cosmetology', '1', '2017-04-20 14:55:24', '2017-04-20 14:55:25', '2e9cae21-2dee-482a-8e4b-6f6fe5f16359'),
 ('11', '11', 'en_us', 'teaching', 'pathways/teaching', '1', '2017-04-20 14:55:30', '2017-04-20 14:55:31', '8060c047-0432-4258-9d71-c1e8cc58c1f4'),
 ('12', '12', 'en_us', 'environmental-education', 'pathways/environmental-education', '1', '2017-04-20 14:55:37', '2017-04-20 14:55:38', 'af2eca57-ba9a-4e65-8cab-3a5d7827190b'),
 ('13', '13', 'en_us', 'healthcare', 'pathways/healthcare', '1', '2017-04-20 14:55:42', '2017-04-20 14:55:43', 'a0f4a1a8-47cf-41e7-9976-73c6b879fce8'),
 ('14', '14', 'en_us', 'management', 'pathways/management', '1', '2017-04-20 14:55:48', '2017-04-20 14:55:49', '0456c6f6-963d-4c99-9402-23e108d1fcaf'),
 ('26', '26', 'en_us', 'cosmetology', 'programs/cosmetology', '1', '2017-04-20 16:20:46', '2017-05-04 15:34:37', '3426a123-8f27-4645-b26e-06bf0e7ce3d5'),
 ('27', '27', 'en_us', 'construction-technologies', 'programs/construction-technologies', '1', '2017-04-20 16:21:39', '2017-04-20 16:21:39', 'b678494b-1248-436d-92bf-84af87538c44'),
 ('28', '28', 'en_us', 'forest-and-landscape-management', 'programs/forest-and-landscape-management', '1', '2017-04-20 16:22:17', '2017-04-20 16:22:17', 'a8a27768-0632-4199-ade1-27349560da6e'),
 ('29', '29', 'en_us', 'athletic-healthcare-and-fitness', 'programs/athletic-healthcare-and-fitness', '1', '2017-04-20 16:22:51', '2017-04-20 16:22:51', '34d70ed6-1670-4406-92a5-481bd2b0924f'),
 ('30', '30', 'en_us', 'health-career-technologies', 'programs/health-career-technologies', '1', '2017-04-20 16:24:17', '2017-04-20 16:24:17', 'ebdeac90-ae94-44be-958f-0177d4539465'),
 ('31', '31', 'en_us', 'business-and-sports-management', 'programs/business-and-sports-management', '1', '2017-04-20 16:24:45', '2017-04-20 16:24:45', 'e7244e83-96af-4f8e-b297-eecc200971ca'),
 ('32', '32', 'en_us', 'marketing-management', 'programs/marketing-management', '1', '2017-04-20 16:25:09', '2017-04-20 16:25:09', '000d8101-1796-444d-9d7e-c6f8120a07cb'),
 ('33', '33', 'en_us', 'cte-english', 'programs/cte-english', '1', '2017-04-20 16:25:32', '2017-04-20 16:25:32', '28d5371f-f193-43fa-b5e2-bb20c3400229'),
 ('34', '34', 'en_us', 'family-and-consumer-science', 'programs/family-and-consumer-science', '1', '2017-04-20 16:26:07', '2017-04-20 16:26:07', 'a32fef7b-a888-4716-802f-96bbb616833d'),
 ('35', '35', 'en_us', 'form', 'forms', '1', '2017-04-27 14:59:34', '2017-04-27 14:59:52', '36fad0b3-2b1b-442d-bf30-1386d071b1f0'),
 ('36', '36', 'en_us', 'idea-base-logo-horizontal-color', NULL, '1', '2017-05-02 13:37:27', '2017-05-02 13:37:27', '0af7ba1c-e936-4bdc-a633-b9ce2d8cce63'),
 ('37', '37', 'en_us', 'more-news', 'news/2017/more-news', '1', '2017-05-02 13:50:46', '2017-05-02 13:50:46', '43f3e8dc-4808-47c0-b31c-736e173d8062'),
 ('38', '38', 'en_us', 'trhs-image', NULL, '1', '2017-05-02 14:52:59', '2017-05-02 14:52:59', 'e7f09c59-5693-40f8-a95c-78e42e4c28b8'),
 ('41', '41', 'en_us', '', NULL, '1', '2017-05-02 15:33:52', '2017-05-04 15:34:37', 'a5e852af-17d8-4b75-999d-49457613d024'),
 ('42', '42', 'en_us', '', NULL, '1', '2017-05-02 15:58:01', '2017-05-04 15:34:37', 'd6621e0d-d1e6-4ddf-aff5-f7f7d2c6fed4'),
 ('43', '43', 'en_us', '', NULL, '1', '2017-05-04 14:25:04', '2017-05-04 14:57:23', 'b7c04d53-86df-4ba9-bc71-7061551313a1'),
 ('44', '44', 'en_us', '', NULL, '1', '2017-05-04 14:25:04', '2017-05-04 14:57:23', 'a152caf2-e70a-41f6-954a-61ad5f5e7991'),
 ('45', '45', 'en_us', 'cosmetology-i', 'classes/cosmetology-i', '1', '2017-05-04 15:16:47', '2017-05-05 13:23:30', '6c366d6b-cdb5-4985-9401-30936169fb3c'),
 ('48', '48', 'en_us', 'teacher', 'faculty-type/teacher', '1', '2017-05-05 13:36:08', '2017-05-05 13:36:09', '3bda919d-5fe8-4e36-bfcb-1f2b209e8152'),
 ('49', '49', 'en_us', 'administration', 'faculty-type/administration', '1', '2017-05-05 13:36:14', '2017-05-05 13:36:15', 'b8270310-c4fa-49cf-a42b-737d81a60139'),
 ('50', '50', 'en_us', 'jon-doe', 'faculty-staff/jon-doe', '1', '2017-05-05 13:36:51', '2017-05-05 13:36:51', 'd6ffb0da-3e84-46b1-bd0d-21ef9642dffb');



DROP TABLE IF EXISTS `craft_emailmessages`;


--
-- Schema for table `craft_emailmessages`
--
CREATE TABLE `craft_emailmessages` (
  `id` int(11) NOT NULL AUTO_INCREMENT,
  `key` char(150) COLLATE utf8_unicode_ci NOT NULL,
  `locale` char(12) COLLATE utf8_unicode_ci NOT NULL,
  `subject` varchar(1000) COLLATE utf8_unicode_ci NOT NULL,
  `body` text COLLATE utf8_unicode_ci NOT NULL,
  `dateCreated` datetime NOT NULL,
  `dateUpdated` datetime NOT NULL,
  `uid` char(36) COLLATE utf8_unicode_ci NOT NULL DEFAULT '0',
  PRIMARY KEY (`id`),
  UNIQUE KEY `craft_emailmessages_key_locale_unq_idx` (`key`,`locale`),
  KEY `craft_emailmessages_locale_fk` (`locale`)
) ENGINE=InnoDB DEFAULT CHARSET=utf8 COLLATE=utf8_unicode_ci;

DROP TABLE IF EXISTS `craft_entries`;


--
-- Schema for table `craft_entries`
--
CREATE TABLE `craft_entries` (
  `id` int(11) NOT NULL,
  `sectionId` int(11) NOT NULL,
  `typeId` int(11) DEFAULT NULL,
  `authorId` int(11) DEFAULT NULL,
  `postDate` datetime DEFAULT NULL,
  `expiryDate` datetime DEFAULT NULL,
  `dateCreated` datetime NOT NULL,
  `dateUpdated` datetime NOT NULL,
  `uid` char(36) COLLATE utf8_unicode_ci NOT NULL DEFAULT '0',
  PRIMARY KEY (`id`),
  KEY `craft_entries_sectionId_idx` (`sectionId`),
  KEY `craft_entries_typeId_idx` (`typeId`),
  KEY `craft_entries_postDate_idx` (`postDate`),
  KEY `craft_entries_expiryDate_idx` (`expiryDate`),
  KEY `craft_entries_authorId_fk` (`authorId`)
) ENGINE=InnoDB DEFAULT CHARSET=utf8 COLLATE=utf8_unicode_ci;

--
-- Data for table `craft_entries`
--

INSERT INTO `craft_entries` (`id`, `sectionId`, `typeId`, `authorId`, `postDate`, `expiryDate`, `dateCreated`, `dateUpdated`, `uid`) VALUES
 ('2', '1', NULL, NULL, '2017-04-18 15:33:03', NULL, '2017-04-18 15:33:03', '2017-05-02 13:38:54', '8e0d28c4-5ce9-4166-9ec7-722b86c020b3'),
 ('3', '2', '2', '1', '2017-04-18 15:33:03', NULL, '2017-04-18 15:33:03', '2017-04-18 15:33:03', '389ca01d-3487-4b55-be76-74038990a0ac'),
 ('4', '10', '10', NULL, '2017-04-20 14:09:01', NULL, '2017-04-20 13:30:32', '2017-05-02 14:13:50', 'e00a5d7a-4762-4772-9f03-1b3cad9fc3da'),
 ('5', '11', '11', NULL, '2017-04-20 14:08:04', NULL, '2017-04-20 13:30:45', '2017-04-20 14:08:04', '22c0da8c-897f-467f-a50a-bb4ecde9d6b8'),
 ('6', '12', '12', NULL, '2017-04-20 14:08:28', NULL, '2017-04-20 13:31:02', '2017-04-20 14:08:28', '1b7d864e-5c6f-42c9-9001-30c618c57b69'),
 ('9', '13', '13', NULL, '2017-04-20 14:38:02', NULL, '2017-04-20 14:32:28', '2017-05-04 14:57:23', 'b283b166-e43d-4b1b-9441-b3ec8924b227'),
 ('26', '3', '3', '1', '2017-04-20 16:20:00', NULL, '2017-04-20 16:20:47', '2017-05-04 15:34:37', '85db052f-c793-4fbc-a174-e990239fc1e9'),
 ('27', '3', '3', '1', '2017-04-20 16:21:39', NULL, '2017-04-20 16:21:39', '2017-04-20 16:21:39', '29c8b046-d46c-4d36-a54a-cfcb5b95e460'),
 ('28', '3', '3', '1', '2017-04-20 16:22:17', NULL, '2017-04-20 16:22:17', '2017-04-20 16:22:17', '927fb877-38ba-4d45-8c16-4c60086fcbb9'),
 ('29', '3', '3', '1', '2017-04-20 16:22:51', NULL, '2017-04-20 16:22:51', '2017-04-20 16:22:51', 'abc47ca3-77d1-49ce-bcc7-a2d1e5ea2e9f'),
 ('30', '3', '3', '1', '2017-04-20 16:24:17', NULL, '2017-04-20 16:24:17', '2017-04-20 16:24:17', '67a0adc9-6a0e-42da-a895-834977faa84e'),
 ('31', '3', '3', '1', '2017-04-20 16:24:45', NULL, '2017-04-20 16:24:45', '2017-04-20 16:24:45', '4d9add1e-a74b-4589-8d3f-f2fd8a9f9a21'),
 ('32', '3', '3', '1', '2017-04-20 16:25:09', NULL, '2017-04-20 16:25:09', '2017-04-20 16:25:09', '36678987-e694-47cf-ab09-4b153c42d1e7'),
 ('33', '3', '3', '1', '2017-04-20 16:25:32', NULL, '2017-04-20 16:25:32', '2017-04-20 16:25:32', '0cee48f7-cc0a-41df-929c-f94a4edf76fd'),
 ('34', '3', '3', '1', '2017-04-20 16:26:07', NULL, '2017-04-20 16:26:07', '2017-04-20 16:26:07', 'abc47665-5f3e-470b-ace2-63c3b967dfa8'),
 ('35', '14', '14', NULL, '2017-04-27 14:59:51', NULL, '2017-04-27 14:59:34', '2017-04-27 14:59:51', '26c585c8-dc4e-49e6-a34a-48a5b71c7eeb'),
 ('37', '2', '2', '1', '2017-05-02 13:50:46', NULL, '2017-05-02 13:50:46', '2017-05-02 13:50:46', '1a871fec-0118-4ba2-9770-3cb09e4623f8'),
 ('45', '4', '4', '1', '2017-05-04 15:16:00', NULL, '2017-05-04 15:16:47', '2017-05-05 13:23:30', 'f5d4b357-74a0-4d56-960c-1d5a0694eb08'),
 ('50', '7', '7', '1', '2017-05-05 13:36:51', NULL, '2017-05-05 13:36:51', '2017-05-05 13:36:51', 'f047a3aa-fd2e-472f-a265-ed0972fd06fd');



DROP TABLE IF EXISTS `craft_entrydrafts`;


--
-- Schema for table `craft_entrydrafts`
--
CREATE TABLE `craft_entrydrafts` (
  `id` int(11) NOT NULL AUTO_INCREMENT,
  `entryId` int(11) NOT NULL,
  `sectionId` int(11) NOT NULL,
  `creatorId` int(11) NOT NULL,
  `locale` char(12) COLLATE utf8_unicode_ci NOT NULL,
  `name` varchar(255) COLLATE utf8_unicode_ci NOT NULL,
  `notes` tinytext COLLATE utf8_unicode_ci,
  `data` mediumtext COLLATE utf8_unicode_ci NOT NULL,
  `dateCreated` datetime NOT NULL,
  `dateUpdated` datetime NOT NULL,
  `uid` char(36) COLLATE utf8_unicode_ci NOT NULL DEFAULT '0',
  PRIMARY KEY (`id`),
  KEY `craft_entrydrafts_entryId_locale_idx` (`entryId`,`locale`),
  KEY `craft_entrydrafts_sectionId_fk` (`sectionId`),
  KEY `craft_entrydrafts_creatorId_fk` (`creatorId`),
  KEY `craft_entrydrafts_locale_fk` (`locale`)
) ENGINE=InnoDB DEFAULT CHARSET=utf8 COLLATE=utf8_unicode_ci;

DROP TABLE IF EXISTS `craft_entrytypes`;


--
-- Schema for table `craft_entrytypes`
--
CREATE TABLE `craft_entrytypes` (
  `id` int(11) NOT NULL AUTO_INCREMENT,
  `sectionId` int(11) NOT NULL,
  `fieldLayoutId` int(11) DEFAULT NULL,
  `name` varchar(255) COLLATE utf8_unicode_ci NOT NULL,
  `handle` varchar(255) COLLATE utf8_unicode_ci NOT NULL,
  `hasTitleField` tinyint(1) unsigned NOT NULL DEFAULT '1',
  `titleLabel` varchar(255) COLLATE utf8_unicode_ci DEFAULT 'Title',
  `titleFormat` varchar(255) COLLATE utf8_unicode_ci DEFAULT NULL,
  `sortOrder` smallint(6) unsigned DEFAULT NULL,
  `dateCreated` datetime NOT NULL,
  `dateUpdated` datetime NOT NULL,
  `uid` char(36) COLLATE utf8_unicode_ci NOT NULL DEFAULT '0',
  PRIMARY KEY (`id`),
  UNIQUE KEY `craft_entrytypes_name_sectionId_unq_idx` (`name`,`sectionId`),
  UNIQUE KEY `craft_entrytypes_handle_sectionId_unq_idx` (`handle`,`sectionId`),
  KEY `craft_entrytypes_sectionId_fk` (`sectionId`),
  KEY `craft_entrytypes_fieldLayoutId_fk` (`fieldLayoutId`)
) ENGINE=InnoDB AUTO_INCREMENT=15 DEFAULT CHARSET=utf8 COLLATE=utf8_unicode_ci;

--
-- Data for table `craft_entrytypes`
--

INSERT INTO `craft_entrytypes` (`id`, `sectionId`, `fieldLayoutId`, `name`, `handle`, `hasTitleField`, `titleLabel`, `titleFormat`, `sortOrder`, `dateCreated`, `dateUpdated`, `uid`) VALUES
 ('1', '1', '39', 'Homepage', 'homepage', '1', 'Title', NULL, '1', '2017-04-18 15:33:03', '2017-04-20 14:33:24', '352fa8f6-a04d-4645-a9ee-1b303fd2c9e3'),
 ('2', '2', '55', 'News', 'news', '1', 'Title', NULL, '1', '2017-04-18 15:33:03', '2017-05-02 14:24:15', '72099c15-3ea4-43d7-9d77-ecd0b426e208'),
 ('3', '3', '78', 'Programs', 'programs', '1', 'Title', NULL, '1', '2017-04-20 13:29:33', '2017-05-05 13:27:48', 'cee8d742-ed82-4ba6-b9af-e573e8e40f35'),
 ('4', '4', '79', 'Classes', 'classes', '1', 'Title', NULL, '1', '2017-04-20 13:29:43', '2017-05-05 13:28:09', 'f93db830-30ed-4f1b-84d5-1712f0a80a52'),
 ('5', '5', '52', 'Success Story', 'successStory', '1', 'Title', NULL, '1', '2017-04-20 13:29:54', '2017-05-02 14:21:01', 'd8152f74-7efe-4bb4-b6bd-e5de1a7b1298'),
 ('6', '6', '56', 'Projects', 'projects', '1', 'Title', NULL, '1', '2017-04-20 13:29:58', '2017-05-02 14:24:42', '92ab029f-aed9-4cc0-9c51-99fe46f319b5'),
 ('7', '7', '80', 'Faculty/Staff', 'facultyStaff', '1', 'Title', NULL, '1', '2017-04-20 13:30:04', '2017-05-05 13:36:34', '48159d04-1659-42fa-af9c-697e70e29874'),
 ('8', '8', '51', 'Events', 'events', '1', 'Title', NULL, '1', '2017-04-20 13:30:10', '2017-05-02 14:20:50', '7707cd2e-4412-4666-a19b-c70ba6d8686d'),
 ('10', '10', '49', 'Programs Landing Page', 'programsLandingPage', '1', 'Title', NULL, '1', '2017-04-20 13:30:32', '2017-05-02 14:13:29', '416a8f14-740d-44d0-b7ef-044804653f22'),
 ('11', '11', '36', 'Faculty/Staff Landing Page', 'facultyStaffLandingPage', '0', NULL, '{section.name|raw}', '1', '2017-04-20 13:30:45', '2017-04-20 14:01:43', 'bd1950dd-226e-4019-9dfb-3a4957005147'),
 ('12', '12', '37', 'News/Calendars Landing Page', 'newsCalendarsLandingPage', '1', 'Title', NULL, '1', '2017-04-20 13:31:02', '2017-04-20 14:02:02', 'f611df7b-13b3-425f-a780-4d7f2e7f7e8f'),
 ('13', '13', '75', 'Admissions', 'admissions', '1', '', NULL, '1', '2017-04-20 14:32:28', '2017-05-04 14:57:00', 'a5710171-5c92-45af-ba3a-236428850cb0'),
 ('14', '14', '48', 'Forms', 'form', '0', NULL, '{section.name|raw}', '1', '2017-04-27 14:59:34', '2017-04-27 14:59:51', '807e0fbf-7a6f-446a-8df6-f9a0b5a62e3a');



DROP TABLE IF EXISTS `craft_entryversions`;


--
-- Schema for table `craft_entryversions`
--
CREATE TABLE `craft_entryversions` (
  `id` int(11) NOT NULL AUTO_INCREMENT,
  `entryId` int(11) NOT NULL,
  `sectionId` int(11) NOT NULL,
  `creatorId` int(11) DEFAULT NULL,
  `locale` char(12) COLLATE utf8_unicode_ci NOT NULL,
  `num` smallint(6) unsigned NOT NULL,
  `notes` tinytext COLLATE utf8_unicode_ci,
  `data` mediumtext COLLATE utf8_unicode_ci NOT NULL,
  `dateCreated` datetime NOT NULL,
  `dateUpdated` datetime NOT NULL,
  `uid` char(36) COLLATE utf8_unicode_ci NOT NULL DEFAULT '0',
  PRIMARY KEY (`id`),
  KEY `craft_entryversions_entryId_locale_idx` (`entryId`,`locale`),
  KEY `craft_entryversions_sectionId_fk` (`sectionId`),
  KEY `craft_entryversions_creatorId_fk` (`creatorId`),
  KEY `craft_entryversions_locale_fk` (`locale`)
) ENGINE=InnoDB AUTO_INCREMENT=72 DEFAULT CHARSET=utf8 COLLATE=utf8_unicode_ci;

--
-- Data for table `craft_entryversions`
--

INSERT INTO `craft_entryversions` (`id`, `entryId`, `sectionId`, `creatorId`, `locale`, `num`, `notes`, `data`, `dateCreated`, `dateUpdated`, `uid`) VALUES
 ('1', '2', '1', '1', 'en_us', '1', NULL, '{\"typeId\":\"1\",\"authorId\":null,\"title\":\"Homepage\",\"slug\":\"homepage\",\"postDate\":1492529583,\"expiryDate\":null,\"enabled\":1,\"parentId\":null,\"fields\":[]}', '2017-04-18 15:33:03', '2017-04-18 15:33:03', '787040da-8f81-4bf0-b5d4-2bd4b6b63128'),
 ('2', '2', '1', '1', 'en_us', '2', NULL, '{\"typeId\":null,\"authorId\":null,\"title\":\"Welcome to Careertech.web!\",\"slug\":\"homepage\",\"postDate\":1492529583,\"expiryDate\":null,\"enabled\":\"1\",\"parentId\":null,\"fields\":{\"1\":\"<p>It\\u2019s true, this site doesn\\u2019t have a whole lot of content yet, but don\\u2019t worry. Our web developers have just installed the CMS, and they\\u2019re setting things up for the content editors this very moment. Soon Careertech.web will be an oasis of fresh perspectives, sharp analyses, and astute opinions that will keep you coming back again and again.<\\/p>\"}}', '2017-04-18 15:33:03', '2017-04-18 15:33:03', 'd3277286-0efe-4ed4-a82f-45a4ddaeba52'),
 ('3', '3', '2', '1', 'en_us', '1', NULL, '{\"typeId\":\"2\",\"authorId\":\"1\",\"title\":\"We just installed Craft!\",\"slug\":\"we-just-installed-craft\",\"postDate\":1492529583,\"expiryDate\":null,\"enabled\":1,\"parentId\":null,\"fields\":[]}', '2017-04-18 15:33:03', '2017-04-18 15:33:03', '912f632c-b2e1-4c2a-9db0-e93cbcda02d1'),
 ('4', '4', '10', '1', 'en_us', '1', NULL, '{\"typeId\":\"10\",\"authorId\":null,\"title\":\"Programs Landing Page\",\"slug\":\"programs-landing-page\",\"postDate\":1492695032,\"expiryDate\":null,\"enabled\":1,\"parentId\":null,\"fields\":[]}', '2017-04-20 13:30:32', '2017-04-20 13:30:32', '1b21adf6-852c-4219-9e83-d4011bcd09d4'),
 ('5', '5', '11', '1', 'en_us', '1', NULL, '{\"typeId\":\"11\",\"authorId\":null,\"title\":\"Faculty\\/Staff Landing Page\",\"slug\":\"faculty-staff-landing-page\",\"postDate\":1492695045,\"expiryDate\":null,\"enabled\":1,\"parentId\":null,\"fields\":[]}', '2017-04-20 13:30:45', '2017-04-20 13:30:45', 'b6f88a6a-ec6a-45ec-8dfa-3460536eb1ba'),
 ('6', '6', '12', '1', 'en_us', '1', NULL, '{\"typeId\":\"12\",\"authorId\":null,\"title\":\"News\\/Calendars Landing Page\",\"slug\":\"news-calendars-landing-page\",\"postDate\":1492695062,\"expiryDate\":null,\"enabled\":1,\"parentId\":null,\"fields\":[]}', '2017-04-20 13:31:02', '2017-04-20 13:31:02', '89528b85-9fff-4d27-85e2-accc2dfc204e'),
 ('7', '2', '1', '1', 'en_us', '3', '', '{\"typeId\":null,\"authorId\":null,\"title\":\"Home\",\"slug\":\"homepage\",\"postDate\":1492529583,\"expiryDate\":null,\"enabled\":1,\"parentId\":null,\"fields\":{\"22\":\"\",\"23\":\"\",\"24\":\"\",\"1\":\"<p>It\\u2019s true, this site doesn\\u2019t have a whole lot of content yet, but don\\u2019t worry. Our web developers have just installed the CMS, and they\\u2019re setting things up for the content editors this very moment. Soon Careertech.web will be an oasis of fresh perspectives, sharp analyses, and astute opinions that will keep you coming back again and again.<\\/p>\",\"31\":\"\",\"32\":\"\",\"33\":\"\",\"34\":\"\",\"35\":\"\",\"36\":\"\"}}', '2017-04-20 14:10:10', '2017-04-20 14:10:10', '707015e9-a4b7-4410-8c09-0b7cd77f1dcc'),
 ('8', '2', '1', '1', 'en_us', '4', '', '{\"typeId\":null,\"authorId\":null,\"title\":\"Home\",\"slug\":\"homepage\",\"postDate\":1492529583,\"expiryDate\":null,\"enabled\":1,\"parentId\":null,\"fields\":{\"22\":\"\",\"23\":\"Lorem ipsum dolor sit amet, consectetuer adipiscing elit. Aenean commodo ligula eget dolor. Aenean massa. Cum sociis natoque penatibus et magnis dis parturient montes, nascetur ridiculus mus.\",\"24\":\"Admissions\",\"1\":\"<p>It\\u2019s true, this site doesn\\u2019t have a whole lot of content yet, but don\\u2019t worry. Our web developers have just installed the CMS, and they\\u2019re setting things up for the content editors this very moment. Soon Careertech.web will be an oasis of fresh perspectives, sharp analyses, and astute opinions that will keep you coming back again and again.<\\/p>\",\"31\":\"1\",\"32\":\"News\",\"33\":\"Explore Pathways\",\"34\":[\"4\"],\"35\":\"\",\"36\":\"Welcome\"}}', '2017-04-20 14:11:54', '2017-04-20 14:11:54', '9e2314e7-19cc-496d-8d94-48b10f08b5ef'),
 ('9', '9', '13', '1', 'en_us', '1', NULL, '{\"typeId\":\"13\",\"authorId\":null,\"title\":\"Admissions\",\"slug\":\"admissions\",\"postDate\":1492698748,\"expiryDate\":null,\"enabled\":1,\"parentId\":null,\"fields\":[]}', '2017-04-20 14:32:28', '2017-04-20 14:32:28', '10955289-f314-4e80-8b02-1032d5edd82d'),
 ('10', '2', '1', '1', 'en_us', '5', '', '{\"typeId\":null,\"authorId\":null,\"title\":\"Home\",\"slug\":\"homepage\",\"postDate\":1492529583,\"expiryDate\":null,\"enabled\":1,\"parentId\":null,\"fields\":{\"37\":[\"9\"],\"22\":\"\",\"23\":\"Lorem ipsum dolor sit amet, consectetuer adipiscing elit. Aenean commodo ligula eget dolor. Aenean massa. Cum sociis natoque penatibus et magnis dis parturient montes, nascetur ridiculus mus.\",\"24\":\"Admissions\",\"1\":\"<p>It\\u2019s true, this site doesn\\u2019t have a whole lot of content yet, but don\\u2019t worry. Our web developers have just installed the CMS, and they\\u2019re setting things up for the content editors this very moment. Soon Careertech.web will be an oasis of fresh perspectives, sharp analyses, and astute opinions that will keep you coming back again and again.<\\/p>\",\"31\":\"1\",\"32\":\"News\",\"33\":\"Explore Pathways\",\"34\":[\"4\"],\"35\":\"\",\"36\":\"Welcome\"}}', '2017-04-20 14:33:36', '2017-04-20 14:33:36', 'b6a3dfbd-08be-418b-94af-4aecefb97682'),
 ('11', '2', '1', '1', 'en_us', '6', '', '{\"typeId\":null,\"authorId\":null,\"title\":\"Home\",\"slug\":\"homepage\",\"postDate\":1492529583,\"expiryDate\":null,\"enabled\":1,\"parentId\":null,\"fields\":{\"37\":[\"9\"],\"22\":\"\",\"23\":\"Lorem ipsum dolor sit amet, consectetuer adipiscing elit. Aenean commodo ligula eget dolor. Aenean massa. Cum sociis natoque penatibus et magnis dis parturient montes, nascetur ridiculus mus.\",\"24\":\"Admissions\",\"1\":\"<p>It\\u2019s true, this site doesn\\u2019t have a whole lot of content yet, but don\\u2019t worry. Our web developers have just installed the CMS, and they\\u2019re setting things up for the content editors this very moment. Soon Careertech.web will be an oasis of fresh perspectives, sharp analyses, and astute opinions that will keep you coming back again and again.<\\/p>\",\"31\":\"\",\"32\":\"News\",\"33\":\"Explore Pathways\",\"34\":[\"4\"],\"35\":\"\",\"36\":\"Welcome\"}}', '2017-04-20 14:37:12', '2017-04-20 14:37:12', '1df2c924-5b32-4294-96a4-14c02e567bfe'),
 ('12', '2', '1', '1', 'en_us', '7', '', '{\"typeId\":null,\"authorId\":null,\"title\":\"Home\",\"slug\":\"homepage\",\"postDate\":1492529583,\"expiryDate\":null,\"enabled\":1,\"parentId\":null,\"fields\":{\"37\":[\"9\"],\"22\":\"\",\"23\":\"Lorem ipsum dolor sit amet, consectetuer adipiscing elit. Aenean commodo ligula eget dolor. Aenean massa. Cum sociis natoque penatibus et magnis dis parturient montes, nascetur ridiculus mus.\",\"24\":\"Admissions\",\"1\":\"<p>It\\u2019s true, this site doesn\\u2019t have a whole lot of content yet, but don\\u2019t worry. Our web developers have just installed the CMS, and they\\u2019re setting things up for the content editors this very moment. Soon Careertech.web will be an oasis of fresh perspectives, sharp analyses, and astute opinions that will keep you coming back again and again.<\\/p>\",\"31\":\"1\",\"32\":\"News\",\"33\":\"Explore Pathways\",\"34\":[\"4\"],\"35\":\"\",\"36\":\"Welcome\"}}', '2017-04-20 14:38:57', '2017-04-20 14:38:57', '14646f7c-ca41-4b7c-8c49-f644f22d101e'),
 ('13', '2', '1', '1', 'en_us', '8', '', '{\"typeId\":null,\"authorId\":null,\"title\":\"Home\",\"slug\":\"homepage\",\"postDate\":1492529583,\"expiryDate\":null,\"enabled\":1,\"parentId\":null,\"fields\":{\"37\":[\"9\"],\"22\":\"\",\"23\":\"Lorem ipsum dolor sit amet, consectetuer adipiscing elit. Aenean commodo ligula eget dolor. Aenean massa. Cum sociis natoque penatibus et magnis dis parturient montes, nascetur ridiculus mus.\",\"24\":\"Admissions\",\"1\":\"<p>It\\u2019s true, this site doesn\\u2019t have a whole lot of content yet, but don\\u2019t worry. Our web developers have just installed the CMS, and they\\u2019re setting things up for the content editors this very moment. Soon Careertech.web will be an oasis of fresh perspectives, sharp analyses, and astute opinions that will keep you coming back again and again.<\\/p>\",\"31\":\"\",\"32\":\"News\",\"33\":\"Explore Pathways\",\"34\":[\"4\"],\"35\":\"\",\"36\":\"Welcome\"}}', '2017-04-20 14:41:58', '2017-04-20 14:41:58', '65d586a2-36c9-49f7-babc-77c3469f1f4f'),
 ('14', '2', '1', '1', 'en_us', '9', '', '{\"typeId\":null,\"authorId\":null,\"title\":\"Home\",\"slug\":\"homepage\",\"postDate\":1492529583,\"expiryDate\":null,\"enabled\":1,\"parentId\":null,\"fields\":{\"37\":[\"9\"],\"22\":\"\",\"23\":\"Lorem ipsum dolor sit amet, consectetuer adipiscing elit. Aenean commodo ligula eget dolor. Aenean massa. Cum sociis natoque penatibus et magnis dis parturient montes, nascetur ridiculus mus.\",\"24\":\"Admissions\",\"1\":\"<p>It\\u2019s true, this site doesn\\u2019t have a whole lot of content yet, but don\\u2019t worry. Our web developers have just installed the CMS, and they\\u2019re setting things up for the content editors this very moment. Soon Careertech.web will be an oasis of fresh perspectives, sharp analyses, and astute opinions that will keep you coming back again and again.<\\/p>\",\"31\":\"1\",\"32\":\"News\",\"33\":\"Explore Pathways\",\"34\":[\"4\"],\"35\":\"\",\"36\":\"Welcome\"}}', '2017-04-20 14:42:08', '2017-04-20 14:42:08', '81846b1e-5131-43e9-ad26-0b10fedded27'),
 ('15', '4', '10', '1', 'en_us', '2', '', '{\"typeId\":\"10\",\"authorId\":null,\"title\":\"Explore Programs\",\"slug\":\"programs-landing-page\",\"postDate\":1492697341,\"expiryDate\":null,\"enabled\":1,\"parentId\":null,\"fields\":{\"1\":\"<p>Lorem ipsum dolor sit amet, consectetuer adipiscing elit. Aenean commodo<br>ligula eget dolor. Aenean massa. Cum sociis natoque penatibus et<br>magnis dis parturient montes, nascetur ridiculus mus.<\\/p>\"}}', '2017-04-20 14:47:32', '2017-04-20 14:47:32', '1923a374-6eb7-439c-a18f-32fe42d5f701'),
 ('33', '26', '3', '1', 'en_us', '1', '', '{\"typeId\":null,\"authorId\":\"1\",\"title\":\"Cosmetology II\",\"slug\":\"cosmetology-ii\",\"postDate\":1492705246,\"expiryDate\":null,\"enabled\":1,\"parentId\":null,\"fields\":{\"22\":[\"9\"],\"16\":\"1\",\"1\":\"<p>Lorem ipsum dolor sit amet, consectetuer adipiscing elit. Aenean commodo ligula eget dolor. Aenean massa. Cum sociis natoque penatibus et magnis dis parturient montes, nascetur ridiculus mus.<\\/p>\",\"17\":\"\",\"11\":\"<p>Lorem ipsum dolor sit amet, consectetuer adipiscing elit. Aenean commodo ligula eget dolor. Aenean massa. Cum sociis natoque penatibus et magnis dis parturient montes, nascetur ridiculus mus.<\\/p>\",\"12\":\"10,11,12\",\"14\":\"2\",\"38\":[\"10\"],\"13\":\"Kent\"}}', '2017-04-20 16:20:47', '2017-04-20 16:20:47', '1754da38-d000-480b-bbf1-076ee6ae476c'),
 ('34', '27', '3', '1', 'en_us', '1', '', '{\"typeId\":null,\"authorId\":\"1\",\"title\":\"Construction Technologies\",\"slug\":\"construction-technologies\",\"postDate\":1492705299,\"expiryDate\":null,\"enabled\":1,\"parentId\":null,\"fields\":{\"22\":[\"9\"],\"16\":\"1\",\"1\":\"<p>Lorem ipsum dolor sit amet, consectetuer adipiscing elit. Aenean commodo ligula eget dolor. Aenean massa. Cum sociis natoque penatibus et magnis dis parturient montes, nascetur ridiculus mus.<\\/p>\",\"17\":\"\",\"11\":\"<p>Lorem ipsum dolor sit amet, consectetuer adipiscing elit. Aenean commodo ligula eget dolor. Aenean massa. Cum sociis natoque penatibus et magnis dis parturient montes, nascetur ridiculus mus.<\\/p>\",\"12\":\"10\",\"14\":\"2\",\"38\":[\"12\"],\"13\":\"Kent\"}}', '2017-04-20 16:21:39', '2017-04-20 16:21:39', '08105b17-5cc7-4084-97b5-1eddc9070342'),
 ('35', '28', '3', '1', 'en_us', '1', '', '{\"typeId\":null,\"authorId\":\"1\",\"title\":\"Forest and Landscape Management\",\"slug\":\"forest-and-landscape-management\",\"postDate\":1492705337,\"expiryDate\":null,\"enabled\":1,\"parentId\":null,\"fields\":{\"22\":[\"9\"],\"16\":\"1\",\"1\":\"<p>Lorem ipsum dolor sit amet, consectetuer adipiscing elit. Aenean commodo ligula eget dolor. Aenean massa. Cum sociis natoque penatibus et magnis dis parturient montes, nascetur ridiculus mus.<\\/p>\",\"17\":\"\",\"11\":\"<p>Lorem ipsum dolor sit amet, consectetuer adipiscing elit. Aenean commodo ligula eget dolor. Aenean massa. Cum sociis natoque penatibus et magnis dis parturient montes, nascetur ridiculus mus.<\\/p>\",\"12\":\"10\",\"14\":\"2\",\"38\":[\"12\"],\"13\":\"Kent\"}}', '2017-04-20 16:22:17', '2017-04-20 16:22:17', 'a608abca-ec69-4f2d-9039-3117f2755fa5'),
 ('36', '29', '3', '1', 'en_us', '1', '', '{\"typeId\":null,\"authorId\":\"1\",\"title\":\"Athletic Healthcare and Fitness\",\"slug\":\"athletic-healthcare-and-fitness\",\"postDate\":1492705371,\"expiryDate\":null,\"enabled\":1,\"parentId\":null,\"fields\":{\"22\":[\"9\"],\"16\":\"1\",\"1\":\"<p>Lorem ipsum dolor sit amet, consectetuer adipiscing elit. Aenean commodo ligula eget dolor. Aenean massa. Cum sociis natoque penatibus et magnis dis parturient montes, nascetur ridiculus mus.<\\/p>\",\"17\":\"\",\"11\":\"<p>Lorem ipsum dolor sit amet, consectetuer adipiscing elit. Aenean commodo ligula eget dolor. Aenean massa. Cum sociis natoque penatibus et magnis dis parturient montes, nascetur ridiculus mus.<\\/p>\",\"12\":\"10\",\"14\":\"2\",\"38\":[\"13\"],\"13\":\"Kent\"}}', '2017-04-20 16:22:51', '2017-04-20 16:22:51', '95e90b5f-a9c2-4f6c-af70-dff41683a9be'),
 ('37', '30', '3', '1', 'en_us', '1', '', '{\"typeId\":null,\"authorId\":\"1\",\"title\":\"Health Career Technologies\",\"slug\":\"health-career-technologies\",\"postDate\":1492705457,\"expiryDate\":null,\"enabled\":1,\"parentId\":null,\"fields\":{\"22\":[\"9\"],\"16\":\"1\",\"1\":\"<p>Lorem ipsum dolor sit amet, consectetuer adipiscing elit. Aenean commodo ligula eget dolor. Aenean massa. Cum sociis natoque penatibus et magnis dis parturient montes, nascetur ridiculus mus.<\\/p>\",\"17\":\"\",\"11\":\"<p>Lorem ipsum dolor sit amet, consectetuer adipiscing elit. Aenean commodo ligula eget dolor. Aenean massa. Cum sociis natoque penatibus et magnis dis parturient montes, nascetur ridiculus mus.<\\/p>\",\"12\":\"10\",\"14\":\"2\",\"38\":[\"13\"],\"13\":\"Kent\"}}', '2017-04-20 16:24:17', '2017-04-20 16:24:17', '2a7af85a-8611-4da1-8540-e7e30fc82f0b'),
 ('38', '31', '3', '1', 'en_us', '1', '', '{\"typeId\":null,\"authorId\":\"1\",\"title\":\"Business and Sports Management\",\"slug\":\"business-and-sports-management\",\"postDate\":1492705485,\"expiryDate\":null,\"enabled\":1,\"parentId\":null,\"fields\":{\"22\":[\"9\"],\"16\":\"1\",\"1\":\"<p>Lorem ipsum dolor sit amet, consectetuer adipiscing elit. Aenean commodo ligula eget dolor. Aenean massa. Cum sociis natoque penatibus et magnis dis parturient montes, nascetur ridiculus mus.<\\/p>\",\"17\":\"\",\"11\":\"<p>Lorem ipsum dolor sit amet, consectetuer adipiscing elit. Aenean commodo ligula eget dolor. Aenean massa. Cum sociis natoque penatibus et magnis dis parturient montes, nascetur ridiculus mus.<\\/p>\",\"12\":\"10\",\"14\":\"2\",\"38\":[\"14\"],\"13\":\"Kent\"}}', '2017-04-20 16:24:45', '2017-04-20 16:24:45', '8f583928-8965-46d2-8da0-0b2c89f454f1'),
 ('39', '32', '3', '1', 'en_us', '1', '', '{\"typeId\":null,\"authorId\":\"1\",\"title\":\"Marketing Management\",\"slug\":\"marketing-management\",\"postDate\":1492705509,\"expiryDate\":null,\"enabled\":1,\"parentId\":null,\"fields\":{\"22\":[\"9\"],\"16\":\"1\",\"1\":\"<p>Lorem ipsum dolor sit amet, consectetuer adipiscing elit. Aenean commodo ligula eget dolor. Aenean massa. Cum sociis natoque penatibus et magnis dis parturient montes, nascetur ridiculus mus.<\\/p>\",\"17\":\"\",\"11\":\"<p>Lorem ipsum dolor sit amet, consectetuer adipiscing elit. Aenean commodo ligula eget dolor. Aenean massa. Cum sociis natoque penatibus et magnis dis parturient montes, nascetur ridiculus mus.<\\/p>\",\"12\":\"10\",\"14\":\"2\",\"38\":[\"14\"],\"13\":\"Kent\"}}', '2017-04-20 16:25:09', '2017-04-20 16:25:09', '71de31d5-7821-408a-92ea-070195fe0e00'),
 ('40', '33', '3', '1', 'en_us', '1', '', '{\"typeId\":null,\"authorId\":\"1\",\"title\":\"CTE English\",\"slug\":\"cte-english\",\"postDate\":1492705532,\"expiryDate\":null,\"enabled\":1,\"parentId\":null,\"fields\":{\"22\":[\"9\"],\"16\":\"1\",\"1\":\"<p>Lorem ipsum dolor sit amet, consectetuer adipiscing elit. Aenean commodo ligula eget dolor. Aenean massa. Cum sociis natoque penatibus et magnis dis parturient montes, nascetur ridiculus mus.<\\/p>\",\"17\":\"\",\"11\":\"<p>Lorem ipsum dolor sit amet, consectetuer adipiscing elit. Aenean commodo ligula eget dolor. Aenean massa. Cum sociis natoque penatibus et magnis dis parturient montes, nascetur ridiculus mus.<\\/p>\",\"12\":\"10\",\"14\":\"3\",\"38\":[\"11\"],\"13\":\"Kent\"}}', '2017-04-20 16:25:32', '2017-04-20 16:25:32', 'fc90509e-bb69-4d99-9852-230d0fc06e94'),
 ('41', '34', '3', '1', 'en_us', '1', '', '{\"typeId\":null,\"authorId\":\"1\",\"title\":\"Family and Consumer Science\",\"slug\":\"family-and-consumer-science\",\"postDate\":1492705567,\"expiryDate\":null,\"enabled\":1,\"parentId\":null,\"fields\":{\"22\":[\"9\"],\"16\":\"1\",\"1\":\"<p>10Lorem ipsum dolor sit amet, consectetuer adipiscing elit. Aenean commodo ligula eget dolor. Aenean massa. Cum sociis natoque penatibus et magnis dis parturient montes, nascetur ridiculus mus.<\\/p>\",\"17\":\"\",\"11\":\"<p>Lorem ipsum dolor sit amet, consectetuer adipiscing elit. Aenean commodo ligula eget dolor. Aenean massa. Cum sociis natoque penatibus et magnis dis parturient montes, nascetur ridiculus mus.<\\/p>\",\"12\":\"10\",\"14\":\"3\",\"38\":[\"11\"],\"13\":\"Kent\"}}', '2017-04-20 16:26:07', '2017-04-20 16:26:07', 'e42f15be-d7e8-4902-b020-bb8186cbee04'),
 ('42', '35', '14', '1', 'en_us', '1', NULL, '{\"typeId\":\"14\",\"authorId\":null,\"title\":\"Form\",\"slug\":\"form\",\"postDate\":1493305174,\"expiryDate\":null,\"enabled\":1,\"parentId\":null,\"fields\":[]}', '2017-04-27 14:59:34', '2017-04-27 14:59:34', '5cc388d8-f7a6-4a7f-99aa-1cd68bbe3c6c'),
 ('43', '2', '1', '1', 'en_us', '10', '', '{\"typeId\":null,\"authorId\":null,\"title\":\"Home\",\"slug\":\"homepage\",\"postDate\":1492529583,\"expiryDate\":null,\"enabled\":1,\"parentId\":null,\"fields\":{\"37\":[\"9\"],\"22\":\"\",\"23\":\"Lorem ipsum dolor sit amet, consectetuer adipiscing elit. Aenean commodo ligula eget dolor. Aenean massa. Cum sociis natoque penatibus et magnis dis parturient montes, nascetur ridiculus mus.\",\"24\":\"Admissions\",\"1\":\"<p>It\\u2019s true, this site doesn\\u2019t have a whole lot of content yet, but don\\u2019t worry. Our web developers have just installed the CMS, and they\\u2019re setting things up for the content editors this very moment. Soon Careertech.web will be an oasis of fresh perspectives, sharp analyses, and astute opinions that will keep you coming back again and again.<\\/p>\",\"15\":[\"36\"],\"31\":\"1\",\"32\":\"News\",\"33\":\"Explore Pathways\",\"34\":[\"4\"],\"35\":\"\",\"36\":\"Welcome\"}}', '2017-05-02 13:37:32', '2017-05-02 13:37:32', '04b2b2d4-4e17-44a9-ac4a-d1b90d7aa7b5'),
 ('44', '2', '1', '1', 'en_us', '11', '', '{\"typeId\":null,\"authorId\":null,\"title\":\"Home\",\"slug\":\"homepage\",\"postDate\":1492529583,\"expiryDate\":null,\"enabled\":1,\"parentId\":null,\"fields\":{\"37\":[\"9\"],\"22\":\"\",\"23\":\"Lorem ipsum dolor sit amet, consectetuer adipiscing elit. Aenean commodo ligula eget dolor. Aenean massa. Cum sociis natoque penatibus et magnis dis parturient montes, nascetur ridiculus mus.\",\"24\":\"Admissions\",\"1\":\"<p>It\\u2019s true, this site doesn\\u2019t have a whole lot of content yet, but don\\u2019t worry. Our web developers have just installed the CMS, and they\\u2019re setting things up for the content editors this very moment. Soon Careertech.web will be an oasis of fresh perspectives, sharp analyses, and astute opinions that will keep you coming back again and again.<\\/p>\",\"15\":[\"36\"],\"31\":\"1\",\"32\":\"News\",\"33\":\"Explore Pathways\",\"34\":[\"4\"],\"35\":\"\",\"36\":\"Welcome\"}}', '2017-05-02 13:38:54', '2017-05-02 13:38:54', '1d02e6f3-8fb4-4761-8a49-4c8d67628cda'),
 ('45', '37', '2', '1', 'en_us', '1', '', '{\"typeId\":null,\"authorId\":\"1\",\"title\":\"More News\",\"slug\":\"more-news\",\"postDate\":1493733046,\"expiryDate\":null,\"enabled\":1,\"parentId\":null,\"fields\":{\"1\":\"<p>Here is another news entry&nbsp;<\\/p>\",\"2\":\"\"}}', '2017-05-02 13:50:46', '2017-05-02 13:50:46', 'fdfb8f2d-56d1-43f0-a48b-e230d010b6bc'),
 ('46', '4', '10', '1', 'en_us', '3', '', '{\"typeId\":\"10\",\"authorId\":null,\"title\":\"Explore Programs\",\"slug\":\"programs-landing-page\",\"postDate\":1492697341,\"expiryDate\":null,\"enabled\":1,\"parentId\":null,\"fields\":{\"1\":\"<p>Lorem ipsum dolor sit amet, consectetuer adipiscing elit. Aenean commodo<br>ligula eget dolor. Aenean massa. Cum sociis natoque penatibus et<br>magnis dis parturient montes, nascetur ridiculus mus.<\\/p>\"}}', '2017-05-02 14:13:10', '2017-05-02 14:13:10', '3f0fa617-7384-4a14-8de6-b62feccd9653'),
 ('47', '4', '10', '1', 'en_us', '4', '', '{\"typeId\":\"10\",\"authorId\":null,\"title\":\"Explore Programs\",\"slug\":\"programs-landing-page\",\"postDate\":1492697341,\"expiryDate\":null,\"enabled\":1,\"parentId\":null,\"fields\":{\"1\":\"<p>Lorem ipsum dolor sit amet, consectetuer adipiscing elit. Aenean commodo<br>ligula eget dolor. Aenean massa. Cum sociis natoque penatibus et<br>magnis dis parturient montes, nascetur ridiculus mus.<\\/p>\",\"15\":[\"36\"]}}', '2017-05-02 14:13:50', '2017-05-02 14:13:50', '0327c6f1-689e-4e10-a895-83708eeae7e0'),
 ('49', '26', '3', '1', 'en_us', '2', '', '{\"typeId\":\"3\",\"authorId\":\"1\",\"title\":\"Cosmetology II\",\"slug\":\"cosmetology-ii\",\"postDate\":1492705200,\"expiryDate\":null,\"enabled\":1,\"parentId\":null,\"fields\":{\"16\":\"1\",\"1\":\"<p>Lorem ipsum dolor sit amet, consectetuer adipiscing elit. Aenean commodo ligula eget dolor. Aenean massa. Cum sociis natoque penatibus et magnis dis parturient montes, nascetur ridiculus mus.<\\/p>\",\"17\":\"\",\"11\":\"<p>Lorem ipsum dolor sit amet, consectetuer adipiscing elit. Aenean commodo ligula eget dolor. Aenean massa. Cum sociis natoque penatibus et magnis dis parturient montes, nascetur ridiculus mus.<\\/p>\",\"15\":\"\",\"12\":\"10,11,12\",\"14\":\"2\",\"38\":[\"10\"],\"35\":{\"new1\":{\"type\":\"programOverview\",\"enabled\":\"1\",\"fields\":{\"heading\":\"General Working Conditions:\",\"text\":[{\"col1\":\"Working with people and equipment\"},{\"col1\":\"Standing for long periods \"},{\"col1\":\"Working with chemicals\"}]}}},\"13\":\"Kent\"}}', '2017-05-02 15:33:52', '2017-05-02 15:33:52', 'e9ebabe5-ec63-4fa6-bcaf-212e9aa9b53e'),
 ('50', '26', '3', '1', 'en_us', '3', '', '{\"typeId\":\"3\",\"authorId\":\"1\",\"title\":\"Cosmetology II\",\"slug\":\"cosmetology-ii\",\"postDate\":1492705200,\"expiryDate\":null,\"enabled\":1,\"parentId\":null,\"fields\":{\"16\":\"1\",\"1\":\"<p>Lorem ipsum dolor sit amet, consectetuer adipiscing elit. Aenean commodo ligula eget dolor. Aenean massa. Cum sociis natoque penatibus et magnis dis parturient montes, nascetur ridiculus mus.<\\/p>\",\"17\":\"\",\"11\":\"<p>Lorem ipsum dolor sit amet, consectetuer adipiscing elit. Aenean commodo ligula eget dolor. Aenean massa. Cum sociis natoque penatibus et magnis dis parturient montes, nascetur ridiculus mus.<\\/p>\",\"15\":\"\",\"12\":\"10,11,12\",\"14\":\"2\",\"38\":[\"10\"],\"35\":{\"41\":{\"type\":\"programOverview\",\"enabled\":\"1\",\"fields\":{\"heading\":\"General Working Conditions:\",\"text\":[{\"col1\":\"Working with people and equipment\"},{\"col1\":\"Standing for long periods \"},{\"col1\":\"Working with chemicals\"}]}}},\"13\":\"Kent\"}}', '2017-05-02 15:55:21', '2017-05-02 15:55:21', 'db0893ce-05ea-4b8e-ac21-fed3bf668f5c'),
 ('51', '26', '3', '1', 'en_us', '4', '', '{\"typeId\":\"3\",\"authorId\":\"1\",\"title\":\"Cosmetology II\",\"slug\":\"cosmetology-ii\",\"postDate\":1492705200,\"expiryDate\":null,\"enabled\":1,\"parentId\":null,\"fields\":{\"16\":\"1\",\"1\":\"<p>Lorem ipsum dolor sit amet, consectetuer adipiscing elit. Aenean commodo ligula eget dolor. Aenean massa. Cum sociis natoque penatibus et magnis dis parturient montes, nascetur ridiculus mus.<\\/p>\",\"17\":\"\",\"11\":\"<p>Lorem ipsum dolor sit amet, consectetuer adipiscing elit. Aenean commodo ligula eget dolor. Aenean massa. Cum sociis natoque penatibus et magnis dis parturient montes, nascetur ridiculus mus.<\\/p>\",\"15\":\"\",\"12\":\"10,11,12\",\"14\":\"2\",\"38\":[\"10\"],\"35\":{\"41\":{\"type\":\"programOverview\",\"enabled\":\"1\",\"fields\":{\"heading\":\"General Working Conditions:\",\"text\":[{\"col1\":\"Working with people and equipment\"},{\"col1\":\"Standing for long periods \"},{\"col1\":\"Working with chemicals\"}]}},\"new1\":{\"type\":\"programOverview\",\"enabled\":\"1\",\"fields\":{\"heading\":\"Areas of Concentration \",\"text\":[{\"col1\":\"Styling and Care of the hair using many tools and products\"},{\"col1\":\"shaping and cutting the hair\"},{\"col1\":\"permanently waving or relaxing the hair \"},{\"col1\":\"hair tinting and lightening\"}]}}},\"13\":\"Kent\"}}', '2017-05-02 15:58:01', '2017-05-02 15:58:01', 'e0c5996a-46fe-4ed8-8e9e-38016fe38bc8'),
 ('52', '9', '13', '1', 'en_us', '2', '', '{\"typeId\":\"13\",\"authorId\":null,\"title\":\"Admissions\",\"slug\":\"admissions\",\"postDate\":1492699082,\"expiryDate\":null,\"enabled\":1,\"parentId\":null,\"fields\":{\"16\":\"\",\"15\":\"\",\"47\":\"<p>Lorem ipsum dolor sit amet, consectetuer adipiscing elit. Aenean commodo ligula eget dolor. Aenean massa. Cum sociis natoque penatibus et magnis dis parturient montes, nascetur ridiculus mus.<\\/p>\",\"48\":\"<p>Lorem ipsum dolor sit amet, consectetuer adipiscing elit. Aenean commodo ligula eget dolor. Aenean massa. Cum sociis natoque penatibus et magnis dis parturient montes, nascetur ridiculus mus.<\\/p>\",\"49\":\"<p>Lorem ipsum dolor sit amet, consectetuer adipiscing elit. Aenean commodo ligula eget dolor. Aenean massa. Cum sociis natoque penatibus et magnis dis parturient montes, nascetur ridiculus mus.<\\/p>\"}}', '2017-05-02 16:03:00', '2017-05-02 16:03:00', 'f557d3b8-971a-4e47-b34c-3d01b7b09348'),
 ('53', '9', '13', '1', 'en_us', '3', '', '{\"typeId\":\"13\",\"authorId\":null,\"title\":\"Admissions\",\"slug\":\"admissions\",\"postDate\":1492699082,\"expiryDate\":null,\"enabled\":1,\"parentId\":null,\"fields\":{\"16\":\"1\",\"15\":\"\",\"47\":\"<p>Lorem ipsum dolor sit amet, consectetuer adipiscing elit. Aenean commodo ligula eget dolor. Aenean massa. Cum sociis natoque penatibus et magnis dis parturient montes, nascetur ridiculus mus.<\\/p>\",\"48\":\"<p>Lorem ipsum dolor sit amet, consectetuer adipiscing elit. Aenean commodo ligula eget dolor. Aenean massa. Cum sociis natoque penatibus et magnis dis parturient montes, nascetur ridiculus mus.<\\/p>\",\"49\":\"<p>Lorem ipsum dolor sit amet, consectetuer adipiscing elit. Aenean commodo ligula eget dolor. Aenean massa. Cum sociis natoque penatibus et magnis dis parturient montes, nascetur ridiculus mus.<\\/p>\"}}', '2017-05-02 16:08:11', '2017-05-02 16:08:11', '348dad48-5f65-4914-9d4c-8568b9f6413f'),
 ('54', '9', '13', '1', 'en_us', '4', '', '{\"typeId\":\"13\",\"authorId\":null,\"title\":\"Admissions\",\"slug\":\"admissions\",\"postDate\":1492699082,\"expiryDate\":null,\"enabled\":1,\"parentId\":null,\"fields\":{\"16\":\"\",\"15\":\"\",\"47\":\"<p>Lorem ipsum dolor sit amet, consectetuer adipiscing elit. Aenean commodo ligula eget dolor. Aenean massa. Cum sociis natoque penatibus et magnis dis parturient montes, nascetur ridiculus mus.<\\/p>\",\"48\":\"<p>Lorem ipsum dolor sit amet, consectetuer adipiscing elit. Aenean commodo ligula eget dolor. Aenean massa. Cum sociis natoque penatibus et magnis dis parturient montes, nascetur ridiculus mus.<\\/p>\",\"49\":\"<p>Lorem ipsum dolor sit amet, consectetuer adipiscing elit. Aenean commodo ligula eget dolor. Aenean massa. Cum sociis natoque penatibus et magnis dis parturient montes, nascetur ridiculus mus.<\\/p>\"}}', '2017-05-02 16:08:21', '2017-05-02 16:08:21', 'ea52363d-9794-48e9-8e9d-8ba60c2829b0'),
 ('55', '9', '13', '1', 'en_us', '5', '', '{\"typeId\":\"13\",\"authorId\":null,\"title\":\"Admissions\",\"slug\":\"admissions\",\"postDate\":1492699082,\"expiryDate\":null,\"enabled\":1,\"parentId\":null,\"fields\":{\"16\":\"\",\"50\":[{\"col1\":\"Program \",\"col2\":\"Fall 2017\",\"col3\":\"Spring 2017\"},{\"col1\":\"General\",\"col2\":\"May 1, 2017\",\"col3\":\"Dec 1, 2017\"},{\"col1\":\"Specific 1\",\"col2\":\"May 1, 2017\",\"col3\":\"Dec 1, 2017\"},{\"col1\":\"Specific 2\",\"col2\":\"May 1, 2017\",\"col3\":\"Dec 1, 2017\"}],\"15\":\"\",\"47\":\"<p>Lorem ipsum dolor sit amet, consectetuer adipiscing elit. Aenean commodo ligula eget dolor. Aenean massa. Cum sociis natoque penatibus et magnis dis parturient montes, nascetur ridiculus mus.<\\/p>\",\"48\":\"<p>Lorem ipsum dolor sit amet, consectetuer adipiscing elit. Aenean commodo ligula eget dolor. Aenean massa. Cum sociis natoque penatibus et magnis dis parturient montes, nascetur ridiculus mus.<\\/p>\",\"49\":\"<p>Lorem ipsum dolor sit amet, consectetuer adipiscing elit. Aenean commodo ligula eget dolor. Aenean massa. Cum sociis natoque penatibus et magnis dis parturient montes, nascetur ridiculus mus.<\\/p>\"}}', '2017-05-04 14:04:52', '2017-05-04 14:04:52', '9e03f86c-3602-4352-a51d-9933a2e027d3'),
 ('56', '9', '13', '1', 'en_us', '6', '', '{\"typeId\":\"13\",\"authorId\":null,\"title\":\"Admissions\",\"slug\":\"admissions\",\"postDate\":1492699082,\"expiryDate\":null,\"enabled\":1,\"parentId\":null,\"fields\":{\"16\":\"\",\"51\":{\"new1\":{\"type\":\"criteria\",\"enabled\":\"1\",\"fields\":{\"courseTitle\":\"Specific 1\",\"description\":\"<p>Lorem ipsum dolor sit amet, consectetuer adipiscing elit. Aenean commodo ligula eget dolor. Aenean massa. Cum sociis natoque penatibus et magnis dis parturient montes, nascetur ridiculus mus.<span class=\\\"Apple-tab-span\\\" style=\\\"white-space:pre\\\">\\t<\\/span><\\/p>\"}},\"new2\":{\"type\":\"criteria\",\"enabled\":\"1\",\"fields\":{\"courseTitle\":\"Specific 2\",\"description\":\"<p>Lorem ipsum dolor sit amet, consectetuer adipiscing elit. Aenean commodo ligula eget dolor. Aenean massa. Cum sociis natoque penatibus et magnis dis parturient montes, nascetur ridiculus mus.<\\/p>\"}}},\"50\":[{\"col1\":\"Program \",\"col2\":\"Fall 2017\",\"col3\":\"Spring 2017\"},{\"col1\":\"General\",\"col2\":\"May 1, 2017\",\"col3\":\"Dec 1, 2017\"},{\"col1\":\"Specific 1\",\"col2\":\"May 1, 2017\",\"col3\":\"Dec 1, 2017\"},{\"col1\":\"Specific 2\",\"col2\":\"May 1, 2017\",\"col3\":\"Dec 1, 2017\"}],\"15\":\"\",\"47\":\"<p>Lorem ipsum dolor sit amet, consectetuer adipiscing elit. Aenean commodo ligula eget dolor. Aenean massa. Cum sociis natoque penatibus et magnis dis parturient montes, nascetur ridiculus mus.<\\/p>\",\"48\":\"<p>Lorem ipsum dolor sit amet, consectetuer adipiscing elit. Aenean commodo ligula eget dolor. Aenean massa. Cum sociis natoque penatibus et magnis dis parturient montes, nascetur ridiculus mus.<\\/p>\",\"49\":\"<p>Lorem ipsum dolor sit amet, consectetuer adipiscing elit. Aenean commodo ligula eget dolor. Aenean massa. Cum sociis natoque penatibus et magnis dis parturient montes, nascetur ridiculus mus.<\\/p>\"}}', '2017-05-04 14:25:04', '2017-05-04 14:25:04', '7a61df38-57b9-4907-af0a-ce3fd6e3ce41'),
 ('57', '9', '13', '1', 'en_us', '7', '', '{\"typeId\":\"13\",\"authorId\":null,\"title\":\"Admissions\",\"slug\":\"admissions\",\"postDate\":1492699082,\"expiryDate\":null,\"enabled\":1,\"parentId\":null,\"fields\":{\"16\":\"\",\"51\":{\"43\":{\"type\":\"criteria\",\"enabled\":\"1\",\"fields\":{\"courseTitle\":\"Specific 1\",\"description\":\"<p>Lorem ipsum dolor sit amet, consectetuer adipiscing elit. Aenean commodo ligula eget dolor. Aenean massa. Cum sociis natoque penatibus et magnis dis parturient montes, nascetur ridiculus mus.\\t<\\/p>\"}},\"44\":{\"type\":\"criteria\",\"enabled\":\"1\",\"fields\":{\"courseTitle\":\"Specific 2\",\"description\":\"<p>Lorem ipsum dolor sit amet, consectetuer adipiscing elit. Aenean commodo ligula eget dolor. Aenean massa. Cum sociis natoque penatibus et magnis dis parturient montes, nascetur ridiculus mus.<\\/p>\"}}},\"50\":[{\"col1\":\"Program \",\"col2\":\"Fall 2017\",\"col3\":\"Spring 2017\"},{\"col1\":\"General\",\"col2\":\"May 1, 2017\",\"col3\":\"Dec 1, 2017\"},{\"col1\":\"Specific 1\",\"col2\":\"May 1, 2017\",\"col3\":\"Dec 1, 2017\"},{\"col1\":\"Specific 2\",\"col2\":\"May 1, 2017\",\"col3\":\"Dec 1, 2017\"}],\"15\":\"\",\"47\":\"<p>Lorem ipsum dolor sit amet, consectetuer adipiscing elit. Aenean commodo ligula eget dolor. Aenean massa. Cum sociis natoque penatibus et magnis dis parturient montes, nascetur ridiculus mus.<\\/p>\",\"48\":\"<p>Lorem ipsum dolor sit amet, consectetuer adipiscing elit. Aenean commodo ligula eget dolor. Aenean massa. Cum sociis natoque penatibus et magnis dis parturient montes, nascetur ridiculus mus.<\\/p>\",\"49\":\"<p>Lorem ipsum dolor sit amet, consectetuer adipiscing elit. Aenean commodo ligula eget dolor. Aenean massa. Cum sociis natoque penatibus et magnis dis parturient montes, nascetur ridiculus mus.<\\/p>\"}}', '2017-05-04 14:29:06', '2017-05-04 14:29:06', '5078e567-58e1-422a-875f-8e1f317665b3'),
 ('58', '9', '13', '1', 'en_us', '8', '', '{\"typeId\":\"13\",\"authorId\":null,\"title\":\"Admissions\",\"slug\":\"admissions\",\"postDate\":1492699082,\"expiryDate\":null,\"enabled\":1,\"parentId\":null,\"fields\":{\"16\":\"\",\"51\":{\"43\":{\"type\":\"criteria\",\"enabled\":\"1\",\"fields\":{\"courseTitle\":\"Specific 1\",\"description\":\"<p>Lorem ipsum dolor sit amet, consectetuer adipiscing elit. Aenean commodo ligula eget dolor. Aenean massa. Cum sociis natoque penatibus et magnis dis parturient montes, nascetur ridiculus mus.\\t<\\/p>\"}},\"44\":{\"type\":\"criteria\",\"enabled\":\"1\",\"fields\":{\"courseTitle\":\"Specific 2\",\"description\":\"<p>Lorem ipsum dolor sit amet, consectetuer adipiscing elit. Aenean commodo ligula eget dolor. Aenean massa. Cum sociis natoque penatibus et magnis dis parturient montes, nascetur ridiculus mus.<\\/p>\"}}},\"50\":[{\"col1\":\"Program \",\"col2\":\"Fall 2017\",\"col3\":\"Spring 2017\"},{\"col1\":\"General\",\"col2\":\"May 1, 2017\",\"col3\":\"Dec 1, 2017\"},{\"col1\":\"Specific 1\",\"col2\":\"May 1, 2017\",\"col3\":\"Dec 1, 2017\"},{\"col1\":\"Specific 2\",\"col2\":\"May 1, 2017\",\"col3\":\"Dec 1, 2017\"}],\"15\":\"\",\"47\":\"<p>Lorem ipsum dolor sit amet, consectetuer adipiscing elit. Aenean commodo ligula eget dolor. Aenean massa. Cum sociis natoque penatibus et magnis dis parturient montes, nascetur ridiculus mus.<\\/p>\"}}', '2017-05-04 14:30:29', '2017-05-04 14:30:29', 'bff0ae11-49aa-4be0-b46c-57e931b5cc78'),
 ('59', '9', '13', '1', 'en_us', '9', '', '{\"typeId\":\"13\",\"authorId\":null,\"title\":\"Admissions\",\"slug\":\"admissions\",\"postDate\":1492699082,\"expiryDate\":null,\"enabled\":1,\"parentId\":null,\"fields\":{\"16\":\"\",\"51\":{\"43\":{\"type\":\"criteria\",\"enabled\":\"1\",\"fields\":{\"courseTitle\":\"Specific 1\",\"description\":\"<p>Lorem ipsum dolor sit amet, consectetuer adipiscing elit. Aenean commodo ligula eget dolor. Aenean massa. Cum sociis natoque penatibus et magnis dis parturient montes, nascetur ridiculus mus.\\t<\\/p>\"}},\"44\":{\"type\":\"criteria\",\"enabled\":\"1\",\"fields\":{\"courseTitle\":\"Specific 2\",\"description\":\"<p>Lorem ipsum dolor sit amet, consectetuer adipiscing elit. Aenean commodo ligula eget dolor. Aenean massa. Cum sociis natoque penatibus et magnis dis parturient montes, nascetur ridiculus mus.<\\/p>\"}}},\"50\":[{\"col1\":\"Program \",\"col2\":\"Fall 2017\",\"col3\":\"Spring 2017\"},{\"col1\":\"General\",\"col2\":\"May 1, 2017\",\"col3\":\"Dec 1, 2017\"},{\"col1\":\"Specific 1\",\"col2\":\"May 1, 2017\",\"col3\":\"Dec 1, 2017\"},{\"col1\":\"Specific 2\",\"col2\":\"May 1, 2017\",\"col3\":\"Dec 1, 2017\"}],\"15\":[\"38\"],\"47\":\"<p>Lorem ipsum dolor sit amet, consectetuer adipiscing elit. Aenean commodo ligula eget dolor. Aenean massa. Cum sociis natoque penatibus et magnis dis parturient montes, nascetur ridiculus mus.<\\/p>\"}}', '2017-05-04 14:32:05', '2017-05-04 14:32:05', 'fae73433-3ecd-47f9-9571-9bd11bab4ff7'),
 ('60', '9', '13', '1', 'en_us', '10', '', '{\"typeId\":\"13\",\"authorId\":null,\"title\":\"Admissions\",\"slug\":\"admissions\",\"postDate\":1492699082,\"expiryDate\":null,\"enabled\":1,\"parentId\":null,\"fields\":{\"16\":\"\",\"51\":{\"43\":{\"type\":\"criteria\",\"enabled\":\"1\",\"fields\":{\"courseTitle\":\"Specific 1\",\"description\":\"<p>Lorem ipsum dolor sit amet, consectetuer adipiscing elit. Aenean commodo ligula eget dolor. Aenean massa. Cum sociis natoque penatibus et magnis dis parturient montes, nascetur ridiculus mus.\\t<\\/p>\",\"matrixLightswitch\":\"1\"}},\"44\":{\"type\":\"criteria\",\"enabled\":\"1\",\"fields\":{\"courseTitle\":\"Specific 2\",\"description\":\"<p>Lorem ipsum dolor sit amet, consectetuer adipiscing elit. Aenean commodo ligula eget dolor. Aenean massa. Cum sociis natoque penatibus et magnis dis parturient montes, nascetur ridiculus mus.<\\/p>\",\"matrixLightswitch\":\"1\"}}},\"50\":[{\"col1\":\"Program \",\"col2\":\"Fall 2017\",\"col3\":\"Spring 2017\"},{\"col1\":\"General\",\"col2\":\"May 1, 2017\",\"col3\":\"Dec 1, 2017\"},{\"col1\":\"Specific 1\",\"col2\":\"May 1, 2017\",\"col3\":\"Dec 1, 2017\"},{\"col1\":\"Specific 2\",\"col2\":\"May 1, 2017\",\"col3\":\"Dec 1, 2017\"}],\"15\":[\"38\"],\"47\":\"<p>Lorem ipsum dolor sit amet, consectetuer adipiscing elit. Aenean commodo ligula eget dolor. Aenean massa. Cum sociis natoque penatibus et magnis dis parturient montes, nascetur ridiculus mus.<\\/p>\"}}', '2017-05-04 14:47:04', '2017-05-04 14:47:04', 'a0bff53e-f5d3-4dd9-83f6-a3a92a2ab644'),
 ('61', '9', '13', '1', 'en_us', '11', '', '{\"typeId\":\"13\",\"authorId\":null,\"title\":\"Admissions\",\"slug\":\"admissions\",\"postDate\":1492699082,\"expiryDate\":null,\"enabled\":1,\"parentId\":null,\"fields\":{\"16\":\"\",\"55\":\"<p>Lorem ipsum dolor sit amet, consectetuer adipiscing elit. Aenean commodo ligula eget dolor. Aenean massa. Cum sociis natoque penatibus et magnis dis parturient montes, nascetur ridiculus mus.<\\/p>\",\"51\":{\"43\":{\"type\":\"criteria\",\"enabled\":\"1\",\"fields\":{\"courseTitle\":\"Specific 1\",\"description\":\"<p>Lorem ipsum dolor sit amet, consectetuer adipiscing elit. Aenean commodo ligula eget dolor. Aenean massa. Cum sociis natoque penatibus et magnis dis parturient montes, nascetur ridiculus mus.\\t<\\/p>\",\"matrixLightswitch\":\"1\"}},\"44\":{\"type\":\"criteria\",\"enabled\":\"1\",\"fields\":{\"courseTitle\":\"Specific 2\",\"description\":\"<p>Lorem ipsum dolor sit amet, consectetuer adipiscing elit. Aenean commodo ligula eget dolor. Aenean massa. Cum sociis natoque penatibus et magnis dis parturient montes, nascetur ridiculus mus.<\\/p>\",\"matrixLightswitch\":\"1\"}}},\"50\":[{\"col1\":\"Program \",\"col2\":\"Fall 2017\",\"col3\":\"Spring 2017\"},{\"col1\":\"General\",\"col2\":\"May 1, 2017\",\"col3\":\"Dec 1, 2017\"},{\"col1\":\"Specific 1\",\"col2\":\"May 1, 2017\",\"col3\":\"Dec 1, 2017\"},{\"col1\":\"Specific 2\",\"col2\":\"May 1, 2017\",\"col3\":\"Dec 1, 2017\"}],\"15\":[\"38\"],\"47\":\"<p>Lorem ipsum dolor sit amet, consectetuer adipiscing elit. Aenean commodo ligula eget dolor. Aenean massa. Cum sociis natoque penatibus et magnis dis parturient montes, nascetur ridiculus mus.<\\/p>\"}}', '2017-05-04 14:57:23', '2017-05-04 14:57:23', '0fd12348-3d15-41b6-bc4a-291582f77338'),
 ('62', '26', '3', '1', 'en_us', '5', '', '{\"typeId\":\"3\",\"authorId\":\"1\",\"title\":\"Cosmetology \",\"slug\":\"cosmetology-ii\",\"postDate\":1492705200,\"expiryDate\":null,\"enabled\":1,\"parentId\":null,\"fields\":{\"16\":\"1\",\"1\":\"<p>Lorem ipsum dolor sit amet, consectetuer adipiscing elit. Aenean commodo ligula eget dolor. Aenean massa. Cum sociis natoque penatibus et magnis dis parturient montes, nascetur ridiculus mus.<\\/p>\",\"17\":\"\",\"11\":\"<p>Lorem ipsum dolor sit amet, consectetuer adipiscing elit. Aenean commodo ligula eget dolor. Aenean massa. Cum sociis natoque penatibus et magnis dis parturient montes, nascetur ridiculus mus.<\\/p>\",\"15\":\"\",\"12\":\"10,11,12\",\"14\":\"2\",\"38\":[\"10\"],\"35\":{\"41\":{\"type\":\"programOverview\",\"enabled\":\"1\",\"fields\":{\"heading\":\"General Working Conditions:\",\"text\":[{\"col1\":\"Working with people and equipment\"},{\"col1\":\"Standing for long periods \"},{\"col1\":\"Working with chemicals\"}]}},\"42\":{\"type\":\"programOverview\",\"enabled\":\"1\",\"fields\":{\"heading\":\"Areas of Concentration \",\"text\":[{\"col1\":\"Styling and Care of the hair using many tools and products\"},{\"col1\":\"shaping and cutting the hair\"},{\"col1\":\"permanently waving or relaxing the hair \"},{\"col1\":\"hair tinting and lightening\"}]}}},\"13\":\"Kent\"}}', '2017-05-04 15:14:29', '2017-05-04 15:14:29', 'f04c55cf-5a4d-4581-9a61-2c2616c16af6'),
 ('63', '45', '4', '1', 'en_us', '1', '', '{\"typeId\":null,\"authorId\":\"1\",\"title\":\"Cosmetology I\",\"slug\":\"cosmetology-i\",\"postDate\":1493911007,\"expiryDate\":null,\"enabled\":1,\"parentId\":null,\"fields\":{\"1\":\"\",\"20\":\"\",\"15\":\"\",\"19\":\"\",\"21\":[\"26\"],\"18\":\"\"}}', '2017-05-04 15:16:47', '2017-05-04 15:16:47', 'e5f52057-e608-4d6a-ad5a-d3d9371272ab'),
 ('64', '45', '4', '1', 'en_us', '2', '', '{\"typeId\":\"4\",\"authorId\":\"1\",\"title\":\"Cosmetology I\",\"slug\":\"cosmetology-i\",\"postDate\":1493910960,\"expiryDate\":null,\"enabled\":1,\"parentId\":null,\"fields\":{\"1\":\"<p>Lorem ipsum dolor sit amet, consectetuer adipiscing elit. Aenean commodo ligula eget dolor. Aenean massa. Cum sociis natoque penatibus et magnis dis parturient montes, nascetur ridiculus mus.<\\/p>\\r\\n\",\"20\":\"\",\"15\":\"\",\"19\":\"\",\"21\":[\"26\"],\"18\":\"\"}}', '2017-05-04 15:17:22', '2017-05-04 15:17:22', '7db6a346-ee44-417b-a4e5-e00322a36b3d'),
 ('65', '26', '3', '1', 'en_us', '6', '', '{\"typeId\":\"3\",\"authorId\":\"1\",\"title\":\"Cosmetology \",\"slug\":\"cosmetology\",\"postDate\":1492705200,\"expiryDate\":null,\"enabled\":1,\"parentId\":null,\"fields\":{\"16\":\"1\",\"1\":\"<p>Lorem ipsum dolor sit amet, consectetuer adipiscing elit. Aenean commodo ligula eget dolor. Aenean massa. Cum sociis natoque penatibus et magnis dis parturient montes, nascetur ridiculus mus.<\\/p>\",\"17\":\"\",\"11\":\"<p>Lorem ipsum dolor sit amet, consectetuer adipiscing elit. Aenean commodo ligula eget dolor. Aenean massa. Cum sociis natoque penatibus et magnis dis parturient montes, nascetur ridiculus mus.<\\/p>\",\"15\":\"\",\"12\":\"10,11,12\",\"14\":\"2\",\"38\":[\"10\"],\"35\":{\"41\":{\"type\":\"programOverview\",\"enabled\":\"1\",\"fields\":{\"heading\":\"General Working Conditions:\",\"text\":[{\"col1\":\"Working with people and equipment\"},{\"col1\":\"Standing for long periods \"},{\"col1\":\"Working with chemicals\"}]}},\"42\":{\"type\":\"programOverview\",\"enabled\":\"1\",\"fields\":{\"heading\":\"Areas of Concentration \",\"text\":[{\"col1\":\"Styling and Care of the hair using many tools and products\"},{\"col1\":\"shaping and cutting the hair\"},{\"col1\":\"permanently waving or relaxing the hair \"},{\"col1\":\"hair tinting and lightening\"}]}}},\"13\":\"Kent\"}}', '2017-05-04 15:32:47', '2017-05-04 15:32:47', '16d8a379-84fe-4ce4-ade9-93b5101fb7d1'),
 ('66', '26', '3', '1', 'en_us', '7', '', '{\"typeId\":\"3\",\"authorId\":\"1\",\"title\":\"Cosmetology \",\"slug\":\"cosmetology\",\"postDate\":1492705200,\"expiryDate\":null,\"enabled\":1,\"parentId\":null,\"fields\":{\"16\":\"1\",\"1\":\"<p>Lorem ipsum dolor sit amet, consectetuer adipiscing elit. Aenean commodo ligula eget dolor. Aenean massa. Cum sociis natoque penatibus et magnis dis parturient montes, nascetur ridiculus mus.<\\/p>\",\"17\":\"\",\"11\":\"<p>Lorem ipsum dolor sit amet, consectetuer adipiscing elit. Aenean commodo ligula eget dolor. Aenean massa. Cum sociis natoque penatibus et magnis dis parturient montes, nascetur ridiculus mus.<\\/p>\",\"15\":\"\",\"12\":\"10,11,12\",\"14\":\"2\",\"38\":[\"10\"],\"35\":{\"41\":{\"type\":\"programOverview\",\"enabled\":\"1\",\"fields\":{\"heading\":\"General Working Conditions:\",\"text\":[{\"col1\":\"Working with people and equipment\"},{\"col1\":\"Standing for long periods \"},{\"col1\":\"Working with chemicals\"}]}},\"42\":{\"type\":\"programOverview\",\"enabled\":\"1\",\"fields\":{\"heading\":\"Areas of Concentration \",\"text\":[{\"col1\":\"Styling and Care of the hair using many tools and products\"},{\"col1\":\"shaping and cutting the hair\"},{\"col1\":\"permanently waving or relaxing the hair \"},{\"col1\":\"hair tinting and lightening\"}]}}},\"13\":\"Kent\"}}', '2017-05-04 15:33:28', '2017-05-04 15:33:28', '25a4c9fa-1873-40e6-bd09-f60b3953ebfc'),
 ('67', '26', '3', '1', 'en_us', '8', '', '{\"typeId\":\"3\",\"authorId\":\"1\",\"title\":\"Cosmetology \",\"slug\":\"cosmetology\",\"postDate\":1492705200,\"expiryDate\":null,\"enabled\":1,\"parentId\":null,\"fields\":{\"16\":\"1\",\"1\":\"<p>Lorem ipsum dolor sit amet, consectetuer adipiscing elit. Aenean commodo ligula eget dolor. Aenean massa. Cum sociis natoque penatibus et magnis dis parturient montes, nascetur ridiculus mus.<\\/p>\",\"17\":\"\",\"11\":\"<p>Lorem ipsum dolor sit amet, consectetuer adipiscing elit. Aenean commodo ligula eget dolor. Aenean massa. Cum sociis natoque penatibus et magnis dis parturient montes, nascetur ridiculus mus.<\\/p>\",\"15\":\"\",\"12\":\"10,11,12\",\"14\":\"2\",\"38\":[\"10\"],\"35\":{\"41\":{\"type\":\"programOverview\",\"enabled\":\"1\",\"fields\":{\"heading\":\"General Working Conditions:\",\"text\":[{\"col1\":\"Working with people and equipment\"},{\"col1\":\"Standing for long periods \"},{\"col1\":\"Working with chemicals\"}]}},\"42\":{\"type\":\"programOverview\",\"enabled\":\"1\",\"fields\":{\"heading\":\"Areas of Concentration \",\"text\":[{\"col1\":\"Styling and Care of the hair using many tools and products\"},{\"col1\":\"shaping and cutting the hair\"},{\"col1\":\"permanently waving or relaxing the hair \"},{\"col1\":\"hair tinting and lightening\"}]}}},\"13\":\"Kent\"}}', '2017-05-04 15:34:37', '2017-05-04 15:34:37', '56055070-8286-45fd-a8d2-186931e018ff'),
 ('69', '45', '4', '1', 'en_us', '3', '', '{\"typeId\":\"4\",\"authorId\":\"1\",\"title\":\"Cosmetology I\",\"slug\":\"cosmetology-i\",\"postDate\":1493910960,\"expiryDate\":null,\"enabled\":1,\"parentId\":null,\"fields\":{\"1\":\"<p>Lorem ipsum dolor sit amet, consectetuer adipiscing elit. Aenean commodo ligula eget dolor. Aenean massa. Cum sociis natoque penatibus et magnis dis parturient montes, nascetur ridiculus mus.<\\/p>\",\"20\":\"\",\"15\":\"\",\"19\":\"\",\"18\":\"\"}}', '2017-05-05 13:23:30', '2017-05-05 13:23:30', '2411d41b-b216-4b15-8b7d-566897cb0fb0'),
 ('71', '50', '7', '1', 'en_us', '1', '', '{\"typeId\":null,\"authorId\":\"1\",\"title\":\"Jon Doe\",\"slug\":\"jon-doe\",\"postDate\":1493991411,\"expiryDate\":null,\"enabled\":1,\"parentId\":null,\"fields\":{\"1\":\"<p>Lorem ipsum dolor sit amet, consectetuer adipiscing elit. Aenean commodo ligula eget dolor. Aenean massa. Cum sociis natoque penatibus et magnis dis parturient montes, nascetur ridiculus mus.<\\/p>\",\"26\":\"\",\"56\":[\"48\"],\"15\":\"\",\"9\":\"\"}}', '2017-05-05 13:36:51', '2017-05-05 13:36:51', '04cef785-beba-4a72-8630-41907827a576');



DROP TABLE IF EXISTS `craft_fieldgroups`;


--
-- Schema for table `craft_fieldgroups`
--
CREATE TABLE `craft_fieldgroups` (
  `id` int(11) NOT NULL AUTO_INCREMENT,
  `name` varchar(255) COLLATE utf8_unicode_ci NOT NULL,
  `dateCreated` datetime NOT NULL,
  `dateUpdated` datetime NOT NULL,
  `uid` char(36) COLLATE utf8_unicode_ci NOT NULL DEFAULT '0',
  PRIMARY KEY (`id`),
  UNIQUE KEY `craft_fieldgroups_name_unq_idx` (`name`)
) ENGINE=InnoDB AUTO_INCREMENT=2 DEFAULT CHARSET=utf8 COLLATE=utf8_unicode_ci;

--
-- Data for table `craft_fieldgroups`
--

INSERT INTO `craft_fieldgroups` (`id`, `name`, `dateCreated`, `dateUpdated`, `uid`) VALUES
 ('1', 'Default', '2017-04-18 15:33:03', '2017-04-18 15:33:03', '395bf9b1-0ed6-48a8-a36b-8540f6eba03a');



DROP TABLE IF EXISTS `craft_fieldlayoutfields`;


--
-- Schema for table `craft_fieldlayoutfields`
--
CREATE TABLE `craft_fieldlayoutfields` (
  `id` int(11) NOT NULL AUTO_INCREMENT,
  `layoutId` int(11) NOT NULL,
  `tabId` int(11) NOT NULL,
  `fieldId` int(11) NOT NULL,
  `required` tinyint(1) unsigned NOT NULL DEFAULT '0',
  `sortOrder` smallint(6) unsigned DEFAULT NULL,
  `dateCreated` datetime NOT NULL,
  `dateUpdated` datetime NOT NULL,
  `uid` char(36) COLLATE utf8_unicode_ci NOT NULL DEFAULT '0',
  PRIMARY KEY (`id`),
  UNIQUE KEY `craft_fieldlayoutfields_layoutId_fieldId_unq_idx` (`layoutId`,`fieldId`),
  KEY `craft_fieldlayoutfields_sortOrder_idx` (`sortOrder`),
  KEY `craft_fieldlayoutfields_tabId_fk` (`tabId`),
  KEY `craft_fieldlayoutfields_fieldId_fk` (`fieldId`)
) ENGINE=InnoDB AUTO_INCREMENT=239 DEFAULT CHARSET=utf8 COLLATE=utf8_unicode_ci;

--
-- Data for table `craft_fieldlayoutfields`
--

INSERT INTO `craft_fieldlayoutfields` (`id`, `layoutId`, `tabId`, `fieldId`, `required`, `sortOrder`, `dateCreated`, `dateUpdated`, `uid`) VALUES
 ('4', '24', '3', '5', '0', '1', '2017-04-20 13:48:10', '2017-04-20 13:48:10', '5e82b19f-70fe-4453-b288-1a822dec50ce'),
 ('5', '24', '3', '6', '0', '2', '2017-04-20 13:48:10', '2017-04-20 13:48:10', 'e538fd4d-d1f6-408d-955c-53ff0b19206a'),
 ('6', '24', '3', '8', '0', '3', '2017-04-20 13:48:10', '2017-04-20 13:48:10', '3dde205d-e0cf-4698-bd53-fd22bcf610fb'),
 ('7', '24', '3', '7', '0', '4', '2017-04-20 13:48:10', '2017-04-20 13:48:10', '31c597af-2126-40bc-8748-c2fd628c03d8'),
 ('8', '24', '3', '9', '0', '5', '2017-04-20 13:48:10', '2017-04-20 13:48:10', '6a3bb176-ac38-4f80-9f2a-447d5bdac113'),
 ('9', '24', '3', '10', '0', '6', '2017-04-20 13:48:10', '2017-04-20 13:48:10', '8315e19c-0752-427d-9efe-9daa8d6c587e'),
 ('10', '25', '4', '5', '0', '1', '2017-04-20 13:48:51', '2017-04-20 13:48:51', '916aa7c2-e98a-426a-a2f8-58278b259eb1'),
 ('11', '25', '4', '3', '0', '2', '2017-04-20 13:48:51', '2017-04-20 13:48:51', 'c4572997-258e-47fe-abac-c16bda33d1b4'),
 ('12', '25', '4', '4', '0', '3', '2017-04-20 13:48:51', '2017-04-20 13:48:51', 'c525039a-3055-4c80-99f6-6518f57cf657'),
 ('55', '36', '15', '1', '0', '1', '2017-04-20 14:01:43', '2017-04-20 14:01:43', '22141ff9-2f80-4df2-98d0-d667c6000e07'),
 ('56', '36', '15', '28', '0', '2', '2017-04-20 14:01:43', '2017-04-20 14:01:43', '8e070bfd-0b03-4a9b-8186-1bb8cdd5e712'),
 ('57', '37', '16', '1', '0', '1', '2017-04-20 14:02:02', '2017-04-20 14:02:02', '9da0c574-1b53-4067-b77a-3eadebf7d7e9'),
 ('58', '39', '17', '35', '0', '1', '2017-04-20 14:33:24', '2017-04-20 14:33:24', 'f7023cd4-b13f-4de7-99d7-c176333451be'),
 ('59', '39', '17', '23', '0', '2', '2017-04-20 14:33:24', '2017-04-20 14:33:24', 'eb51412e-2d4d-47cc-93d2-04da2bb4a748'),
 ('60', '39', '17', '24', '0', '3', '2017-04-20 14:33:24', '2017-04-20 14:33:24', 'a52db409-ac0a-4d21-991d-5b0ec08cebf9'),
 ('61', '39', '17', '32', '0', '4', '2017-04-20 14:33:24', '2017-04-20 14:33:24', 'e80bb2e0-cfa5-49a0-89aa-bc3ddf4e83b6'),
 ('62', '39', '17', '36', '0', '5', '2017-04-20 14:33:24', '2017-04-20 14:33:24', 'c2b5bebd-ec9a-4005-a018-7c4afca57660'),
 ('63', '39', '17', '1', '1', '6', '2017-04-20 14:33:24', '2017-04-20 14:33:24', '1c2e9147-5c8a-488e-8af7-f97980e9e0d6'),
 ('64', '39', '17', '33', '0', '7', '2017-04-20 14:33:24', '2017-04-20 14:33:24', '7000da34-b1a5-4313-bdd4-c2ecdd22d951'),
 ('65', '39', '17', '15', '0', '8', '2017-04-20 14:33:24', '2017-04-20 14:33:24', 'ab098b3b-d0ab-4b03-8df7-a6aa0fd5edd3'),
 ('66', '39', '17', '34', '0', '9', '2017-04-20 14:33:24', '2017-04-20 14:33:24', '7424310f-35c5-4e78-b6aa-1f869eb86980'),
 ('67', '39', '17', '22', '0', '10', '2017-04-20 14:33:24', '2017-04-20 14:33:24', 'fe495224-789c-4313-966e-f5944bef9671'),
 ('68', '39', '17', '37', '0', '11', '2017-04-20 14:33:24', '2017-04-20 14:33:24', 'c11ab958-84b1-46ee-ac3f-a6b000633b3e'),
 ('69', '39', '17', '31', '0', '12', '2017-04-20 14:33:24', '2017-04-20 14:33:24', '00f709c5-1f60-4d61-9581-37edf6fed9ad'),
 ('114', '49', '25', '1', '0', '1', '2017-05-02 14:13:29', '2017-05-02 14:13:29', '4fa902c7-a6cb-45ba-8b7c-9b6c20a81d71'),
 ('115', '49', '25', '15', '0', '2', '2017-05-02 14:13:29', '2017-05-02 14:13:29', 'ddf2a87d-38d7-4e91-a5be-95ad9b05f373'),
 ('119', '51', '27', '25', '0', '1', '2017-05-02 14:20:50', '2017-05-02 14:20:50', '63a5388e-7c21-4298-989e-718418f8e186'),
 ('120', '51', '27', '27', '0', '2', '2017-05-02 14:20:50', '2017-05-02 14:20:50', 'b6b94c4e-2067-4d47-82d8-334ddd1752fd'),
 ('121', '51', '27', '21', '0', '3', '2017-05-02 14:20:50', '2017-05-02 14:20:50', '4dc9304a-f3c1-4cc9-bfc9-a55a0cc77044'),
 ('122', '52', '28', '1', '0', '1', '2017-05-02 14:21:01', '2017-05-02 14:21:01', '4694ef31-d26c-49cf-b6cf-21741541011d'),
 ('123', '52', '28', '15', '0', '2', '2017-05-02 14:21:01', '2017-05-02 14:21:01', '35a9dc88-0857-46b5-8280-2286bac542b4'),
 ('124', '52', '28', '21', '0', '3', '2017-05-02 14:21:01', '2017-05-02 14:21:01', '4bdab839-5c63-4d87-af24-9159c02328d0'),
 ('134', '55', '31', '1', '1', '1', '2017-05-02 14:24:15', '2017-05-02 14:24:15', 'e8123db6-5c67-44e7-8b17-d4b722419d1e'),
 ('135', '55', '31', '2', '0', '2', '2017-05-02 14:24:15', '2017-05-02 14:24:15', '3299839b-68ed-4eb2-b3e0-4ce710a440da'),
 ('136', '55', '31', '39', '0', '3', '2017-05-02 14:24:15', '2017-05-02 14:24:15', '98c878df-913e-49e1-bb3d-2f5d143fff70'),
 ('137', '56', '32', '1', '0', '1', '2017-05-02 14:24:42', '2017-05-02 14:24:42', '9bf8bfd8-d8ca-4700-9e7a-e5ee05fde16f'),
 ('138', '56', '32', '15', '0', '2', '2017-05-02 14:24:42', '2017-05-02 14:24:42', '0ebdf080-cd17-4932-b51e-f5106cce5b6f'),
 ('139', '56', '32', '21', '0', '3', '2017-05-02 14:24:42', '2017-05-02 14:24:42', '45822883-0964-47f3-9f9a-ac4dd7d0ee1d'),
 ('169', '66', '42', '45', '0', '1', '2017-05-02 15:33:10', '2017-05-02 15:33:10', '6c975ef5-8d98-4524-ba9e-514ce9fc7960'),
 ('170', '66', '42', '46', '0', '2', '2017-05-02 15:33:10', '2017-05-02 15:33:10', 'af1acfb4-b5c0-4878-ba18-2b2e58c56f33'),
 ('199', '74', '50', '52', '0', '1', '2017-05-04 14:49:34', '2017-05-04 14:49:34', 'd49a16de-756e-4134-a66e-2f1a7cc02a60'),
 ('200', '74', '50', '53', '0', '2', '2017-05-04 14:49:34', '2017-05-04 14:49:34', 'f6d6859b-46cd-4e57-b2a4-76b428f9fb45'),
 ('201', '74', '50', '54', '0', '3', '2017-05-04 14:49:34', '2017-05-04 14:49:34', '685ba866-8ea0-445d-afef-4c2a6dbe6453'),
 ('202', '75', '51', '16', '0', '1', '2017-05-04 14:57:00', '2017-05-04 14:57:00', 'c3dc89c9-8db0-4b7f-8df5-aa72275564bd'),
 ('203', '75', '51', '15', '0', '2', '2017-05-04 14:57:00', '2017-05-04 14:57:00', '00270ab3-9983-4a9c-afe1-aeec0981d35b'),
 ('204', '75', '51', '47', '0', '3', '2017-05-04 14:57:00', '2017-05-04 14:57:00', 'b2ea717f-b8d7-4789-9103-ee7e296e2494'),
 ('205', '75', '51', '50', '0', '4', '2017-05-04 14:57:00', '2017-05-04 14:57:00', '7995860f-76f0-4c2e-a77e-169976bd4965'),
 ('206', '75', '51', '51', '0', '5', '2017-05-04 14:57:00', '2017-05-04 14:57:00', '8dc6219d-2379-4cb0-8f62-cc37c4ca6d33'),
 ('207', '75', '51', '55', '0', '6', '2017-05-04 14:57:00', '2017-05-04 14:57:00', 'a91a207e-cf6c-4bf1-a6fa-d179a283567c'),
 ('219', '78', '54', '1', '0', '1', '2017-05-05 13:27:48', '2017-05-05 13:27:48', 'a4a64a6c-83b8-4359-9dc3-aee6264ca85d'),
 ('220', '78', '54', '11', '0', '2', '2017-05-05 13:27:48', '2017-05-05 13:27:48', 'b52661f9-7221-4756-b501-a83f9b29cbdc'),
 ('221', '78', '54', '12', '0', '3', '2017-05-05 13:27:48', '2017-05-05 13:27:48', 'ee678448-e5e4-4168-bb1d-1d459cde7680'),
 ('222', '78', '54', '13', '0', '4', '2017-05-05 13:27:48', '2017-05-05 13:27:48', '2606815d-52fc-46dc-8d79-1982d7f63d16'),
 ('223', '78', '54', '14', '0', '5', '2017-05-05 13:27:48', '2017-05-05 13:27:48', '30adc7ca-d6d2-4a2a-b6e0-0bc16101ec68'),
 ('224', '78', '54', '15', '0', '6', '2017-05-05 13:27:48', '2017-05-05 13:27:48', 'e2ff9a79-85fe-4a98-984b-9ad60eef23d6'),
 ('225', '78', '54', '16', '0', '7', '2017-05-05 13:27:48', '2017-05-05 13:27:48', 'f9dfc920-575b-4bdb-9f33-617eb9b9eb1f'),
 ('226', '78', '54', '38', '0', '8', '2017-05-05 13:27:48', '2017-05-05 13:27:48', '955527e3-3a84-4638-9415-817ec85f0898'),
 ('227', '78', '54', '35', '0', '9', '2017-05-05 13:27:48', '2017-05-05 13:27:48', 'b12f50d9-573b-4a62-b773-34a3171d8382'),
 ('228', '79', '55', '1', '0', '1', '2017-05-05 13:28:09', '2017-05-05 13:28:09', '55174d40-a1c4-4f36-9840-bf595c74f961'),
 ('229', '79', '55', '15', '0', '2', '2017-05-05 13:28:09', '2017-05-05 13:28:09', '26eac35a-f1fd-48c0-84d7-56de93a6ee4e'),
 ('230', '79', '55', '18', '0', '3', '2017-05-05 13:28:09', '2017-05-05 13:28:09', 'c43ae59a-bcb4-43ae-b02a-808cf7db51c7'),
 ('231', '79', '55', '19', '0', '4', '2017-05-05 13:28:09', '2017-05-05 13:28:09', '3d8b96c8-59d7-43a0-9a50-88c4d78d7378'),
 ('232', '79', '55', '20', '0', '5', '2017-05-05 13:28:09', '2017-05-05 13:28:09', 'cbfe66be-18b4-4b43-afc9-3dc67a5fe069'),
 ('233', '79', '55', '21', '0', '6', '2017-05-05 13:28:09', '2017-05-05 13:28:09', 'ed01b6be-0f7c-4662-8525-ca7693bdd2ac'),
 ('234', '80', '56', '1', '0', '1', '2017-05-05 13:36:34', '2017-05-05 13:36:34', '9afed831-27d5-46bb-bb88-1e97f9b6de1d'),
 ('235', '80', '56', '15', '0', '2', '2017-05-05 13:36:34', '2017-05-05 13:36:34', '25450577-bf0d-40a5-a007-93947bac8b8e'),
 ('236', '80', '56', '26', '0', '3', '2017-05-05 13:36:34', '2017-05-05 13:36:34', 'd5a97d9c-c847-490b-ae0e-b8ead66d6a01'),
 ('237', '80', '56', '9', '0', '4', '2017-05-05 13:36:34', '2017-05-05 13:36:34', '32337375-357f-4058-9a77-e745e8467eef'),
 ('238', '80', '56', '56', '0', '5', '2017-05-05 13:36:34', '2017-05-05 13:36:34', 'bcefc9f6-e617-46fc-9775-0fe9b37b8532');



DROP TABLE IF EXISTS `craft_fieldlayouts`;


--
-- Schema for table `craft_fieldlayouts`
--
CREATE TABLE `craft_fieldlayouts` (
  `id` int(11) NOT NULL AUTO_INCREMENT,
  `type` varchar(150) COLLATE utf8_unicode_ci NOT NULL,
  `dateCreated` datetime NOT NULL,
  `dateUpdated` datetime NOT NULL,
  `uid` char(36) COLLATE utf8_unicode_ci NOT NULL DEFAULT '0',
  PRIMARY KEY (`id`),
  KEY `craft_fieldlayouts_type_idx` (`type`)
) ENGINE=InnoDB AUTO_INCREMENT=81 DEFAULT CHARSET=utf8 COLLATE=utf8_unicode_ci;

--
-- Data for table `craft_fieldlayouts`
--

INSERT INTO `craft_fieldlayouts` (`id`, `type`, `dateCreated`, `dateUpdated`, `uid`) VALUES
 ('1', 'Tag', '2017-04-18 15:33:03', '2017-04-18 15:33:03', 'a8ad3e42-9c27-4a11-b443-72d8e5699b1a'),
 ('16', 'Category', '2017-04-20 13:31:25', '2017-04-20 13:31:25', '652339ca-ed24-4033-9b03-d16da9241d67'),
 ('17', 'Category', '2017-04-20 13:31:31', '2017-04-20 13:31:31', 'b2cafc80-e7b0-44be-a457-2a8d68df6654'),
 ('18', 'Category', '2017-04-20 13:31:36', '2017-04-20 13:31:36', '3e7c582b-939d-4edc-9ec3-4f9837ad202e'),
 ('19', 'Category', '2017-04-20 13:31:40', '2017-04-20 13:31:40', 'b5a89340-8ee5-4fee-b235-ac2d1f9ad309'),
 ('21', 'Category', '2017-04-20 13:32:16', '2017-04-20 13:32:16', '9fc9a71b-bdcc-423b-bac4-053d7525754d'),
 ('24', 'GlobalSet', '2017-04-20 13:48:10', '2017-04-20 13:48:10', 'e7aafee1-2543-4a29-98d8-96ab987a4c97'),
 ('25', 'GlobalSet', '2017-04-20 13:48:51', '2017-04-20 13:48:51', '3069d779-aac3-470a-8c24-90f1f5ef29da'),
 ('36', 'Entry', '2017-04-20 14:01:43', '2017-04-20 14:01:43', 'a19e6168-6345-4900-8194-a7ecdd4dc169'),
 ('37', 'Entry', '2017-04-20 14:02:02', '2017-04-20 14:02:02', 'f2f46d95-37cb-4498-ae54-81906624b885'),
 ('39', 'Entry', '2017-04-20 14:33:24', '2017-04-20 14:33:24', '5093fad6-e227-4ba9-8eec-86934943dec0'),
 ('47', 'Asset', '2017-04-27 14:16:59', '2017-04-27 14:16:59', '56295385-95db-4fcb-9b3a-48eec3c98fd5'),
 ('48', 'Entry', '2017-04-27 14:59:34', '2017-04-27 14:59:34', '05627c3e-1b1e-4e8c-a593-95ebc1c263e8'),
 ('49', 'Entry', '2017-05-02 14:13:29', '2017-05-02 14:13:29', '7f26a0d6-6ce8-450b-be47-0a6be1a9ba40'),
 ('51', 'Entry', '2017-05-02 14:20:50', '2017-05-02 14:20:50', '304fcdd5-2552-4f91-bfbf-709643cb6be1'),
 ('52', 'Entry', '2017-05-02 14:21:01', '2017-05-02 14:21:01', 'd3cda389-1256-4fa9-b029-205f620c3913'),
 ('55', 'Entry', '2017-05-02 14:24:15', '2017-05-02 14:24:15', 'ad285aba-a689-44c2-a5b5-85718061d216'),
 ('56', 'Entry', '2017-05-02 14:24:42', '2017-05-02 14:24:42', '6dc7898e-5e26-4a32-bed1-86d157d463e7'),
 ('66', 'MatrixBlock', '2017-05-02 15:33:10', '2017-05-02 15:33:10', '66494064-02ba-44a3-8711-11d1d9896953'),
 ('74', 'MatrixBlock', '2017-05-04 14:49:34', '2017-05-04 14:49:34', '6c4faa2d-b3ec-4262-8406-4b1166d54442'),
 ('75', 'Entry', '2017-05-04 14:57:00', '2017-05-04 14:57:00', 'c2512617-af46-4951-8580-296762af3cd8'),
 ('78', 'Entry', '2017-05-05 13:27:48', '2017-05-05 13:27:48', 'de768fbf-fccd-4604-98f0-39d847f3ff4a'),
 ('79', 'Entry', '2017-05-05 13:28:09', '2017-05-05 13:28:09', 'f60f4a85-f8a5-43f3-beff-cfa692171859'),
 ('80', 'Entry', '2017-05-05 13:36:34', '2017-05-05 13:36:34', 'a9a27c06-58c6-41a7-ac63-be9974de163b');



DROP TABLE IF EXISTS `craft_fieldlayouttabs`;


--
-- Schema for table `craft_fieldlayouttabs`
--
CREATE TABLE `craft_fieldlayouttabs` (
  `id` int(11) NOT NULL AUTO_INCREMENT,
  `layoutId` int(11) NOT NULL,
  `name` varchar(255) COLLATE utf8_unicode_ci NOT NULL,
  `sortOrder` smallint(6) unsigned DEFAULT NULL,
  `dateCreated` datetime NOT NULL,
  `dateUpdated` datetime NOT NULL,
  `uid` char(36) COLLATE utf8_unicode_ci NOT NULL DEFAULT '0',
  PRIMARY KEY (`id`),
  KEY `craft_fieldlayouttabs_sortOrder_idx` (`sortOrder`),
  KEY `craft_fieldlayouttabs_layoutId_fk` (`layoutId`)
) ENGINE=InnoDB AUTO_INCREMENT=57 DEFAULT CHARSET=utf8 COLLATE=utf8_unicode_ci;

--
-- Data for table `craft_fieldlayouttabs`
--

INSERT INTO `craft_fieldlayouttabs` (`id`, `layoutId`, `name`, `sortOrder`, `dateCreated`, `dateUpdated`, `uid`) VALUES
 ('3', '24', 'Content', '1', '2017-04-20 13:48:10', '2017-04-20 13:48:10', 'acf7c4f4-e045-4fd8-a14a-eaf0de10c811'),
 ('4', '25', 'Content', '1', '2017-04-20 13:48:51', '2017-04-20 13:48:51', 'b51beaea-5d63-4e3b-859b-248068e7b435'),
 ('15', '36', 'Tab 1', '1', '2017-04-20 14:01:43', '2017-04-20 14:01:43', '475f5fc0-f7e2-41a4-b6da-0f05ee28d915'),
 ('16', '37', 'Tab 1', '1', '2017-04-20 14:02:02', '2017-04-20 14:02:02', '2c245062-349b-48a7-88ce-9a26fba65798'),
 ('17', '39', 'Content', '1', '2017-04-20 14:33:24', '2017-04-20 14:33:24', 'f4e8d188-c21b-453b-bdb0-a866f2095f02'),
 ('25', '49', 'Tab 1', '1', '2017-05-02 14:13:29', '2017-05-02 14:13:29', 'ff93cc9e-ac9f-4b86-9162-72eca619935e'),
 ('27', '51', 'Tab 1', '1', '2017-05-02 14:20:50', '2017-05-02 14:20:50', 'cbdedd77-8b22-44b0-b634-17b71dea2e8e'),
 ('28', '52', 'Tab 1', '1', '2017-05-02 14:21:01', '2017-05-02 14:21:01', '126dda90-dc81-491f-8bba-31bf51279b5d'),
 ('31', '55', 'Content', '1', '2017-05-02 14:24:15', '2017-05-02 14:24:15', 'cf7026d2-f345-4ba0-aa96-f2bd11e18fb8'),
 ('32', '56', 'Tab 1', '1', '2017-05-02 14:24:42', '2017-05-02 14:24:42', '94034cd4-dc63-40a3-ac83-7c67a0509648'),
 ('42', '66', 'Content', '1', '2017-05-02 15:33:10', '2017-05-02 15:33:10', 'c3cde469-6509-4cd9-b194-7e675e3eb7eb'),
 ('50', '74', 'Content', '1', '2017-05-04 14:49:34', '2017-05-04 14:49:34', 'd88b39c9-856c-405c-8746-adde5291e73a'),
 ('51', '75', 'Tab 1', '1', '2017-05-04 14:57:00', '2017-05-04 14:57:00', '18bcb1e0-0518-4e75-b07f-acb47198fd0a'),
 ('54', '78', 'Tab 1', '1', '2017-05-05 13:27:48', '2017-05-05 13:27:48', 'e2f2b421-8fd8-435b-9acc-405f093dd167'),
 ('55', '79', 'Tab 1', '1', '2017-05-05 13:28:09', '2017-05-05 13:28:09', 'ccdf7b58-f664-4998-840b-794f88a0dfeb'),
 ('56', '80', 'Tab 1', '1', '2017-05-05 13:36:34', '2017-05-05 13:36:34', 'fb92487e-070f-4f18-93c6-4a9ae65d1197');



DROP TABLE IF EXISTS `craft_fields`;


--
-- Schema for table `craft_fields`
--
CREATE TABLE `craft_fields` (
  `id` int(11) NOT NULL AUTO_INCREMENT,
  `groupId` int(11) DEFAULT NULL,
  `name` varchar(255) COLLATE utf8_unicode_ci NOT NULL,
  `handle` varchar(58) COLLATE utf8_unicode_ci NOT NULL,
  `context` varchar(255) COLLATE utf8_unicode_ci NOT NULL DEFAULT 'global',
  `instructions` text COLLATE utf8_unicode_ci,
  `translatable` tinyint(1) unsigned NOT NULL DEFAULT '0',
  `type` varchar(150) COLLATE utf8_unicode_ci NOT NULL,
  `settings` text COLLATE utf8_unicode_ci,
  `dateCreated` datetime NOT NULL,
  `dateUpdated` datetime NOT NULL,
  `uid` char(36) COLLATE utf8_unicode_ci NOT NULL DEFAULT '0',
  PRIMARY KEY (`id`),
  UNIQUE KEY `craft_fields_handle_context_unq_idx` (`handle`,`context`),
  KEY `craft_fields_context_idx` (`context`),
  KEY `craft_fields_groupId_fk` (`groupId`)
) ENGINE=InnoDB AUTO_INCREMENT=57 DEFAULT CHARSET=utf8 COLLATE=utf8_unicode_ci;

--
-- Data for table `craft_fields`
--

INSERT INTO `craft_fields` (`id`, `groupId`, `name`, `handle`, `context`, `instructions`, `translatable`, `type`, `settings`, `dateCreated`, `dateUpdated`, `uid`) VALUES
 ('1', '1', 'Body', 'body', 'global', NULL, '1', 'RichText', '{\"configFile\":\"Standard.json\",\"columnType\":\"text\"}', '2017-04-18 15:33:03', '2017-04-18 15:33:03', '85e9ff60-4658-40f0-9679-ef64f67e744e'),
 ('2', '1', 'Tags', 'tags', 'global', NULL, '0', 'Tags', '{\"source\":\"taggroup:1\"}', '2017-04-18 15:33:03', '2017-04-18 15:33:03', '52367973-d067-489b-8c7a-7953b1148e67'),
 ('3', '1', 'Logo', 'logo', 'global', '', '0', 'Assets', '{\"useSingleFolder\":\"\",\"defaultUploadLocationSubpath\":\"\",\"singleUploadLocationSubpath\":\"\",\"restrictFiles\":\"\",\"limit\":\"\",\"viewMode\":\"list\",\"selectionLabel\":\"\"}', '2017-04-20 13:32:53', '2017-04-20 13:32:53', '035af0bf-2ebd-45bc-97cf-8d2afeee9bd7'),
 ('4', '1', 'Search Icon', 'searchIcon', 'global', '', '0', 'Assets', '{\"useSingleFolder\":\"\",\"defaultUploadLocationSubpath\":\"\",\"singleUploadLocationSubpath\":\"\",\"restrictFiles\":\"\",\"limit\":\"\",\"viewMode\":\"list\",\"selectionLabel\":\"\"}', '2017-04-20 13:33:07', '2017-04-20 13:33:07', '70752823-1bf9-4131-8d5b-dd6a529e6088'),
 ('5', '1', 'Footer Title', 'footerTitle', 'global', '', '0', 'PlainText', '{\"placeholder\":\"\",\"maxLength\":\"\",\"multiline\":\"\",\"initialRows\":\"4\"}', '2017-04-20 13:33:25', '2017-04-20 13:33:25', '5897990c-7a13-4b30-9240-6f3ac0447d90'),
 ('6', '1', 'Footer Text', 'footerText', 'global', '', '0', 'PlainText', '{\"placeholder\":\"\",\"maxLength\":\"\",\"multiline\":\"\",\"initialRows\":\"4\"}', '2017-04-20 13:33:38', '2017-04-20 13:33:38', 'ccdff13d-c4f3-41db-8903-a3e70581b69e'),
 ('7', '1', 'Social Name', 'socialName', 'global', '', '0', 'Matrix', '{\"maxBlocks\":null}', '2017-04-20 13:33:56', '2017-04-20 13:33:56', '270ecd98-36f1-4d99-9333-f3cdd51a8968'),
 ('8', '1', 'Footer Address', 'footerAddress', 'global', '', '0', 'RichText', '{\"configFile\":\"\",\"availableAssetSources\":\"*\",\"availableTransforms\":\"*\",\"cleanupHtml\":\"1\",\"purifyHtml\":\"1\",\"columnType\":\"text\"}', '2017-04-20 13:34:19', '2017-04-20 13:34:19', 'a358469e-abc0-4cbd-a713-b011d3c8b639'),
 ('9', '1', 'Phone Number', 'phoneNumber', 'global', '', '0', 'PlainText', '{\"placeholder\":\"\",\"maxLength\":\"\",\"multiline\":\"\",\"initialRows\":\"4\"}', '2017-04-20 13:34:39', '2017-04-20 13:34:39', '45cc7d96-3aaa-4fa6-813e-dd78bf54e341'),
 ('10', '1', 'Fax Number', 'faxNumber', 'global', '', '0', 'PlainText', '{\"placeholder\":\"\",\"maxLength\":\"\",\"multiline\":\"\",\"initialRows\":\"4\"}', '2017-04-20 13:34:51', '2017-04-20 13:34:51', '3bdc8ae9-4cf6-4c93-9b4a-09238ba94371'),
 ('11', '1', 'Credit at Kent', 'creditAtKent', 'global', '', '0', 'RichText', '{\"configFile\":\"\",\"availableAssetSources\":\"*\",\"availableTransforms\":\"*\",\"cleanupHtml\":\"1\",\"purifyHtml\":\"1\",\"columnType\":\"text\"}', '2017-04-20 13:35:22', '2017-04-20 13:35:22', '25a64752-752a-40d1-99ac-1ec92e72fdbb'),
 ('12', '1', 'Grade Level', 'gradeLevel', 'global', '', '0', 'PlainText', '{\"placeholder\":\"\",\"maxLength\":\"\",\"multiline\":\"\",\"initialRows\":\"4\"}', '2017-04-20 13:35:37', '2017-04-20 13:35:37', '85c0bdc4-9587-4da3-b1a7-d9c8b1d44f4a'),
 ('13', '1', 'School', 'school', 'global', '', '0', 'PlainText', '{\"placeholder\":\"\",\"maxLength\":\"\",\"multiline\":\"\",\"initialRows\":\"4\"}', '2017-04-20 13:35:54', '2017-04-20 13:35:54', '17b01cf2-a93d-4c78-a86b-94a14aba7cdc'),
 ('14', '1', 'Length', 'length', 'global', '', '0', 'PlainText', '{\"placeholder\":\"\",\"maxLength\":\"\",\"multiline\":\"\",\"initialRows\":\"4\"}', '2017-04-20 13:36:41', '2017-04-20 13:36:41', '34d94a62-496f-4012-8a22-66b4b9794e35'),
 ('15', '1', 'Feature Image', 'featureImage', 'global', '', '0', 'Assets', '{\"useSingleFolder\":\"\",\"sources\":\"*\",\"defaultUploadLocationSource\":\"1\",\"defaultUploadLocationSubpath\":\"\",\"singleUploadLocationSource\":\"1\",\"singleUploadLocationSubpath\":\"\",\"restrictFiles\":\"\",\"limit\":\"\",\"viewMode\":\"list\",\"selectionLabel\":\"\"}', '2017-04-20 13:36:51', '2017-04-27 14:17:25', '5b314c35-bb2e-4bf7-89fc-1be09870ff3a'),
 ('16', '1', 'Accepting Applications ', 'applicationLightSwitch', 'global', '', '0', 'Lightswitch', '{\"default\":\"1\"}', '2017-04-20 13:37:19', '2017-05-02 15:31:50', '4a505c32-cc26-46ec-bb53-2153b476a023'),
 ('17', '1', 'Classes', 'classes', 'global', '', '0', 'Entries', '{\"sources\":[\"section:4\"],\"limit\":\"\",\"selectionLabel\":\"\"}', '2017-04-20 13:37:40', '2017-05-05 13:20:23', '511f29c1-06fe-42e0-92df-3930e71aae9f'),
 ('18', '1', 'Syllabus', 'syllabus', 'global', '', '0', 'Assets', '{\"useSingleFolder\":\"\",\"defaultUploadLocationSubpath\":\"\",\"singleUploadLocationSubpath\":\"\",\"restrictFiles\":\"\",\"limit\":\"\",\"viewMode\":\"list\",\"selectionLabel\":\"\"}', '2017-04-20 13:38:01', '2017-04-20 13:38:01', '59c6ec29-83c8-4a0d-93b8-cd6afe41f936'),
 ('19', '1', 'Instructor', 'instructor', 'global', '', '0', 'Entries', '{\"sources\":[\"section:7\"],\"limit\":\"\",\"selectionLabel\":\"\"}', '2017-04-20 13:38:16', '2017-05-05 13:38:52', '5f5733f8-3b05-43f6-b59b-1b4d82b448e0'),
 ('20', '1', 'Course Access Link', 'courseAccessLink', 'global', '', '0', 'PlainText', '{\"placeholder\":\"\",\"maxLength\":\"\",\"multiline\":\"\",\"initialRows\":\"4\"}', '2017-04-20 13:38:40', '2017-04-20 13:38:40', 'a08c1b16-93c9-415f-88df-49fa747d5854'),
 ('21', '1', 'Program', 'program', 'global', '', '0', 'Entries', '{\"sources\":[\"section:3\"],\"limit\":\"\",\"selectionLabel\":\"\"}', '2017-04-20 13:38:59', '2017-05-05 13:28:58', 'f90bf93d-e3cc-4114-89a3-a70922652e5e'),
 ('22', '1', 'Admissions Link', 'admissionsLink', 'global', '', '0', 'Entries', '{\"sources\":\"*\",\"limit\":\"\",\"selectionLabel\":\"\"}', '2017-04-20 13:39:57', '2017-04-20 13:39:57', '36befb88-1179-46d2-b987-828b2e73ed32'),
 ('23', '1', 'Admissions Text', 'admissionsText', 'global', '', '0', 'PlainText', '{\"placeholder\":\"\",\"maxLength\":\"\",\"multiline\":\"\",\"initialRows\":\"4\"}', '2017-04-20 13:40:06', '2017-04-20 13:40:06', '3e96cc1f-87df-46b8-b5b5-2830332fb432'),
 ('24', '1', 'Admissions Title', 'admissionsTitle', 'global', '', '0', 'PlainText', '{\"placeholder\":\"\",\"maxLength\":\"\",\"multiline\":\"\",\"initialRows\":\"4\"}', '2017-04-20 13:40:11', '2017-04-20 13:40:11', '4f813bcf-9b16-408f-a631-50e333c04955'),
 ('25', '1', 'Date/Time', 'dateTime', 'global', '', '0', 'Date', '{\"minuteIncrement\":\"30\",\"showDate\":1,\"showTime\":0}', '2017-04-20 13:40:38', '2017-04-20 13:40:38', 'ffbb7894-8a1f-4439-b160-dea920b58d42'),
 ('26', '1', 'Email Address', 'emailAddress', 'global', '', '0', 'PlainText', '{\"placeholder\":\"\",\"maxLength\":\"\",\"multiline\":\"\",\"initialRows\":\"4\"}', '2017-04-20 13:40:55', '2017-04-20 13:40:55', '63f507af-f634-44bf-ad96-7172337bc6bb'),
 ('27', '1', 'Event Description', 'eventDescription', 'global', '', '0', 'RichText', '{\"configFile\":\"\",\"availableAssetSources\":\"*\",\"availableTransforms\":\"*\",\"cleanupHtml\":\"1\",\"purifyHtml\":\"1\",\"columnType\":\"text\"}', '2017-04-20 13:41:25', '2017-04-20 13:41:25', 'dda66846-a8ab-4b9a-aeee-43c6120079c0'),
 ('28', '1', 'Faculty ', 'faculty', 'global', '', '0', 'Entries', '{\"sources\":[\"section:7\"],\"limit\":\"\",\"selectionLabel\":\"\"}', '2017-04-20 13:41:49', '2017-05-05 13:37:48', '341871a2-1543-48a9-b65b-edc049c7d2aa'),
 ('30', '1', 'Form Link', 'formLink', 'global', '', '0', 'Assets', '{\"useSingleFolder\":\"\",\"defaultUploadLocationSubpath\":\"\",\"singleUploadLocationSubpath\":\"\",\"restrictFiles\":\"\",\"limit\":\"\",\"viewMode\":\"list\",\"selectionLabel\":\"\"}', '2017-04-20 13:42:56', '2017-04-20 13:42:56', 'fc412ba2-163c-4657-8aa5-58f3b4851770'),
 ('31', '1', 'General Admissions Light Switch', 'generalAdmissionsLightSwitch', 'global', '', '0', 'Lightswitch', '{\"default\":\"1\"}', '2017-04-20 13:43:46', '2017-04-20 13:43:46', '6731773d-7dfa-4b2b-852c-75ff68c2bf37'),
 ('32', '1', 'News', 'news', 'global', '', '0', 'PlainText', '{\"placeholder\":\"\",\"maxLength\":\"\",\"multiline\":\"\",\"initialRows\":\"4\"}', '2017-04-20 13:44:30', '2017-04-20 13:44:30', '314dc7cf-0ac3-4578-91fc-8d27e45848b9'),
 ('33', '1', 'Pathway Title', 'pathwayTitle', 'global', '', '0', 'PlainText', '{\"placeholder\":\"\",\"maxLength\":\"\",\"multiline\":\"\",\"initialRows\":\"4\"}', '2017-04-20 13:45:08', '2017-04-20 13:45:08', 'dc2d42e4-193d-4ac2-abd3-c1974f53e253'),
 ('34', '1', 'Programs Link', 'programsLink', 'global', '', '0', 'Entries', '{\"sources\":\"*\",\"limit\":\"\",\"selectionLabel\":\"\"}', '2017-04-20 13:45:40', '2017-04-20 13:45:40', '5600df62-2e25-4a44-b23e-f8eee9fec7c6'),
 ('35', '1', 'Programs Matrix', 'programsMatrix', 'global', '', '0', 'Matrix', '{\"maxBlocks\":null}', '2017-04-20 13:45:54', '2017-05-02 15:33:10', '9d4889dd-f286-448b-878c-27d4f784bbae'),
 ('36', '1', 'Welcome Title', 'welcomeTitle', 'global', '', '0', 'PlainText', '{\"placeholder\":\"\",\"maxLength\":\"\",\"multiline\":\"\",\"initialRows\":\"4\"}', '2017-04-20 13:46:21', '2017-04-20 13:46:21', '744e6fb2-d59a-499d-a386-2a0b417abca1'),
 ('37', '1', 'Admissions', 'admissions', 'global', '', '0', 'Entries', '{\"sources\":\"*\",\"limit\":\"\",\"selectionLabel\":\"\"}', '2017-04-20 14:32:58', '2017-04-20 14:32:58', '8ba9e6ef-2ffc-4ac3-be76-7bb4d0dacde3'),
 ('38', '1', 'Pathways', 'pathways', 'global', '', '0', 'Categories', '{\"source\":\"group:1\",\"limit\":\"\",\"selectionLabel\":\"\"}', '2017-04-20 15:00:09', '2017-04-20 15:00:09', 'ff1dabd9-12f0-4de5-8cbc-61d724cb3bf7'),
 ('39', '1', 'Event Type', 'eventType', 'global', '', '0', 'Categories', '{\"source\":\"group:4\",\"limit\":\"\",\"selectionLabel\":\"\"}', '2017-05-02 14:23:10', '2017-05-02 14:23:10', '0263ef74-d498-45f1-94e8-af60f0fe1b2a'),
 ('45', NULL, 'Title', 'heading', 'matrixBlockType:6', '', '0', 'PlainText', '{\"placeholder\":\"\",\"maxLength\":\"\",\"multiline\":\"\",\"initialRows\":\"4\"}', '2017-05-02 15:30:02', '2017-05-02 15:33:10', 'ff3bf5a5-969f-4f87-aec0-99018c4fd17d'),
 ('46', NULL, 'Text', 'text', 'matrixBlockType:6', '', '0', 'Table', '{\"columns\":{\"col1\":{\"heading\":\"BulletPoint\",\"handle\":\"bulletpoint\",\"width\":\"\",\"type\":\"singleline\"}},\"defaults\":{\"row1\":{\"col1\":\"\"}}}', '2017-05-02 15:30:02', '2017-05-02 15:33:10', '93db82e8-4631-4cbd-a401-9fdc490f03f1'),
 ('47', '1', 'General Text', 'generalText', 'global', '', '0', 'RichText', '{\"configFile\":\"\",\"availableAssetSources\":\"*\",\"availableTransforms\":\"*\",\"cleanupHtml\":\"1\",\"purifyHtml\":\"1\",\"columnType\":\"text\"}', '2017-05-02 16:01:48', '2017-05-02 16:01:48', '2d79fad3-c41b-49e6-ba26-b89c38bf3568'),
 ('50', '1', 'Application Deadlines', 'applicationDeadlines', 'global', '', '0', 'Table', '{\"columns\":{\"col1\":{\"heading\":\"Program\",\"handle\":\"program\",\"width\":\"\",\"type\":\"singleline\"},\"col2\":{\"heading\":\"Fall\",\"handle\":\"fall\",\"width\":\"\",\"type\":\"singleline\"},\"col3\":{\"heading\":\"Spring\",\"handle\":\"spring\",\"width\":\"\",\"type\":\"singleline\"}},\"defaults\":{\"row1\":{\"col1\":\"\",\"col2\":\"\",\"col3\":\"\"}}}', '2017-05-04 14:03:01', '2017-05-04 14:03:01', 'bc8734c9-515d-4320-bd43-d75b4f01352f'),
 ('51', '1', 'Admissions Matrix', 'admissionsMatrix', 'global', '', '0', 'Matrix', '{\"maxBlocks\":null}', '2017-05-04 14:21:31', '2017-05-04 14:49:34', '27a2fb20-6ce3-4d91-93fd-093f0ed7002e'),
 ('52', NULL, 'Course Title', 'courseTitle', 'matrixBlockType:7', '', '0', 'PlainText', '{\"placeholder\":\"\",\"maxLength\":\"\",\"multiline\":\"\",\"initialRows\":\"4\"}', '2017-05-04 14:21:31', '2017-05-04 14:49:34', 'eb7ebc36-d820-48fd-bb85-0d9cbd7f1f2e'),
 ('53', NULL, 'Description ', 'description', 'matrixBlockType:7', 'Put the admissions criteria here', '0', 'RichText', '{\"configFile\":\"\",\"availableAssetSources\":\"*\",\"availableTransforms\":\"*\",\"cleanupHtml\":\"1\",\"purifyHtml\":\"1\",\"columnType\":\"text\"}', '2017-05-04 14:21:31', '2017-05-04 14:49:34', '110eaff7-eae9-4261-a89d-1d33105fdb5a'),
 ('54', NULL, 'Matrix Lightswitch', 'matrixLightswitch', 'matrixBlockType:7', 'Turn this on if the course is accepting applications', '0', 'Lightswitch', '{\"default\":\"\"}', '2017-05-04 14:35:12', '2017-05-04 14:49:34', '1a8e8622-b5a4-49fb-9dd7-7a026efb3ed8'),
 ('55', '1', 'Admissions Dates', 'admissionsDates', 'global', 'Text describing the calendar at the bottom of admissions page', '0', 'RichText', '{\"configFile\":\"\",\"availableAssetSources\":\"*\",\"availableTransforms\":\"*\",\"cleanupHtml\":\"1\",\"purifyHtml\":\"1\",\"columnType\":\"text\"}', '2017-05-04 14:56:49', '2017-05-04 14:56:49', '2a19696e-4b98-41a6-86e5-5a8fd72c7320'),
 ('56', '1', 'Faculty Type ', 'facultyType', 'global', '', '0', 'Categories', '{\"source\":\"group:3\",\"limit\":\"\",\"selectionLabel\":\"\"}', '2017-05-05 13:35:57', '2017-05-05 13:35:57', 'bb7361a1-481d-4c19-98af-c4bdb4bea6f4');



DROP TABLE IF EXISTS `craft_globalsets`;


--
-- Schema for table `craft_globalsets`
--
CREATE TABLE `craft_globalsets` (
  `id` int(11) NOT NULL,
  `name` varchar(255) COLLATE utf8_unicode_ci NOT NULL,
  `handle` varchar(255) COLLATE utf8_unicode_ci NOT NULL,
  `fieldLayoutId` int(10) DEFAULT NULL,
  `dateCreated` datetime NOT NULL,
  `dateUpdated` datetime NOT NULL,
  `uid` char(36) COLLATE utf8_unicode_ci NOT NULL DEFAULT '0',
  PRIMARY KEY (`id`),
  UNIQUE KEY `craft_globalsets_name_unq_idx` (`name`),
  UNIQUE KEY `craft_globalsets_handle_unq_idx` (`handle`),
  KEY `craft_globalsets_fieldLayoutId_fk` (`fieldLayoutId`)
) ENGINE=InnoDB DEFAULT CHARSET=utf8 COLLATE=utf8_unicode_ci;

--
-- Data for table `craft_globalsets`
--

INSERT INTO `craft_globalsets` (`id`, `name`, `handle`, `fieldLayoutId`, `dateCreated`, `dateUpdated`, `uid`) VALUES
 ('7', 'Header', 'header', '25', '2017-04-20 13:46:52', '2017-04-20 13:48:51', '72f30217-8ec2-4e2b-8dfe-a7e36dc74da8'),
 ('8', 'Footer', 'footer', '24', '2017-04-20 13:46:56', '2017-04-20 13:48:10', '3ac3f79e-a791-471f-9b80-daf25ab59775');



DROP TABLE IF EXISTS `craft_info`;


--
-- Schema for table `craft_info`
--
CREATE TABLE `craft_info` (
  `id` int(11) NOT NULL AUTO_INCREMENT,
  `version` varchar(50) COLLATE utf8_unicode_ci NOT NULL,
  `schemaVersion` varchar(15) COLLATE utf8_unicode_ci NOT NULL,
  `edition` tinyint(1) unsigned NOT NULL DEFAULT '0',
  `siteName` varchar(100) COLLATE utf8_unicode_ci NOT NULL,
  `siteUrl` varchar(255) COLLATE utf8_unicode_ci NOT NULL,
  `timezone` varchar(30) COLLATE utf8_unicode_ci DEFAULT NULL,
  `on` tinyint(1) unsigned NOT NULL DEFAULT '0',
  `maintenance` tinyint(1) unsigned NOT NULL DEFAULT '0',
  `dateCreated` datetime NOT NULL,
  `dateUpdated` datetime NOT NULL,
  `uid` char(36) COLLATE utf8_unicode_ci NOT NULL DEFAULT '0',
  PRIMARY KEY (`id`)
) ENGINE=InnoDB AUTO_INCREMENT=2 DEFAULT CHARSET=utf8 COLLATE=utf8_unicode_ci;

--
-- Data for table `craft_info`
--

INSERT INTO `craft_info` (`id`, `version`, `schemaVersion`, `edition`, `siteName`, `siteUrl`, `timezone`, `on`, `maintenance`, `dateCreated`, `dateUpdated`, `uid`) VALUES
 ('1', '2.6.2983', '2.6.9', '0', 'Careertech', 'http://careertech.web', 'UTC', '1', '0', '2017-04-18 15:32:57', '2017-07-18 18:45:56', '0194bf23-446b-41f8-a7ca-18aff7a009ef');



DROP TABLE IF EXISTS `craft_locales`;


--
-- Schema for table `craft_locales`
--
CREATE TABLE `craft_locales` (
  `locale` char(12) COLLATE utf8_unicode_ci NOT NULL,
  `sortOrder` smallint(6) unsigned DEFAULT NULL,
  `dateCreated` datetime NOT NULL,
  `dateUpdated` datetime NOT NULL,
  `uid` char(36) COLLATE utf8_unicode_ci NOT NULL DEFAULT '0',
  PRIMARY KEY (`locale`),
  KEY `craft_locales_sortOrder_idx` (`sortOrder`)
) ENGINE=InnoDB DEFAULT CHARSET=utf8 COLLATE=utf8_unicode_ci;

--
-- Data for table `craft_locales`
--

INSERT INTO `craft_locales` (`locale`, `sortOrder`, `dateCreated`, `dateUpdated`, `uid`) VALUES
 ('en_us', '1', '2017-04-18 15:32:58', '2017-04-18 15:32:58', 'b32b316c-c584-4531-8359-55fd796c9e8e');



DROP TABLE IF EXISTS `craft_matrixblocks`;


--
-- Schema for table `craft_matrixblocks`
--
CREATE TABLE `craft_matrixblocks` (
  `id` int(11) NOT NULL,
  `ownerId` int(11) NOT NULL,
  `fieldId` int(11) NOT NULL,
  `typeId` int(11) DEFAULT NULL,
  `sortOrder` smallint(6) unsigned DEFAULT NULL,
  `ownerLocale` char(12) COLLATE utf8_unicode_ci DEFAULT NULL,
  `dateCreated` datetime NOT NULL,
  `dateUpdated` datetime NOT NULL,
  `uid` char(36) COLLATE utf8_unicode_ci NOT NULL DEFAULT '0',
  PRIMARY KEY (`id`),
  KEY `craft_matrixblocks_ownerId_idx` (`ownerId`),
  KEY `craft_matrixblocks_fieldId_idx` (`fieldId`),
  KEY `craft_matrixblocks_typeId_idx` (`typeId`),
  KEY `craft_matrixblocks_sortOrder_idx` (`sortOrder`),
  KEY `craft_matrixblocks_ownerLocale_fk` (`ownerLocale`)
) ENGINE=InnoDB DEFAULT CHARSET=utf8 COLLATE=utf8_unicode_ci;

--
-- Data for table `craft_matrixblocks`
--

INSERT INTO `craft_matrixblocks` (`id`, `ownerId`, `fieldId`, `typeId`, `sortOrder`, `ownerLocale`, `dateCreated`, `dateUpdated`, `uid`) VALUES
 ('41', '26', '35', '6', '1', NULL, '2017-05-02 15:33:52', '2017-05-04 15:34:37', 'caecb21e-da87-4ec5-a695-d62910538247'),
 ('42', '26', '35', '6', '2', NULL, '2017-05-02 15:58:01', '2017-05-04 15:34:37', '8c79a1ac-0818-4860-a754-83a848dd0331'),
 ('43', '9', '51', '7', '1', NULL, '2017-05-04 14:25:04', '2017-05-04 14:57:23', '49e3742c-90cc-450c-8987-cf5ca6805a6a'),
 ('44', '9', '51', '7', '2', NULL, '2017-05-04 14:25:04', '2017-05-04 14:57:23', '1c6449c7-9b5b-4fc1-87a8-8d29e85f173d');



DROP TABLE IF EXISTS `craft_matrixblocktypes`;


--
-- Schema for table `craft_matrixblocktypes`
--
CREATE TABLE `craft_matrixblocktypes` (
  `id` int(11) NOT NULL AUTO_INCREMENT,
  `fieldId` int(11) NOT NULL,
  `fieldLayoutId` int(11) DEFAULT NULL,
  `name` varchar(255) COLLATE utf8_unicode_ci NOT NULL,
  `handle` varchar(255) COLLATE utf8_unicode_ci NOT NULL,
  `sortOrder` smallint(6) unsigned DEFAULT NULL,
  `dateCreated` datetime NOT NULL,
  `dateUpdated` datetime NOT NULL,
  `uid` char(36) COLLATE utf8_unicode_ci NOT NULL DEFAULT '0',
  PRIMARY KEY (`id`),
  UNIQUE KEY `craft_matrixblocktypes_name_fieldId_unq_idx` (`name`,`fieldId`),
  UNIQUE KEY `craft_matrixblocktypes_handle_fieldId_unq_idx` (`handle`,`fieldId`),
  KEY `craft_matrixblocktypes_fieldId_fk` (`fieldId`),
  KEY `craft_matrixblocktypes_fieldLayoutId_fk` (`fieldLayoutId`)
) ENGINE=InnoDB AUTO_INCREMENT=8 DEFAULT CHARSET=utf8 COLLATE=utf8_unicode_ci;

--
-- Data for table `craft_matrixblocktypes`
--

INSERT INTO `craft_matrixblocktypes` (`id`, `fieldId`, `fieldLayoutId`, `name`, `handle`, `sortOrder`, `dateCreated`, `dateUpdated`, `uid`) VALUES
 ('6', '35', '66', 'Program Overview', 'programOverview', '1', '2017-05-02 15:30:02', '2017-05-02 15:33:10', 'b01c7f53-a073-438f-bd07-9555df6e01cd'),
 ('7', '51', '74', 'criteria', 'criteria', '1', '2017-05-04 14:21:31', '2017-05-04 14:49:34', 'bffcfea2-28c6-4431-aef8-db5ec0398066');



DROP TABLE IF EXISTS `craft_matrixcontent_admissionsmatrix`;


--
-- Schema for table `craft_matrixcontent_admissionsmatrix`
--
CREATE TABLE `craft_matrixcontent_admissionsmatrix` (
  `id` int(11) NOT NULL AUTO_INCREMENT,
  `elementId` int(11) NOT NULL,
  `locale` char(12) COLLATE utf8_unicode_ci NOT NULL,
  `field_criteria_courseTitle` text COLLATE utf8_unicode_ci,
  `field_criteria_description` text COLLATE utf8_unicode_ci,
  `field_criteria_matrixLightswitch` tinyint(1) unsigned NOT NULL DEFAULT '0',
  `dateCreated` datetime NOT NULL,
  `dateUpdated` datetime NOT NULL,
  `uid` char(36) COLLATE utf8_unicode_ci NOT NULL DEFAULT '0',
  PRIMARY KEY (`id`),
  UNIQUE KEY `craft_matrixcontent_admissionsmatrix_elementId_locale_unq_idx` (`elementId`,`locale`),
  KEY `craft_matrixcontent_admissionsmatrix_locale_fk` (`locale`)
) ENGINE=InnoDB AUTO_INCREMENT=3 DEFAULT CHARSET=utf8 COLLATE=utf8_unicode_ci;

--
-- Data for table `craft_matrixcontent_admissionsmatrix`
--

INSERT INTO `craft_matrixcontent_admissionsmatrix` (`id`, `elementId`, `locale`, `field_criteria_courseTitle`, `field_criteria_description`, `field_criteria_matrixLightswitch`, `dateCreated`, `dateUpdated`, `uid`) VALUES
 ('1', '43', 'en_us', 'Specific 1', '<p>Lorem ipsum dolor sit amet, consectetuer adipiscing elit. Aenean commodo ligula eget dolor. Aenean massa. Cum sociis natoque penatibus et magnis dis parturient montes, nascetur ridiculus mus.	</p>', '1', '2017-05-04 14:25:04', '2017-05-04 14:57:23', '0e33c4a4-91c9-400f-b480-8ce2ec744a27'),
 ('2', '44', 'en_us', 'Specific 2', '<p>Lorem ipsum dolor sit amet, consectetuer adipiscing elit. Aenean commodo ligula eget dolor. Aenean massa. Cum sociis natoque penatibus et magnis dis parturient montes, nascetur ridiculus mus.</p>', '1', '2017-05-04 14:25:04', '2017-05-04 14:57:23', 'e231a5f4-53fb-47d0-ab0f-6fd1b5eafbc4');



DROP TABLE IF EXISTS `craft_matrixcontent_programsmatrix`;


--
-- Schema for table `craft_matrixcontent_programsmatrix`
--
CREATE TABLE `craft_matrixcontent_programsmatrix` (
  `id` int(11) NOT NULL AUTO_INCREMENT,
  `elementId` int(11) NOT NULL,
  `locale` char(12) COLLATE utf8_unicode_ci NOT NULL,
  `field_programOverview_heading` text COLLATE utf8_unicode_ci,
  `field_programOverview_text` text COLLATE utf8_unicode_ci,
  `dateCreated` datetime NOT NULL,
  `dateUpdated` datetime NOT NULL,
  `uid` char(36) COLLATE utf8_unicode_ci NOT NULL DEFAULT '0',
  PRIMARY KEY (`id`),
  UNIQUE KEY `craft_matrixcontent_programsmatrix_elementId_locale_unq_idx` (`elementId`,`locale`),
  KEY `craft_matrixcontent_programsmatrix_locale_fk` (`locale`)
) ENGINE=InnoDB AUTO_INCREMENT=5 DEFAULT CHARSET=utf8 COLLATE=utf8_unicode_ci;

--
-- Data for table `craft_matrixcontent_programsmatrix`
--

INSERT INTO `craft_matrixcontent_programsmatrix` (`id`, `elementId`, `locale`, `field_programOverview_heading`, `field_programOverview_text`, `dateCreated`, `dateUpdated`, `uid`) VALUES
 ('3', '41', 'en_us', 'General Working Conditions:', '[{\"col1\":\"Working with people and equipment\"},{\"col1\":\"Standing for long periods \"},{\"col1\":\"Working with chemicals\"}]', '2017-05-02 15:33:52', '2017-05-04 15:34:37', '215137aa-5dd5-4e70-b2ea-3e39a65a308f'),
 ('4', '42', 'en_us', 'Areas of Concentration ', '[{\"col1\":\"Styling and Care of the hair using many tools and products\"},{\"col1\":\"shaping and cutting the hair\"},{\"col1\":\"permanently waving or relaxing the hair \"},{\"col1\":\"hair tinting and lightening\"}]', '2017-05-02 15:58:01', '2017-05-04 15:34:37', '1f56e6ba-d4c7-4725-96fd-dcadc71a005a');



DROP TABLE IF EXISTS `craft_matrixcontent_socialname`;


--
-- Schema for table `craft_matrixcontent_socialname`
--
CREATE TABLE `craft_matrixcontent_socialname` (
  `id` int(11) NOT NULL AUTO_INCREMENT,
  `elementId` int(11) NOT NULL,
  `locale` char(12) COLLATE utf8_unicode_ci NOT NULL,
  `dateCreated` datetime NOT NULL,
  `dateUpdated` datetime NOT NULL,
  `uid` char(36) COLLATE utf8_unicode_ci NOT NULL DEFAULT '0',
  PRIMARY KEY (`id`),
  UNIQUE KEY `craft_matrixcontent_socialname_elementId_locale_unq_idx` (`elementId`,`locale`),
  KEY `craft_matrixcontent_socialname_locale_fk` (`locale`)
) ENGINE=InnoDB DEFAULT CHARSET=utf8 COLLATE=utf8_unicode_ci;

DROP TABLE IF EXISTS `craft_migrations`;


--
-- Schema for table `craft_migrations`
--
CREATE TABLE `craft_migrations` (
  `id` int(11) NOT NULL AUTO_INCREMENT,
  `pluginId` int(11) DEFAULT NULL,
  `version` varchar(255) COLLATE utf8_unicode_ci NOT NULL,
  `applyTime` datetime NOT NULL,
  `dateCreated` datetime NOT NULL,
  `dateUpdated` datetime NOT NULL,
  `uid` char(36) COLLATE utf8_unicode_ci NOT NULL DEFAULT '0',
  PRIMARY KEY (`id`),
  UNIQUE KEY `craft_migrations_version_unq_idx` (`version`),
  KEY `craft_migrations_pluginId_fk` (`pluginId`)
) ENGINE=InnoDB AUTO_INCREMENT=66 DEFAULT CHARSET=utf8 COLLATE=utf8_unicode_ci;

--
-- Data for table `craft_migrations`
--

INSERT INTO `craft_migrations` (`id`, `pluginId`, `version`, `applyTime`, `dateCreated`, `dateUpdated`, `uid`) VALUES
 ('1', NULL, 'm000000_000000_base', '2017-04-18 15:32:58', '2017-04-18 15:32:58', '2017-04-18 15:32:58', '95cb4797-0742-412a-958a-7098fdf597f7'),
 ('2', NULL, 'm140730_000001_add_filename_and_format_to_transformindex', '2017-04-18 15:32:58', '2017-04-18 15:32:58', '2017-04-18 15:32:58', '6345c06c-f077-44fa-8b92-db62401c7061'),
 ('3', NULL, 'm140815_000001_add_format_to_transforms', '2017-04-18 15:32:58', '2017-04-18 15:32:58', '2017-04-18 15:32:58', '540011fb-6cce-46f9-bf29-e77b979f2485'),
 ('4', NULL, 'm140822_000001_allow_more_than_128_items_per_field', '2017-04-18 15:32:58', '2017-04-18 15:32:58', '2017-04-18 15:32:58', 'b079ece5-5813-4246-b64f-0c161f989307'),
 ('5', NULL, 'm140829_000001_single_title_formats', '2017-04-18 15:32:58', '2017-04-18 15:32:58', '2017-04-18 15:32:58', 'd4aa80cc-bd46-4a93-bfae-c9b5e134a4dc'),
 ('6', NULL, 'm140831_000001_extended_cache_keys', '2017-04-18 15:32:58', '2017-04-18 15:32:58', '2017-04-18 15:32:58', 'a9e72194-c037-4aec-b4d4-b2f40895768c'),
 ('7', NULL, 'm140922_000001_delete_orphaned_matrix_blocks', '2017-04-18 15:32:58', '2017-04-18 15:32:58', '2017-04-18 15:32:58', '12308340-5069-425a-93b1-1546f6bdff9e'),
 ('8', NULL, 'm141008_000001_elements_index_tune', '2017-04-18 15:32:58', '2017-04-18 15:32:58', '2017-04-18 15:32:58', 'a04b7c6b-d162-47c3-834e-3fd7d6a44605'),
 ('9', NULL, 'm141009_000001_assets_source_handle', '2017-04-18 15:32:58', '2017-04-18 15:32:58', '2017-04-18 15:32:58', '4d6301df-a7db-42f6-80f4-f033e6fcf92d'),
 ('10', NULL, 'm141024_000001_field_layout_tabs', '2017-04-18 15:32:58', '2017-04-18 15:32:58', '2017-04-18 15:32:58', '993606df-7ab2-4137-bf51-d5c393635d87'),
 ('11', NULL, 'm141030_000000_plugin_schema_versions', '2017-04-18 15:32:58', '2017-04-18 15:32:58', '2017-04-18 15:32:58', '9aa0e7d2-658c-4d41-bd22-0f4bca5f5f4c'),
 ('12', NULL, 'm141030_000001_drop_structure_move_permission', '2017-04-18 15:32:58', '2017-04-18 15:32:58', '2017-04-18 15:32:58', '5356ade9-c69a-4107-9259-4ee21b41f2da'),
 ('13', NULL, 'm141103_000001_tag_titles', '2017-04-18 15:32:58', '2017-04-18 15:32:58', '2017-04-18 15:32:58', 'be3c0f5c-01ac-408c-a899-5aebc40a4ec3'),
 ('14', NULL, 'm141109_000001_user_status_shuffle', '2017-04-18 15:32:58', '2017-04-18 15:32:58', '2017-04-18 15:32:58', 'd09a9901-037c-40d6-85dc-77a6678f4986'),
 ('15', NULL, 'm141126_000001_user_week_start_day', '2017-04-18 15:32:58', '2017-04-18 15:32:58', '2017-04-18 15:32:58', '8df1a8ea-d364-429d-924d-acb9d9aea229'),
 ('16', NULL, 'm150210_000001_adjust_user_photo_size', '2017-04-18 15:32:58', '2017-04-18 15:32:58', '2017-04-18 15:32:58', 'b5022374-20be-4e9a-978f-b458c072ee4e'),
 ('17', NULL, 'm150724_000001_adjust_quality_settings', '2017-04-18 15:32:58', '2017-04-18 15:32:58', '2017-04-18 15:32:58', '838dce59-07e0-452c-9500-29e8d4862807'),
 ('18', NULL, 'm150827_000000_element_index_settings', '2017-04-18 15:32:58', '2017-04-18 15:32:58', '2017-04-18 15:32:58', '2d2a7a55-0b50-40f2-97a9-6b591f94ef42'),
 ('19', NULL, 'm150918_000001_add_colspan_to_widgets', '2017-04-18 15:32:58', '2017-04-18 15:32:58', '2017-04-18 15:32:58', '442ee2a3-0f43-44d7-bdec-2a2305c7bd1c'),
 ('20', NULL, 'm151007_000000_clear_asset_caches', '2017-04-18 15:32:58', '2017-04-18 15:32:58', '2017-04-18 15:32:58', 'c2e44ccc-5089-4c6c-a742-f20a3c96dd06'),
 ('21', NULL, 'm151109_000000_text_url_formats', '2017-04-18 15:32:58', '2017-04-18 15:32:58', '2017-04-18 15:32:58', 'c53d76b5-b859-474c-83dc-db2680cf553a'),
 ('22', NULL, 'm151110_000000_move_logo', '2017-04-18 15:32:58', '2017-04-18 15:32:58', '2017-04-18 15:32:58', '9b0c9a89-9757-4229-ba63-c857ccbae673'),
 ('23', NULL, 'm151117_000000_adjust_image_widthheight', '2017-04-18 15:32:58', '2017-04-18 15:32:58', '2017-04-18 15:32:58', '67cbafff-e4b3-4323-a168-3e782f086d8a'),
 ('24', NULL, 'm151127_000000_clear_license_key_status', '2017-04-18 15:32:58', '2017-04-18 15:32:58', '2017-04-18 15:32:58', '1a62373a-e85b-4ba6-a1d2-3ef668d7e1c1'),
 ('25', NULL, 'm151127_000000_plugin_license_keys', '2017-04-18 15:32:58', '2017-04-18 15:32:58', '2017-04-18 15:32:58', 'f5ae0676-a032-47ae-99fb-0c6498374a9b'),
 ('26', NULL, 'm151130_000000_update_pt_widget_feeds', '2017-04-18 15:32:58', '2017-04-18 15:32:58', '2017-04-18 15:32:58', '8ad99ad9-d4f5-47db-b341-bfd1f32ae314'),
 ('27', NULL, 'm160114_000000_asset_sources_public_url_default_true', '2017-04-18 15:32:58', '2017-04-18 15:32:58', '2017-04-18 15:32:58', 'a6138ae2-8763-4720-a543-5596c85605bb'),
 ('28', NULL, 'm160223_000000_sortorder_to_smallint', '2017-04-18 15:32:58', '2017-04-18 15:32:58', '2017-04-18 15:32:58', 'eefca93c-0e91-4bb9-8688-7ccd5282dccd'),
 ('29', NULL, 'm160229_000000_set_default_entry_statuses', '2017-04-18 15:32:58', '2017-04-18 15:32:58', '2017-04-18 15:32:58', '2ceed3cc-e3a6-4a59-b04a-18fe0320e48e'),
 ('30', NULL, 'm160304_000000_client_permissions', '2017-04-18 15:32:58', '2017-04-18 15:32:58', '2017-04-18 15:32:58', 'e5020bf9-da34-4007-a62c-47a4ba56a175'),
 ('31', NULL, 'm160322_000000_asset_filesize', '2017-04-18 15:32:58', '2017-04-18 15:32:58', '2017-04-18 15:32:58', '1215a0d5-db86-45e1-a5b5-4904eeecc674'),
 ('32', NULL, 'm160503_000000_orphaned_fieldlayouts', '2017-04-18 15:32:58', '2017-04-18 15:32:58', '2017-04-18 15:32:58', '8df9d11f-2d41-4264-ad96-a8c95ebafe52'),
 ('33', NULL, 'm160510_000000_tasksettings', '2017-04-18 15:32:58', '2017-04-18 15:32:58', '2017-04-18 15:32:58', 'e9ac496b-ffd2-4848-8588-f5794f381192'),
 ('34', NULL, 'm160829_000000_pending_user_content_cleanup', '2017-04-18 15:32:58', '2017-04-18 15:32:58', '2017-04-18 15:32:58', 'b8548f95-b3d3-4aaa-9c4a-a93cbc2210a7'),
 ('35', NULL, 'm160830_000000_asset_index_uri_increase', '2017-04-18 15:32:58', '2017-04-18 15:32:58', '2017-04-18 15:32:58', '8e59b663-a27a-4086-b781-f0268e2b7ef3'),
 ('36', NULL, 'm160919_000000_usergroup_handle_title_unique', '2017-04-18 15:32:58', '2017-04-18 15:32:58', '2017-04-18 15:32:58', '04e3f917-108b-4ff2-aeab-c823ba0fdbc9'),
 ('37', NULL, 'm161108_000000_new_version_format', '2017-04-18 15:32:58', '2017-04-18 15:32:58', '2017-04-18 15:32:58', 'd3200c8c-0bdc-44cf-95c0-63f727ba7025'),
 ('38', NULL, 'm161109_000000_index_shuffle', '2017-04-18 15:32:58', '2017-04-18 15:32:58', '2017-04-18 15:32:58', 'dfdd4e35-c87d-490c-a224-7975a115500b'),
 ('39', '1', 'm151225_000000_seomatic_addHumansField', '2017-04-25 14:13:28', '2017-04-25 14:13:28', '2017-04-25 14:13:28', 'b7a79965-3e40-4cc7-b941-91d0dba0c26e'),
 ('40', '1', 'm151226_000000_seomatic_addTwitterFacebookFields', '2017-04-25 14:13:28', '2017-04-25 14:13:28', '2017-04-25 14:13:28', '49f6878c-e41d-402e-b548-ee617b9b8228'),
 ('41', '1', 'm160101_000000_seomatic_addRobotsFields', '2017-04-25 14:13:28', '2017-04-25 14:13:28', '2017-04-25 14:13:28', '20130019-7578-464c-acf7-2784ff0bdef6'),
 ('42', '1', 'm160111_000000_seomatic_addTitleFields', '2017-04-25 14:13:28', '2017-04-25 14:13:28', '2017-04-25 14:13:28', '32de52c8-32dd-4a3a-920f-d05474281e96'),
 ('43', '1', 'm160122_000000_seomatic_addTypeFields', '2017-04-25 14:13:28', '2017-04-25 14:13:28', '2017-04-25 14:13:28', 'a83db13c-ef8e-4bbc-8e71-3c54b71b0bdb'),
 ('44', '1', 'm160123_000000_seomatic_addOpeningHours', '2017-04-25 14:13:28', '2017-04-25 14:13:28', '2017-04-25 14:13:28', '7c8b3c35-7e47-49b4-915f-746a14c39214'),
 ('45', '1', 'm160202_000000_seomatic_addSocialHandles', '2017-04-25 14:13:28', '2017-04-25 14:13:28', '2017-04-25 14:13:28', '867f7baa-2016-4fde-af64-81dd9e9561fa'),
 ('46', '1', 'm160204_000000_seomatic_addGoogleAnalytics', '2017-04-25 14:13:28', '2017-04-25 14:13:28', '2017-04-25 14:13:28', '35245808-0090-440a-a1b0-2c90750a7e9e'),
 ('47', '1', 'm160205_000000_seomatic_addResturantMenu', '2017-04-25 14:13:28', '2017-04-25 14:13:28', '2017-04-25 14:13:28', '5de9c01a-2be4-478d-b2be-7dcb6edd6de1'),
 ('48', '1', 'm160206_000000_seomatic_addGoogleAnalyticsPlugins', '2017-04-25 14:13:28', '2017-04-25 14:13:28', '2017-04-25 14:13:28', '8b14b7f4-ae85-409c-8b14-b2752b0745ed'),
 ('49', '1', 'm160206_000000_seomatic_addGoogleAnalyticsSendPageView', '2017-04-25 14:13:28', '2017-04-25 14:13:28', '2017-04-25 14:13:28', '87952335-4bc8-4471-bd18-956368cb80f5'),
 ('50', '1', 'm160209_000000_seomatic_alterDescriptionsColumns', '2017-04-25 14:13:28', '2017-04-25 14:13:28', '2017-04-25 14:13:28', 'e9f93611-73f1-4059-b83d-0ac897e97456'),
 ('51', '1', 'm160209_000001_seomatic_addRobotsTxt', '2017-04-25 14:13:28', '2017-04-25 14:13:28', '2017-04-25 14:13:28', '008d92c0-bef2-458c-9aea-5d58a4cb242a'),
 ('52', '1', 'm160227_000000_seomatic_addFacebookAppId', '2017-04-25 14:13:28', '2017-04-25 14:13:28', '2017-04-25 14:13:28', '47a60030-88b5-4cf3-956c-ee09a763b987'),
 ('53', '1', 'm160416_000000_seomatic_addContactPoints', '2017-04-25 14:13:28', '2017-04-25 14:13:28', '2017-04-25 14:13:28', '1c616bc1-aceb-4063-b1e1-07df9d519def'),
 ('54', '1', 'm160509_000000_seomatic_addSiteLinksBing', '2017-04-25 14:13:28', '2017-04-25 14:13:28', '2017-04-25 14:13:28', 'd73f2025-3d1a-4d32-a451-45622b884a73'),
 ('55', '1', 'm160707_000000_seomatic_addGoogleTagManager', '2017-04-25 14:13:28', '2017-04-25 14:13:28', '2017-04-25 14:13:28', '54bc7e1c-e2f0-4c17-9e27-294ad1998537'),
 ('56', '1', 'm160715_000000_seomatic_addSeoImageTransforms', '2017-04-25 14:13:28', '2017-04-25 14:13:28', '2017-04-25 14:13:28', '2b9a2772-18d7-4aa9-b082-94d12990e879'),
 ('57', '1', 'm160723_000000_seomatic_addSeoMainEntityOfPage', '2017-04-25 14:13:28', '2017-04-25 14:13:28', '2017-04-25 14:13:28', 'bbcafb83-9727-4215-9d5a-8647cd869ff7'),
 ('58', '1', 'm160724_000000_seomatic_addSeoMainEntityCategory', '2017-04-25 14:13:28', '2017-04-25 14:13:28', '2017-04-25 14:13:28', 'a654bd19-d3ab-4be7-942c-3a91bb7b8d1d'),
 ('59', '1', 'm160811_000000_seomatic_addVimeo', '2017-04-25 14:13:28', '2017-04-25 14:13:28', '2017-04-25 14:13:28', '18976d4b-92fd-47bb-8a53-70e9d356d7ef'),
 ('60', '1', 'm160904_000000_seomatic_addTwitterFacebookImages', '2017-04-25 14:13:28', '2017-04-25 14:13:28', '2017-04-25 14:13:28', 'f7e3027d-e464-459c-9a2f-0c648e71dba1'),
 ('61', '1', 'm161220_000000_seomatic_addPriceRange', '2017-04-25 14:13:28', '2017-04-25 14:13:28', '2017-04-25 14:13:28', 'e5660fc0-dd4b-4e51-892b-1f3296a3f773'),
 ('62', '2', 'm150212_145000_AmNav_renamePagesToNodes', '2017-04-25 14:18:26', '2017-04-25 14:18:26', '2017-04-25 14:18:26', 'aeb91128-d4a1-452c-8ecd-3cdba7123b24'),
 ('63', '2', 'm150217_112800_AmNav_expandPageData', '2017-04-25 14:18:26', '2017-04-25 14:18:26', '2017-04-25 14:18:26', '7754eec5-81f9-412d-8f0a-d6a2f67d8d77'),
 ('64', '2', 'm150403_093000_AmNav_nodesWithElements', '2017-04-25 14:18:26', '2017-04-25 14:18:26', '2017-04-25 14:18:26', '75f9e55e-c736-4155-b463-1cfa657608f4'),
 ('65', '2', 'm150512_105600_AmNav_addOptionalClass', '2017-04-25 14:18:26', '2017-04-25 14:18:26', '2017-04-25 14:18:26', '76e87591-9f36-4f3b-ac44-a3cb5fa5b43a');



DROP TABLE IF EXISTS `craft_plugins`;


--
-- Schema for table `craft_plugins`
--
CREATE TABLE `craft_plugins` (
  `id` int(11) NOT NULL AUTO_INCREMENT,
  `class` varchar(150) COLLATE utf8_unicode_ci NOT NULL,
  `version` varchar(15) COLLATE utf8_unicode_ci NOT NULL,
  `schemaVersion` varchar(15) COLLATE utf8_unicode_ci DEFAULT NULL,
  `licenseKey` char(24) COLLATE utf8_unicode_ci DEFAULT NULL,
  `licenseKeyStatus` enum('valid','invalid','mismatched','unknown') COLLATE utf8_unicode_ci NOT NULL DEFAULT 'unknown',
  `enabled` tinyint(1) unsigned NOT NULL DEFAULT '0',
  `settings` text COLLATE utf8_unicode_ci,
  `installDate` datetime NOT NULL,
  `dateCreated` datetime NOT NULL,
  `dateUpdated` datetime NOT NULL,
  `uid` char(36) COLLATE utf8_unicode_ci NOT NULL DEFAULT '0',
  PRIMARY KEY (`id`)
) ENGINE=InnoDB AUTO_INCREMENT=3 DEFAULT CHARSET=utf8 COLLATE=utf8_unicode_ci;

--
-- Data for table `craft_plugins`
--

INSERT INTO `craft_plugins` (`id`, `class`, `version`, `schemaVersion`, `licenseKey`, `licenseKeyStatus`, `enabled`, `settings`, `installDate`, `dateCreated`, `dateUpdated`, `uid`) VALUES
 ('1', 'Seomatic', '1.1.40', '1.1.23', NULL, 'unknown', '1', NULL, '2017-04-25 14:13:28', '2017-04-25 14:13:28', '2017-05-05 13:11:39', '330fdbb9-4e61-4b62-9c21-4ca1974e07b9'),
 ('2', 'AmNav', '1.8.0', '1.7.4', NULL, 'unknown', '1', NULL, '2017-04-25 14:18:26', '2017-04-25 14:18:26', '2017-05-05 13:11:39', 'c85e3f1b-8cc3-4a26-96a4-d686df2e887e');



DROP TABLE IF EXISTS `craft_rackspaceaccess`;


--
-- Schema for table `craft_rackspaceaccess`
--
CREATE TABLE `craft_rackspaceaccess` (
  `id` int(11) NOT NULL AUTO_INCREMENT,
  `connectionKey` varchar(255) COLLATE utf8_unicode_ci NOT NULL,
  `token` varchar(255) COLLATE utf8_unicode_ci NOT NULL,
  `storageUrl` varchar(255) COLLATE utf8_unicode_ci NOT NULL,
  `cdnUrl` varchar(255) COLLATE utf8_unicode_ci NOT NULL,
  `dateCreated` datetime NOT NULL,
  `dateUpdated` datetime NOT NULL,
  `uid` char(36) COLLATE utf8_unicode_ci NOT NULL DEFAULT '0',
  PRIMARY KEY (`id`),
  UNIQUE KEY `craft_rackspaceaccess_connectionKey_unq_idx` (`connectionKey`)
) ENGINE=InnoDB DEFAULT CHARSET=utf8 COLLATE=utf8_unicode_ci;

DROP TABLE IF EXISTS `craft_relations`;


--
-- Schema for table `craft_relations`
--
CREATE TABLE `craft_relations` (
  `id` int(11) NOT NULL AUTO_INCREMENT,
  `fieldId` int(11) NOT NULL,
  `sourceId` int(11) NOT NULL,
  `sourceLocale` char(12) COLLATE utf8_unicode_ci DEFAULT NULL,
  `targetId` int(11) NOT NULL,
  `sortOrder` smallint(6) DEFAULT NULL,
  `dateCreated` datetime NOT NULL,
  `dateUpdated` datetime NOT NULL,
  `uid` char(36) COLLATE utf8_unicode_ci NOT NULL DEFAULT '0',
  PRIMARY KEY (`id`),
  UNIQUE KEY `craft_relations_fieldId_sourceId_sourceLocale_targetId_unq_idx` (`fieldId`,`sourceId`,`sourceLocale`,`targetId`),
  KEY `craft_relations_sourceId_fk` (`sourceId`),
  KEY `craft_relations_sourceLocale_fk` (`sourceLocale`),
  KEY `craft_relations_targetId_fk` (`targetId`)
) ENGINE=InnoDB AUTO_INCREMENT=75 DEFAULT CHARSET=utf8 COLLATE=utf8_unicode_ci;

--
-- Data for table `craft_relations`
--

INSERT INTO `craft_relations` (`id`, `fieldId`, `sourceId`, `sourceLocale`, `targetId`, `sortOrder`, `dateCreated`, `dateUpdated`, `uid`) VALUES
 ('30', '22', '26', NULL, '9', '1', '2017-04-20 16:20:46', '2017-04-20 16:20:46', '6c067561-c132-4c4d-bdc3-bca12f3b5baf'),
 ('32', '22', '27', NULL, '9', '1', '2017-04-20 16:21:39', '2017-04-20 16:21:39', '975f40aa-6830-4171-ba10-e17fbba1ec32'),
 ('33', '38', '27', NULL, '12', '1', '2017-04-20 16:21:39', '2017-04-20 16:21:39', 'bda7cac8-0010-4ee9-bebf-c22245950a8e'),
 ('34', '22', '28', NULL, '9', '1', '2017-04-20 16:22:17', '2017-04-20 16:22:17', 'cafda072-50c8-42a9-bfea-0075e8b88ac5'),
 ('35', '38', '28', NULL, '12', '1', '2017-04-20 16:22:17', '2017-04-20 16:22:17', '4a9591e3-4d7f-40c1-9f48-3a4f7afe37e2'),
 ('36', '22', '29', NULL, '9', '1', '2017-04-20 16:22:51', '2017-04-20 16:22:51', '85865919-dafe-4402-9b90-c0fd7939b241'),
 ('37', '38', '29', NULL, '13', '1', '2017-04-20 16:22:51', '2017-04-20 16:22:51', '63c9912a-6614-4e3c-82e8-435294bc9843'),
 ('38', '22', '30', NULL, '9', '1', '2017-04-20 16:24:17', '2017-04-20 16:24:17', '09676e9e-59b4-4e56-ab53-978787ec706a'),
 ('39', '38', '30', NULL, '13', '1', '2017-04-20 16:24:17', '2017-04-20 16:24:17', '38f908c8-4526-42d2-aeaa-aec2bb904b1e'),
 ('40', '22', '31', NULL, '9', '1', '2017-04-20 16:24:45', '2017-04-20 16:24:45', 'cd0cb08f-ea16-44c7-9a03-5fb2b7e30021'),
 ('41', '38', '31', NULL, '14', '1', '2017-04-20 16:24:45', '2017-04-20 16:24:45', '96f7ea0e-80ad-41b7-a7b1-b44bdfbc5bba'),
 ('42', '22', '32', NULL, '9', '1', '2017-04-20 16:25:09', '2017-04-20 16:25:09', '630e60db-5625-45d2-b8db-645d54b73090'),
 ('43', '38', '32', NULL, '14', '1', '2017-04-20 16:25:09', '2017-04-20 16:25:09', '0540ea79-2607-42cb-9425-42b036701e18'),
 ('44', '22', '33', NULL, '9', '1', '2017-04-20 16:25:32', '2017-04-20 16:25:32', '8211e263-27b0-4a93-b64a-cbca91943205'),
 ('45', '38', '33', NULL, '11', '1', '2017-04-20 16:25:32', '2017-04-20 16:25:32', '5e3c0886-f4f2-47d5-8830-29d79acbccd8'),
 ('46', '22', '34', NULL, '9', '1', '2017-04-20 16:26:07', '2017-04-20 16:26:07', '5606fc30-3d0a-4fdb-bac1-325324801d9d'),
 ('47', '38', '34', NULL, '11', '1', '2017-04-20 16:26:07', '2017-04-20 16:26:07', 'fcc6d577-46cb-48c8-9c5c-884cbf3996fe'),
 ('51', '15', '2', NULL, '36', '1', '2017-05-02 13:38:54', '2017-05-02 13:38:54', 'ba6ee068-12f6-46eb-889c-67f4f7917951'),
 ('52', '34', '2', NULL, '4', '1', '2017-05-02 13:38:54', '2017-05-02 13:38:54', '6d532385-68d6-43ad-882a-4ac677aa8950'),
 ('53', '37', '2', NULL, '9', '1', '2017-05-02 13:38:54', '2017-05-02 13:38:54', 'd783ed0f-c1c1-4111-86e3-7776fd5a193d'),
 ('54', '15', '4', NULL, '36', '1', '2017-05-02 14:13:50', '2017-05-02 14:13:50', '9b394edc-436d-4b3d-ae7a-4bf5ad0c5903'),
 ('57', '3', '7', NULL, '38', '1', '2017-05-02 14:59:01', '2017-05-02 14:59:01', '5344372d-afec-4210-ab24-6eb86543280b'),
 ('65', '15', '9', NULL, '38', '1', '2017-05-04 14:57:23', '2017-05-04 14:57:23', '41524f69-e01d-47ca-a105-9a1daa8267f4'),
 ('68', '21', '45', NULL, '26', '1', '2017-05-04 15:17:22', '2017-05-04 15:17:22', 'e11021f4-e9b6-47c5-b67c-b511bae43db2'),
 ('71', '38', '26', NULL, '10', '1', '2017-05-04 15:34:37', '2017-05-04 15:34:37', 'd237e747-3897-4e07-99ff-4ba485a634ef'),
 ('74', '56', '50', NULL, '48', '1', '2017-05-05 13:36:51', '2017-05-05 13:36:51', '7476701b-24c2-4ccd-9e1e-ecad7115124d');



DROP TABLE IF EXISTS `craft_routes`;


--
-- Schema for table `craft_routes`
--
CREATE TABLE `craft_routes` (
  `id` int(11) NOT NULL AUTO_INCREMENT,
  `locale` char(12) COLLATE utf8_unicode_ci DEFAULT NULL,
  `urlParts` varchar(255) COLLATE utf8_unicode_ci NOT NULL,
  `urlPattern` varchar(255) COLLATE utf8_unicode_ci NOT NULL,
  `template` varchar(255) COLLATE utf8_unicode_ci NOT NULL,
  `sortOrder` smallint(6) unsigned DEFAULT NULL,
  `dateCreated` datetime NOT NULL,
  `dateUpdated` datetime NOT NULL,
  `uid` char(36) COLLATE utf8_unicode_ci NOT NULL DEFAULT '0',
  PRIMARY KEY (`id`),
  UNIQUE KEY `craft_routes_urlPattern_unq_idx` (`urlPattern`),
  KEY `craft_routes_locale_idx` (`locale`)
) ENGINE=InnoDB DEFAULT CHARSET=utf8 COLLATE=utf8_unicode_ci;

DROP TABLE IF EXISTS `craft_searchindex`;


--
-- Schema for table `craft_searchindex`
--
CREATE TABLE `craft_searchindex` (
  `elementId` int(11) NOT NULL,
  `attribute` varchar(25) COLLATE utf8_unicode_ci NOT NULL,
  `fieldId` int(11) NOT NULL,
  `locale` char(12) COLLATE utf8_unicode_ci NOT NULL,
  `keywords` text COLLATE utf8_unicode_ci NOT NULL,
  PRIMARY KEY (`elementId`,`attribute`,`fieldId`,`locale`),
  FULLTEXT KEY `craft_searchindex_keywords_idx` (`keywords`)
) ENGINE=MyISAM DEFAULT CHARSET=utf8 COLLATE=utf8_unicode_ci;

--
-- Data for table `craft_searchindex`
--

INSERT INTO `craft_searchindex` (`elementId`, `attribute`, `fieldId`, `locale`, `keywords`) VALUES
 ('1', 'username', '0', 'en_us', ' alongwe2 '),
 ('1', 'firstname', '0', 'en_us', ''),
 ('1', 'lastname', '0', 'en_us', ''),
 ('1', 'fullname', '0', 'en_us', ''),
 ('1', 'email', '0', 'en_us', ' alongwell ideabasekent com '),
 ('1', 'slug', '0', 'en_us', ''),
 ('2', 'slug', '0', 'en_us', ' homepage '),
 ('2', 'title', '0', 'en_us', ' home '),
 ('2', 'field', '1', 'en_us', ' it s true this site doesn t have a whole lot of content yet but don t worry our web developers have just installed the cms and they re setting things up for the content editors this very moment soon careertech web will be an oasis of fresh perspectives sharp analyses and astute opinions that will keep you coming back again and again '),
 ('3', 'field', '1', 'en_us', ' craft is the cms that s powering careertech web it s beautiful powerful flexible and easy to use and it s made by pixel tonic we can t wait to dive in and see what it s capable of this is even more captivating content which you couldn t see on the news index page because it was entered after a page break and the news index template only likes to show the content on the first page craft a nice alternative to word if you re making a website '),
 ('3', 'field', '2', 'en_us', ''),
 ('3', 'slug', '0', 'en_us', ' we just installed craft '),
 ('3', 'title', '0', 'en_us', ' we just installed craft '),
 ('4', 'slug', '0', 'en_us', ' programs landing page '),
 ('4', 'title', '0', 'en_us', ' explore programs '),
 ('5', 'slug', '0', 'en_us', ' faculty staff landing page '),
 ('5', 'title', '0', 'en_us', ' faculty staff landing page '),
 ('6', 'slug', '0', 'en_us', ' news calendars landing page '),
 ('6', 'title', '0', 'en_us', ' news calendars landing page '),
 ('7', 'slug', '0', 'en_us', ''),
 ('8', 'slug', '0', 'en_us', ''),
 ('8', 'field', '5', 'en_us', ' career tech office '),
 ('8', 'field', '6', 'en_us', ' district partners '),
 ('8', 'field', '8', 'en_us', ' 1400 n mantua st kent oh 44240 '),
 ('8', 'field', '7', 'en_us', ''),
 ('8', 'field', '9', 'en_us', ' 330 676 8740 '),
 ('8', 'field', '10', 'en_us', ''),
 ('7', 'field', '5', 'en_us', ' trhs career technical education '),
 ('7', 'field', '3', 'en_us', ' trhs image '),
 ('7', 'field', '4', 'en_us', ''),
 ('5', 'field', '1', 'en_us', ''),
 ('5', 'field', '28', 'en_us', ''),
 ('6', 'field', '1', 'en_us', ''),
 ('4', 'field', '1', 'en_us', ' lorem ipsum dolor sit amet consectetuer adipiscing elit aenean commodoligula eget dolor aenean massa cum sociis natoque penatibus etmagnis dis parturient montes nascetur ridiculus mus '),
 ('2', 'field', '35', 'en_us', ''),
 ('2', 'field', '23', 'en_us', ' lorem ipsum dolor sit amet consectetuer adipiscing elit aenean commodo ligula eget dolor aenean massa cum sociis natoque penatibus et magnis dis parturient montes nascetur ridiculus mus '),
 ('2', 'field', '24', 'en_us', ' admissions '),
 ('2', 'field', '32', 'en_us', ' news '),
 ('2', 'field', '36', 'en_us', ' welcome '),
 ('2', 'field', '33', 'en_us', ' explore pathways '),
 ('2', 'field', '15', 'en_us', ' idea base logo horizontal color '),
 ('2', 'field', '34', 'en_us', ' explore programs '),
 ('2', 'field', '22', 'en_us', ''),
 ('2', 'field', '31', 'en_us', ' 1 '),
 ('9', 'slug', '0', 'en_us', ' admissions '),
 ('9', 'title', '0', 'en_us', ' admissions '),
 ('2', 'field', '37', 'en_us', ' admissions '),
 ('10', 'slug', '0', 'en_us', ' cosmetology '),
 ('10', 'title', '0', 'en_us', ' cosmetology '),
 ('11', 'slug', '0', 'en_us', ' teaching '),
 ('11', 'title', '0', 'en_us', ' teaching '),
 ('12', 'slug', '0', 'en_us', ' environmental education '),
 ('12', 'title', '0', 'en_us', ' environmental education '),
 ('13', 'slug', '0', 'en_us', ' healthcare '),
 ('13', 'title', '0', 'en_us', ' healthcare '),
 ('14', 'slug', '0', 'en_us', ' management '),
 ('14', 'title', '0', 'en_us', ' management '),
 ('28', 'field', '1', 'en_us', ' lorem ipsum dolor sit amet consectetuer adipiscing elit aenean commodo ligula eget dolor aenean massa cum sociis natoque penatibus et magnis dis parturient montes nascetur ridiculus mus '),
 ('27', 'title', '0', 'en_us', ' construction technologies '),
 ('27', 'slug', '0', 'en_us', ' construction technologies '),
 ('27', 'field', '38', 'en_us', ' environmental education '),
 ('27', 'field', '22', 'en_us', ' admissions '),
 ('27', 'field', '17', 'en_us', ''),
 ('27', 'field', '16', 'en_us', ' 1 '),
 ('27', 'field', '15', 'en_us', ''),
 ('27', 'field', '14', 'en_us', ' 2 '),
 ('27', 'field', '13', 'en_us', ' kent '),
 ('27', 'field', '12', 'en_us', ' 10 '),
 ('27', 'field', '11', 'en_us', ' lorem ipsum dolor sit amet consectetuer adipiscing elit aenean commodo ligula eget dolor aenean massa cum sociis natoque penatibus et magnis dis parturient montes nascetur ridiculus mus '),
 ('27', 'field', '1', 'en_us', ' lorem ipsum dolor sit amet consectetuer adipiscing elit aenean commodo ligula eget dolor aenean massa cum sociis natoque penatibus et magnis dis parturient montes nascetur ridiculus mus '),
 ('45', 'field', '1', 'en_us', ' lorem ipsum dolor sit amet consectetuer adipiscing elit aenean commodo ligula eget dolor aenean massa cum sociis natoque penatibus et magnis dis parturient montes nascetur ridiculus mus '),
 ('26', 'title', '0', 'en_us', ' cosmetology '),
 ('26', 'slug', '0', 'en_us', ' cosmetology '),
 ('26', 'field', '38', 'en_us', ' cosmetology '),
 ('26', 'field', '22', 'en_us', ' admissions '),
 ('26', 'field', '17', 'en_us', ''),
 ('26', 'field', '16', 'en_us', ' 1 '),
 ('26', 'field', '15', 'en_us', ''),
 ('26', 'field', '14', 'en_us', ' 2 '),
 ('26', 'field', '13', 'en_us', ' kent '),
 ('26', 'field', '12', 'en_us', ' 10 11 12 '),
 ('26', 'field', '11', 'en_us', ' lorem ipsum dolor sit amet consectetuer adipiscing elit aenean commodo ligula eget dolor aenean massa cum sociis natoque penatibus et magnis dis parturient montes nascetur ridiculus mus '),
 ('45', 'field', '18', 'en_us', ''),
 ('45', 'field', '15', 'en_us', ''),
 ('26', 'field', '1', 'en_us', ' lorem ipsum dolor sit amet consectetuer adipiscing elit aenean commodo ligula eget dolor aenean massa cum sociis natoque penatibus et magnis dis parturient montes nascetur ridiculus mus '),
 ('45', 'field', '19', 'en_us', ''),
 ('45', 'field', '20', 'en_us', ''),
 ('45', 'field', '21', 'en_us', ' cosmetology '),
 ('45', 'slug', '0', 'en_us', ' cosmetology i '),
 ('45', 'title', '0', 'en_us', ' cosmetology i '),
 ('28', 'field', '11', 'en_us', ' lorem ipsum dolor sit amet consectetuer adipiscing elit aenean commodo ligula eget dolor aenean massa cum sociis natoque penatibus et magnis dis parturient montes nascetur ridiculus mus '),
 ('28', 'field', '12', 'en_us', ' 10 '),
 ('28', 'field', '13', 'en_us', ' kent '),
 ('28', 'field', '14', 'en_us', ' 2 '),
 ('28', 'field', '15', 'en_us', ''),
 ('28', 'field', '16', 'en_us', ' 1 '),
 ('28', 'field', '17', 'en_us', ''),
 ('28', 'field', '22', 'en_us', ' admissions '),
 ('28', 'field', '38', 'en_us', ' environmental education '),
 ('28', 'slug', '0', 'en_us', ' forest and landscape management ');
INSERT INTO `craft_searchindex` (`elementId`, `attribute`, `fieldId`, `locale`, `keywords`) VALUES
 ('28', 'title', '0', 'en_us', ' forest and landscape management '),
 ('29', 'field', '1', 'en_us', ' lorem ipsum dolor sit amet consectetuer adipiscing elit aenean commodo ligula eget dolor aenean massa cum sociis natoque penatibus et magnis dis parturient montes nascetur ridiculus mus '),
 ('29', 'field', '11', 'en_us', ' lorem ipsum dolor sit amet consectetuer adipiscing elit aenean commodo ligula eget dolor aenean massa cum sociis natoque penatibus et magnis dis parturient montes nascetur ridiculus mus '),
 ('29', 'field', '12', 'en_us', ' 10 '),
 ('29', 'field', '13', 'en_us', ' kent '),
 ('29', 'field', '14', 'en_us', ' 2 '),
 ('29', 'field', '15', 'en_us', ''),
 ('29', 'field', '16', 'en_us', ' 1 '),
 ('29', 'field', '17', 'en_us', ''),
 ('29', 'field', '22', 'en_us', ' admissions '),
 ('29', 'field', '38', 'en_us', ' healthcare '),
 ('29', 'slug', '0', 'en_us', ' athletic healthcare and fitness '),
 ('29', 'title', '0', 'en_us', ' athletic healthcare and fitness '),
 ('30', 'field', '1', 'en_us', ' lorem ipsum dolor sit amet consectetuer adipiscing elit aenean commodo ligula eget dolor aenean massa cum sociis natoque penatibus et magnis dis parturient montes nascetur ridiculus mus '),
 ('30', 'field', '11', 'en_us', ' lorem ipsum dolor sit amet consectetuer adipiscing elit aenean commodo ligula eget dolor aenean massa cum sociis natoque penatibus et magnis dis parturient montes nascetur ridiculus mus '),
 ('30', 'field', '12', 'en_us', ' 10 '),
 ('30', 'field', '13', 'en_us', ' kent '),
 ('30', 'field', '14', 'en_us', ' 2 '),
 ('30', 'field', '15', 'en_us', ''),
 ('30', 'field', '16', 'en_us', ' 1 '),
 ('30', 'field', '17', 'en_us', ''),
 ('30', 'field', '22', 'en_us', ' admissions '),
 ('30', 'field', '38', 'en_us', ' healthcare '),
 ('30', 'slug', '0', 'en_us', ' health career technologies '),
 ('30', 'title', '0', 'en_us', ' health career technologies '),
 ('31', 'field', '1', 'en_us', ' lorem ipsum dolor sit amet consectetuer adipiscing elit aenean commodo ligula eget dolor aenean massa cum sociis natoque penatibus et magnis dis parturient montes nascetur ridiculus mus '),
 ('31', 'field', '11', 'en_us', ' lorem ipsum dolor sit amet consectetuer adipiscing elit aenean commodo ligula eget dolor aenean massa cum sociis natoque penatibus et magnis dis parturient montes nascetur ridiculus mus '),
 ('31', 'field', '12', 'en_us', ' 10 '),
 ('31', 'field', '13', 'en_us', ' kent '),
 ('31', 'field', '14', 'en_us', ' 2 '),
 ('31', 'field', '15', 'en_us', ''),
 ('31', 'field', '16', 'en_us', ' 1 '),
 ('31', 'field', '17', 'en_us', ''),
 ('31', 'field', '22', 'en_us', ' admissions '),
 ('31', 'field', '38', 'en_us', ' management '),
 ('31', 'slug', '0', 'en_us', ' business and sports management '),
 ('31', 'title', '0', 'en_us', ' business and sports management '),
 ('32', 'field', '1', 'en_us', ' lorem ipsum dolor sit amet consectetuer adipiscing elit aenean commodo ligula eget dolor aenean massa cum sociis natoque penatibus et magnis dis parturient montes nascetur ridiculus mus '),
 ('32', 'field', '11', 'en_us', ' lorem ipsum dolor sit amet consectetuer adipiscing elit aenean commodo ligula eget dolor aenean massa cum sociis natoque penatibus et magnis dis parturient montes nascetur ridiculus mus '),
 ('32', 'field', '12', 'en_us', ' 10 '),
 ('32', 'field', '13', 'en_us', ' kent '),
 ('32', 'field', '14', 'en_us', ' 2 '),
 ('32', 'field', '15', 'en_us', ''),
 ('32', 'field', '16', 'en_us', ' 1 '),
 ('32', 'field', '17', 'en_us', ''),
 ('32', 'field', '22', 'en_us', ' admissions '),
 ('32', 'field', '38', 'en_us', ' management '),
 ('32', 'slug', '0', 'en_us', ' marketing management '),
 ('32', 'title', '0', 'en_us', ' marketing management '),
 ('33', 'field', '1', 'en_us', ' lorem ipsum dolor sit amet consectetuer adipiscing elit aenean commodo ligula eget dolor aenean massa cum sociis natoque penatibus et magnis dis parturient montes nascetur ridiculus mus '),
 ('33', 'field', '11', 'en_us', ' lorem ipsum dolor sit amet consectetuer adipiscing elit aenean commodo ligula eget dolor aenean massa cum sociis natoque penatibus et magnis dis parturient montes nascetur ridiculus mus '),
 ('33', 'field', '12', 'en_us', ' 10 '),
 ('33', 'field', '13', 'en_us', ' kent '),
 ('33', 'field', '14', 'en_us', ' 3 '),
 ('33', 'field', '15', 'en_us', ''),
 ('33', 'field', '16', 'en_us', ' 1 '),
 ('33', 'field', '17', 'en_us', ''),
 ('33', 'field', '22', 'en_us', ' admissions '),
 ('33', 'field', '38', 'en_us', ' teaching '),
 ('33', 'slug', '0', 'en_us', ' cte english '),
 ('33', 'title', '0', 'en_us', ' cte english '),
 ('34', 'field', '1', 'en_us', ' 10lorem ipsum dolor sit amet consectetuer adipiscing elit aenean commodo ligula eget dolor aenean massa cum sociis natoque penatibus et magnis dis parturient montes nascetur ridiculus mus '),
 ('34', 'field', '11', 'en_us', ' lorem ipsum dolor sit amet consectetuer adipiscing elit aenean commodo ligula eget dolor aenean massa cum sociis natoque penatibus et magnis dis parturient montes nascetur ridiculus mus '),
 ('34', 'field', '12', 'en_us', ' 10 '),
 ('34', 'field', '13', 'en_us', ' kent '),
 ('34', 'field', '14', 'en_us', ' 3 '),
 ('34', 'field', '15', 'en_us', ''),
 ('34', 'field', '16', 'en_us', ' 1 '),
 ('34', 'field', '17', 'en_us', ''),
 ('34', 'field', '22', 'en_us', ' admissions '),
 ('34', 'field', '38', 'en_us', ' teaching '),
 ('34', 'slug', '0', 'en_us', ' family and consumer science '),
 ('34', 'title', '0', 'en_us', ' family and consumer science '),
 ('35', 'slug', '0', 'en_us', ' form '),
 ('35', 'title', '0', 'en_us', ' form '),
 ('36', 'filename', '0', 'en_us', ' ideabase_logo_horizontalcolor png '),
 ('36', 'extension', '0', 'en_us', ' png '),
 ('36', 'kind', '0', 'en_us', ' image '),
 ('36', 'slug', '0', 'en_us', ' idea base logo horizontal color '),
 ('36', 'title', '0', 'en_us', ' idea base logo horizontal color '),
 ('37', 'field', '1', 'en_us', ' here is another news entry  '),
 ('37', 'field', '2', 'en_us', ''),
 ('37', 'slug', '0', 'en_us', ' more news '),
 ('37', 'title', '0', 'en_us', ' more news '),
 ('4', 'field', '15', 'en_us', ' idea base logo horizontal color '),
 ('38', 'filename', '0', 'en_us', ' trhs image png '),
 ('38', 'extension', '0', 'en_us', ' png '),
 ('38', 'kind', '0', 'en_us', ' image '),
 ('38', 'slug', '0', 'en_us', ' trhs image '),
 ('38', 'title', '0', 'en_us', ' trhs image '),
 ('26', 'field', '35', 'en_us', ' working with people and equipment working with people and equipment standing for long periods standing for long periods working with chemicals working with chemicals general working conditions styling and care of the hair using many tools and products styling and care of the hair using many tools and products shaping and cutting the hair shaping and cutting the hair permanently waving or relaxing the hair permanently waving or relaxing the hair hair tinting and lightening hair tinting and lightening areas of concentration '),
 ('41', 'field', '45', 'en_us', ' general working conditions '),
 ('41', 'field', '46', 'en_us', ' working with people and equipment working with people and equipment standing for long periods standing for long periods working with chemicals working with chemicals '),
 ('41', 'slug', '0', 'en_us', ''),
 ('42', 'field', '45', 'en_us', ' areas of concentration '),
 ('42', 'field', '46', 'en_us', ' styling and care of the hair using many tools and products styling and care of the hair using many tools and products shaping and cutting the hair shaping and cutting the hair permanently waving or relaxing the hair permanently waving or relaxing the hair hair tinting and lightening hair tinting and lightening '),
 ('42', 'slug', '0', 'en_us', ''),
 ('9', 'field', '16', 'en_us', ' 0 '),
 ('9', 'field', '15', 'en_us', ' trhs image '),
 ('9', 'field', '47', 'en_us', ' lorem ipsum dolor sit amet consectetuer adipiscing elit aenean commodo ligula eget dolor aenean massa cum sociis natoque penatibus et magnis dis parturient montes nascetur ridiculus mus ');
INSERT INTO `craft_searchindex` (`elementId`, `attribute`, `fieldId`, `locale`, `keywords`) VALUES
 ('9', 'field', '48', 'en_us', ' lorem ipsum dolor sit amet consectetuer adipiscing elit aenean commodo ligula eget dolor aenean massa cum sociis natoque penatibus et magnis dis parturient montes nascetur ridiculus mus '),
 ('9', 'field', '49', 'en_us', ' lorem ipsum dolor sit amet consectetuer adipiscing elit aenean commodo ligula eget dolor aenean massa cum sociis natoque penatibus et magnis dis parturient montes nascetur ridiculus mus '),
 ('9', 'field', '50', 'en_us', ' program fall 2017 spring 2017 program fall 2017 spring 2017 general may 1 2017 dec 1 2017 general may 1 2017 dec 1 2017 specific 1 may 1 2017 dec 1 2017 specific 1 may 1 2017 dec 1 2017 specific 2 may 1 2017 dec 1 2017 specific 2 may 1 2017 dec 1 2017 '),
 ('9', 'field', '51', 'en_us', ' specific 1 lorem ipsum dolor sit amet consectetuer adipiscing elit aenean commodo ligula eget dolor aenean massa cum sociis natoque penatibus et magnis dis parturient montes nascetur ridiculus mus 1 specific 2 lorem ipsum dolor sit amet consectetuer adipiscing elit aenean commodo ligula eget dolor aenean massa cum sociis natoque penatibus et magnis dis parturient montes nascetur ridiculus mus 1 '),
 ('43', 'field', '52', 'en_us', ' specific 1 '),
 ('43', 'field', '53', 'en_us', ' lorem ipsum dolor sit amet consectetuer adipiscing elit aenean commodo ligula eget dolor aenean massa cum sociis natoque penatibus et magnis dis parturient montes nascetur ridiculus mus '),
 ('43', 'slug', '0', 'en_us', ''),
 ('44', 'field', '52', 'en_us', ' specific 2 '),
 ('44', 'field', '53', 'en_us', ' lorem ipsum dolor sit amet consectetuer adipiscing elit aenean commodo ligula eget dolor aenean massa cum sociis natoque penatibus et magnis dis parturient montes nascetur ridiculus mus '),
 ('44', 'slug', '0', 'en_us', ''),
 ('43', 'field', '54', 'en_us', ' 1 '),
 ('44', 'field', '54', 'en_us', ' 1 '),
 ('9', 'field', '55', 'en_us', ' lorem ipsum dolor sit amet consectetuer adipiscing elit aenean commodo ligula eget dolor aenean massa cum sociis natoque penatibus et magnis dis parturient montes nascetur ridiculus mus '),
 ('50', 'field', '15', 'en_us', ''),
 ('50', 'field', '26', 'en_us', ''),
 ('50', 'field', '9', 'en_us', ''),
 ('50', 'field', '1', 'en_us', ' lorem ipsum dolor sit amet consectetuer adipiscing elit aenean commodo ligula eget dolor aenean massa cum sociis natoque penatibus et magnis dis parturient montes nascetur ridiculus mus '),
 ('49', 'title', '0', 'en_us', ' administration '),
 ('49', 'slug', '0', 'en_us', ' administration '),
 ('48', 'title', '0', 'en_us', ' teacher '),
 ('48', 'slug', '0', 'en_us', ' teacher '),
 ('50', 'field', '56', 'en_us', ' teacher '),
 ('50', 'slug', '0', 'en_us', ' jon doe '),
 ('50', 'title', '0', 'en_us', ' jon doe ');



DROP TABLE IF EXISTS `craft_sections`;


--
-- Schema for table `craft_sections`
--
CREATE TABLE `craft_sections` (
  `id` int(11) NOT NULL AUTO_INCREMENT,
  `structureId` int(11) DEFAULT NULL,
  `name` varchar(255) COLLATE utf8_unicode_ci NOT NULL,
  `handle` varchar(255) COLLATE utf8_unicode_ci NOT NULL,
  `type` enum('single','channel','structure') COLLATE utf8_unicode_ci NOT NULL DEFAULT 'channel',
  `hasUrls` tinyint(1) unsigned NOT NULL DEFAULT '1',
  `template` varchar(500) COLLATE utf8_unicode_ci DEFAULT NULL,
  `enableVersioning` tinyint(1) unsigned NOT NULL DEFAULT '0',
  `dateCreated` datetime NOT NULL,
  `dateUpdated` datetime NOT NULL,
  `uid` char(36) COLLATE utf8_unicode_ci NOT NULL DEFAULT '0',
  PRIMARY KEY (`id`),
  UNIQUE KEY `craft_sections_name_unq_idx` (`name`),
  UNIQUE KEY `craft_sections_handle_unq_idx` (`handle`),
  KEY `craft_sections_structureId_fk` (`structureId`)
) ENGINE=InnoDB AUTO_INCREMENT=15 DEFAULT CHARSET=utf8 COLLATE=utf8_unicode_ci;

--
-- Data for table `craft_sections`
--

INSERT INTO `craft_sections` (`id`, `structureId`, `name`, `handle`, `type`, `hasUrls`, `template`, `enableVersioning`, `dateCreated`, `dateUpdated`, `uid`) VALUES
 ('1', NULL, 'Homepage', 'homepage', 'single', '1', 'index', '1', '2017-04-18 15:33:03', '2017-04-18 15:33:03', '3d92ebac-1898-45a8-bf1d-3e2242686b3e'),
 ('2', NULL, 'News', 'news', 'channel', '1', 'news/_entry', '1', '2017-04-18 15:33:03', '2017-04-18 15:33:03', '0af578e1-1404-454b-bfae-0ad89c03bd3d'),
 ('3', NULL, 'Programs', 'programs', 'channel', '1', 'programs/_entry', '1', '2017-04-20 13:29:33', '2017-04-20 16:17:03', '3e5b60d0-8f6d-4dbb-b7e4-7064e78a2b24'),
 ('4', NULL, 'Classes', 'classes', 'channel', '1', 'programs/_classes', '1', '2017-04-20 13:29:43', '2017-05-04 15:19:21', '490ccb5f-b17f-4878-9be0-d7c093b63bb6'),
 ('5', NULL, 'Success Story', 'successStory', 'channel', '1', 'success-story/_entry', '1', '2017-04-20 13:29:54', '2017-04-20 13:29:54', 'dba88bfa-15af-45cc-a546-bc00a77b6152'),
 ('6', NULL, 'Projects', 'projects', 'channel', '1', 'projects/_entry', '1', '2017-04-20 13:29:58', '2017-04-20 13:29:58', '3dd69161-74ca-44ea-8150-e048e1b518d7'),
 ('7', NULL, 'Faculty/Staff', 'facultyStaff', 'channel', '1', 'faculty-staff/_entry', '1', '2017-04-20 13:30:04', '2017-04-20 13:30:04', '542e39e4-0de7-471e-8150-24f01b845dfc'),
 ('8', NULL, 'Events', 'events', 'channel', '1', 'events/_entry', '1', '2017-04-20 13:30:10', '2017-04-20 13:30:10', '0e08f335-e207-4ed7-965c-630c317d12ff'),
 ('10', NULL, 'Programs Landing Page', 'programsLandingPage', 'single', '1', 'programs/index.html', '1', '2017-04-20 13:30:32', '2017-04-20 14:09:01', '07646a3f-c250-4f20-beb0-624684ff0fb7'),
 ('11', NULL, 'Faculty/Staff Landing Page', 'facultyStaffLandingPage', 'single', '1', 'faculty/index.html', '1', '2017-04-20 13:30:45', '2017-04-20 14:08:04', 'a1098092-00d3-4499-9359-69c49e5b796a'),
 ('12', NULL, 'News/Calendars Landing Page', 'newsCalendarsLandingPage', 'single', '1', 'calendars/index.html', '1', '2017-04-20 13:31:02', '2017-04-20 14:08:28', 'aca94ee4-7634-4fec-b037-2366eeaf2311'),
 ('13', NULL, 'Admissions', 'admissions', 'single', '1', 'admissions/index.html', '1', '2017-04-20 14:32:28', '2017-04-20 14:38:02', 'e03ddd34-1a94-418a-bbb1-ebe32c693708'),
 ('14', NULL, 'Forms', 'forms', 'single', '1', 'calendars/forms.html', '1', '2017-04-27 14:59:34', '2017-04-27 14:59:51', 'd67b6d8c-274e-4758-b0fa-22fc8d75566c');



DROP TABLE IF EXISTS `craft_sections_i18n`;


--
-- Schema for table `craft_sections_i18n`
--
CREATE TABLE `craft_sections_i18n` (
  `id` int(11) NOT NULL AUTO_INCREMENT,
  `sectionId` int(11) NOT NULL,
  `locale` char(12) COLLATE utf8_unicode_ci NOT NULL,
  `enabledByDefault` tinyint(1) unsigned NOT NULL DEFAULT '1',
  `urlFormat` text COLLATE utf8_unicode_ci,
  `nestedUrlFormat` text COLLATE utf8_unicode_ci,
  `dateCreated` datetime NOT NULL,
  `dateUpdated` datetime NOT NULL,
  `uid` char(36) COLLATE utf8_unicode_ci NOT NULL DEFAULT '0',
  PRIMARY KEY (`id`),
  UNIQUE KEY `craft_sections_i18n_sectionId_locale_unq_idx` (`sectionId`,`locale`),
  KEY `craft_sections_i18n_locale_fk` (`locale`)
) ENGINE=InnoDB AUTO_INCREMENT=15 DEFAULT CHARSET=utf8 COLLATE=utf8_unicode_ci;

--
-- Data for table `craft_sections_i18n`
--

INSERT INTO `craft_sections_i18n` (`id`, `sectionId`, `locale`, `enabledByDefault`, `urlFormat`, `nestedUrlFormat`, `dateCreated`, `dateUpdated`, `uid`) VALUES
 ('1', '1', 'en_us', '1', '__home__', NULL, '2017-04-18 15:33:03', '2017-04-18 15:33:03', '6c93e28f-97a5-4681-98cd-873048d96992'),
 ('2', '2', 'en_us', '1', 'news/{postDate.year}/{slug}', NULL, '2017-04-18 15:33:03', '2017-04-18 15:33:03', '10ba301b-2c7a-4c71-acad-7acd24a7a4d5'),
 ('3', '3', 'en_us', '1', 'programs/{slug}', NULL, '2017-04-20 13:29:33', '2017-04-20 13:29:33', '80835956-8395-4858-bda6-4536476941b2'),
 ('4', '4', 'en_us', '1', 'classes/{slug}', NULL, '2017-04-20 13:29:43', '2017-04-20 16:16:57', 'f0a2a472-3060-482e-8049-30a7ee533027'),
 ('5', '5', 'en_us', '1', 'success-story/{slug}', NULL, '2017-04-20 13:29:54', '2017-04-20 13:29:54', '45acc083-b042-4aa5-b5db-765c5b37310f'),
 ('6', '6', 'en_us', '1', 'projects/{slug}', NULL, '2017-04-20 13:29:58', '2017-04-20 13:29:58', '89eced2c-a756-4877-b7dd-e1e083b2e2c0'),
 ('7', '7', 'en_us', '1', 'faculty-staff/{slug}', NULL, '2017-04-20 13:30:04', '2017-04-20 13:30:04', 'b2bd6855-1bbe-43a2-9895-302970733c4e'),
 ('8', '8', 'en_us', '1', 'events/{slug}', NULL, '2017-04-20 13:30:10', '2017-04-20 13:30:10', 'adcc408a-1948-46a1-b6d3-b05695febf1d'),
 ('10', '10', 'en_us', '1', 'programs', NULL, '2017-04-20 13:30:32', '2017-04-20 14:09:01', '76d38a61-2078-4661-a6aa-d27eb1dbcfa8'),
 ('11', '11', 'en_us', '1', 'faculty', NULL, '2017-04-20 13:30:45', '2017-04-20 14:08:04', 'cc18bf48-72db-4829-b27a-24ad5e5a1181'),
 ('12', '12', 'en_us', '1', 'calendars', NULL, '2017-04-20 13:31:02', '2017-04-20 14:08:28', '5971189d-a7f5-46f2-b15d-085ddc5aa970'),
 ('13', '13', 'en_us', '1', 'admissions', NULL, '2017-04-20 14:32:28', '2017-04-20 14:32:28', 'be93bdaa-25a2-4d20-bb16-e19240611f9a'),
 ('14', '14', 'en_us', '1', 'forms', NULL, '2017-04-27 14:59:34', '2017-04-27 14:59:34', '94467df2-d988-4c4e-8dcb-27652b303351');



DROP TABLE IF EXISTS `craft_seomatic_meta`;


--
-- Schema for table `craft_seomatic_meta`
--
CREATE TABLE `craft_seomatic_meta` (
  `id` int(11) NOT NULL,
  `seoImageId` int(11) DEFAULT NULL,
  `seoTwitterImageId` int(11) DEFAULT NULL,
  `seoFacebookImageId` int(11) DEFAULT NULL,
  `locale` varchar(255) COLLATE utf8_unicode_ci DEFAULT 'en_us',
  `elementId` int(10) DEFAULT '0',
  `metaType` enum('default','template') COLLATE utf8_unicode_ci DEFAULT 'template',
  `metaPath` varchar(255) COLLATE utf8_unicode_ci DEFAULT '',
  `seoMainEntityCategory` varchar(255) COLLATE utf8_unicode_ci DEFAULT '',
  `seoMainEntityOfPage` varchar(255) COLLATE utf8_unicode_ci DEFAULT '',
  `seoTitle` varchar(255) COLLATE utf8_unicode_ci DEFAULT '',
  `seoDescription` varchar(255) COLLATE utf8_unicode_ci DEFAULT '',
  `seoKeywords` varchar(255) COLLATE utf8_unicode_ci DEFAULT '',
  `seoImageTransform` varchar(255) COLLATE utf8_unicode_ci DEFAULT '',
  `seoFacebookImageTransform` varchar(255) COLLATE utf8_unicode_ci DEFAULT '',
  `seoTwitterImageTransform` varchar(255) COLLATE utf8_unicode_ci DEFAULT '',
  `twitterCardType` varchar(255) COLLATE utf8_unicode_ci DEFAULT 'summary',
  `openGraphType` varchar(255) COLLATE utf8_unicode_ci DEFAULT 'website',
  `robots` varchar(255) COLLATE utf8_unicode_ci DEFAULT '',
  `dateCreated` datetime NOT NULL,
  `dateUpdated` datetime NOT NULL,
  `uid` char(36) COLLATE utf8_unicode_ci NOT NULL DEFAULT '0',
  PRIMARY KEY (`id`),
  KEY `craft_seomatic_meta_seoImageId_fk` (`seoImageId`),
  KEY `craft_seomatic_meta_seoTwitterImageId_fk` (`seoTwitterImageId`),
  KEY `craft_seomatic_meta_seoFacebookImageId_fk` (`seoFacebookImageId`)
) ENGINE=InnoDB DEFAULT CHARSET=utf8 COLLATE=utf8_unicode_ci;

DROP TABLE IF EXISTS `craft_seomatic_settings`;


--
-- Schema for table `craft_seomatic_settings`
--
CREATE TABLE `craft_seomatic_settings` (
  `id` int(11) NOT NULL AUTO_INCREMENT,
  `siteSeoImageId` int(11) DEFAULT NULL,
  `siteSeoTwitterImageId` int(11) DEFAULT NULL,
  `siteSeoFacebookImageId` int(11) DEFAULT NULL,
  `genericOwnerImageId` int(11) DEFAULT NULL,
  `genericCreatorImageId` int(11) DEFAULT NULL,
  `locale` varchar(255) COLLATE utf8_unicode_ci DEFAULT '',
  `siteSeoName` varchar(255) COLLATE utf8_unicode_ci DEFAULT '',
  `siteSeoTitle` varchar(255) COLLATE utf8_unicode_ci DEFAULT '',
  `siteSeoTitleSeparator` varchar(10) COLLATE utf8_unicode_ci DEFAULT '|',
  `siteSeoTitlePlacement` enum('before','after','none') COLLATE utf8_unicode_ci DEFAULT 'after',
  `siteSeoDescription` varchar(255) COLLATE utf8_unicode_ci DEFAULT '',
  `siteSeoKeywords` varchar(255) COLLATE utf8_unicode_ci DEFAULT '',
  `siteSeoImageTransform` varchar(100) COLLATE utf8_unicode_ci DEFAULT '',
  `siteSeoFacebookImageTransform` varchar(100) COLLATE utf8_unicode_ci DEFAULT '',
  `siteSeoTwitterImageTransform` varchar(100) COLLATE utf8_unicode_ci DEFAULT '',
  `siteTwitterCardType` varchar(50) COLLATE utf8_unicode_ci DEFAULT '',
  `siteOpenGraphType` varchar(50) COLLATE utf8_unicode_ci DEFAULT '',
  `siteRobots` varchar(50) COLLATE utf8_unicode_ci DEFAULT '',
  `siteRobotsTxt` text COLLATE utf8_unicode_ci,
  `siteLinksSearchTargets` text COLLATE utf8_unicode_ci,
  `siteLinksQueryInput` varchar(50) COLLATE utf8_unicode_ci DEFAULT '',
  `googleSiteVerification` varchar(100) COLLATE utf8_unicode_ci DEFAULT '',
  `bingSiteVerification` varchar(100) COLLATE utf8_unicode_ci DEFAULT '',
  `googleAnalyticsUID` varchar(50) COLLATE utf8_unicode_ci DEFAULT '',
  `googleTagManagerID` varchar(50) COLLATE utf8_unicode_ci DEFAULT '',
  `googleAnalyticsSendPageview` tinyint(1) unsigned NOT NULL DEFAULT '1',
  `googleAnalyticsAdvertising` tinyint(1) unsigned NOT NULL DEFAULT '0',
  `googleAnalyticsEcommerce` tinyint(1) unsigned NOT NULL DEFAULT '0',
  `googleAnalyticsEEcommerce` tinyint(1) unsigned NOT NULL DEFAULT '0',
  `googleAnalyticsLinkAttribution` tinyint(1) unsigned NOT NULL DEFAULT '0',
  `googleAnalyticsLinker` tinyint(1) unsigned NOT NULL DEFAULT '0',
  `siteOwnerType` varchar(50) COLLATE utf8_unicode_ci DEFAULT '',
  `siteOwnerSubType` varchar(50) COLLATE utf8_unicode_ci DEFAULT '',
  `siteOwnerSpecificType` varchar(50) COLLATE utf8_unicode_ci DEFAULT '',
  `genericOwnerName` varchar(255) COLLATE utf8_unicode_ci DEFAULT '',
  `genericOwnerAlternateName` varchar(255) COLLATE utf8_unicode_ci DEFAULT '',
  `genericOwnerDescription` varchar(1024) COLLATE utf8_unicode_ci DEFAULT '',
  `genericOwnerUrl` varchar(255) COLLATE utf8_unicode_ci DEFAULT '',
  `genericOwnerTelephone` varchar(255) COLLATE utf8_unicode_ci DEFAULT '',
  `genericOwnerEmail` varchar(255) COLLATE utf8_unicode_ci DEFAULT '',
  `genericOwnerStreetAddress` varchar(255) COLLATE utf8_unicode_ci DEFAULT '',
  `genericOwnerAddressLocality` varchar(255) COLLATE utf8_unicode_ci DEFAULT '',
  `genericOwnerAddressRegion` varchar(255) COLLATE utf8_unicode_ci DEFAULT '',
  `genericOwnerPostalCode` varchar(255) COLLATE utf8_unicode_ci DEFAULT '',
  `genericOwnerAddressCountry` varchar(255) COLLATE utf8_unicode_ci DEFAULT '',
  `genericOwnerGeoLatitude` varchar(255) COLLATE utf8_unicode_ci DEFAULT '',
  `genericOwnerGeoLongitude` varchar(255) COLLATE utf8_unicode_ci DEFAULT '',
  `organizationOwnerDuns` varchar(255) COLLATE utf8_unicode_ci DEFAULT '',
  `organizationOwnerFounder` varchar(255) COLLATE utf8_unicode_ci DEFAULT '',
  `organizationOwnerFoundingDate` varchar(255) COLLATE utf8_unicode_ci DEFAULT '',
  `organizationOwnerFoundingLocation` varchar(255) COLLATE utf8_unicode_ci DEFAULT '',
  `organizationOwnerContactPoints` text COLLATE utf8_unicode_ci,
  `localBusinessPriceRange` varchar(10) COLLATE utf8_unicode_ci DEFAULT '$$$',
  `localBusinessOwnerOpeningHours` text COLLATE utf8_unicode_ci,
  `corporationOwnerTickerSymbol` varchar(255) COLLATE utf8_unicode_ci DEFAULT '',
  `restaurantOwnerServesCuisine` varchar(255) COLLATE utf8_unicode_ci DEFAULT '',
  `restaurantOwnerMenuUrl` varchar(255) COLLATE utf8_unicode_ci DEFAULT '',
  `restaurantOwnerReservationsUrl` varchar(255) COLLATE utf8_unicode_ci DEFAULT '',
  `personOwnerGender` varchar(255) COLLATE utf8_unicode_ci DEFAULT '',
  `personOwnerBirthPlace` varchar(255) COLLATE utf8_unicode_ci DEFAULT '',
  `twitterHandle` varchar(50) COLLATE utf8_unicode_ci DEFAULT '',
  `facebookHandle` varchar(50) COLLATE utf8_unicode_ci DEFAULT '',
  `facebookProfileId` varchar(50) COLLATE utf8_unicode_ci DEFAULT '',
  `facebookAppId` varchar(50) COLLATE utf8_unicode_ci DEFAULT '',
  `linkedInHandle` varchar(50) COLLATE utf8_unicode_ci DEFAULT '',
  `googlePlusHandle` varchar(50) COLLATE utf8_unicode_ci DEFAULT '',
  `youtubeHandle` varchar(50) COLLATE utf8_unicode_ci DEFAULT '',
  `youtubeChannelHandle` varchar(50) COLLATE utf8_unicode_ci DEFAULT '',
  `instagramHandle` varchar(50) COLLATE utf8_unicode_ci DEFAULT '',
  `pinterestHandle` varchar(50) COLLATE utf8_unicode_ci DEFAULT '',
  `githubHandle` varchar(50) COLLATE utf8_unicode_ci DEFAULT '',
  `vimeoHandle` varchar(50) COLLATE utf8_unicode_ci DEFAULT '',
  `siteCreatorType` varchar(255) COLLATE utf8_unicode_ci DEFAULT '',
  `siteCreatorSubType` varchar(255) COLLATE utf8_unicode_ci DEFAULT '',
  `siteCreatorSpecificType` varchar(255) COLLATE utf8_unicode_ci DEFAULT '',
  `genericCreatorName` varchar(255) COLLATE utf8_unicode_ci DEFAULT '',
  `genericCreatorAlternateName` varchar(255) COLLATE utf8_unicode_ci DEFAULT '',
  `genericCreatorDescription` varchar(1024) COLLATE utf8_unicode_ci DEFAULT '',
  `genericCreatorUrl` varchar(255) COLLATE utf8_unicode_ci DEFAULT '',
  `genericCreatorTelephone` varchar(255) COLLATE utf8_unicode_ci DEFAULT '',
  `genericCreatorEmail` varchar(255) COLLATE utf8_unicode_ci DEFAULT '',
  `genericCreatorStreetAddress` varchar(255) COLLATE utf8_unicode_ci DEFAULT '',
  `genericCreatorAddressLocality` varchar(255) COLLATE utf8_unicode_ci DEFAULT '',
  `genericCreatorAddressRegion` varchar(255) COLLATE utf8_unicode_ci DEFAULT '',
  `genericCreatorPostalCode` varchar(255) COLLATE utf8_unicode_ci DEFAULT '',
  `genericCreatorAddressCountry` varchar(255) COLLATE utf8_unicode_ci DEFAULT '',
  `genericCreatorGeoLatitude` varchar(255) COLLATE utf8_unicode_ci DEFAULT '',
  `genericCreatorGeoLongitude` varchar(255) COLLATE utf8_unicode_ci DEFAULT '',
  `organizationCreatorDuns` varchar(255) COLLATE utf8_unicode_ci DEFAULT '',
  `organizationCreatorFounder` varchar(255) COLLATE utf8_unicode_ci DEFAULT '',
  `organizationCreatorFoundingDate` varchar(255) COLLATE utf8_unicode_ci DEFAULT '',
  `organizationCreatorFoundingLocation` varchar(255) COLLATE utf8_unicode_ci DEFAULT '',
  `organizationCreatorContactPoints` text COLLATE utf8_unicode_ci,
  `localBusinessCreatorOpeningHours` text COLLATE utf8_unicode_ci,
  `corporationCreatorTickerSymbol` varchar(255) COLLATE utf8_unicode_ci DEFAULT '',
  `restaurantCreatorServesCuisine` varchar(255) COLLATE utf8_unicode_ci DEFAULT '',
  `restaurantCreatorMenuUrl` varchar(255) COLLATE utf8_unicode_ci DEFAULT '',
  `restaurantCreatorReservationsUrl` varchar(255) COLLATE utf8_unicode_ci DEFAULT '',
  `personCreatorGender` varchar(255) COLLATE utf8_unicode_ci DEFAULT '',
  `personCreatorBirthPlace` varchar(255) COLLATE utf8_unicode_ci DEFAULT '',
  `genericCreatorHumansTxt` text COLLATE utf8_unicode_ci,
  `dateCreated` datetime NOT NULL,
  `dateUpdated` datetime NOT NULL,
  `uid` char(36) COLLATE utf8_unicode_ci NOT NULL DEFAULT '0',
  PRIMARY KEY (`id`),
  KEY `craft_seomatic_settings_siteSeoImageId_fk` (`siteSeoImageId`),
  KEY `craft_seomatic_settings_siteSeoTwitterImageId_fk` (`siteSeoTwitterImageId`),
  KEY `craft_seomatic_settings_siteSeoFacebookImageId_fk` (`siteSeoFacebookImageId`),
  KEY `craft_seomatic_settings_genericOwnerImageId_fk` (`genericOwnerImageId`),
  KEY `craft_seomatic_settings_genericCreatorImageId_fk` (`genericCreatorImageId`)
) ENGINE=InnoDB AUTO_INCREMENT=2 DEFAULT CHARSET=utf8 COLLATE=utf8_unicode_ci;

--
-- Data for table `craft_seomatic_settings`
--

INSERT INTO `craft_seomatic_settings` (`id`, `siteSeoImageId`, `siteSeoTwitterImageId`, `siteSeoFacebookImageId`, `genericOwnerImageId`, `genericCreatorImageId`, `locale`, `siteSeoName`, `siteSeoTitle`, `siteSeoTitleSeparator`, `siteSeoTitlePlacement`, `siteSeoDescription`, `siteSeoKeywords`, `siteSeoImageTransform`, `siteSeoFacebookImageTransform`, `siteSeoTwitterImageTransform`, `siteTwitterCardType`, `siteOpenGraphType`, `siteRobots`, `siteRobotsTxt`, `siteLinksSearchTargets`, `siteLinksQueryInput`, `googleSiteVerification`, `bingSiteVerification`, `googleAnalyticsUID`, `googleTagManagerID`, `googleAnalyticsSendPageview`, `googleAnalyticsAdvertising`, `googleAnalyticsEcommerce`, `googleAnalyticsEEcommerce`, `googleAnalyticsLinkAttribution`, `googleAnalyticsLinker`, `siteOwnerType`, `siteOwnerSubType`, `siteOwnerSpecificType`, `genericOwnerName`, `genericOwnerAlternateName`, `genericOwnerDescription`, `genericOwnerUrl`, `genericOwnerTelephone`, `genericOwnerEmail`, `genericOwnerStreetAddress`, `genericOwnerAddressLocality`, `genericOwnerAddressRegion`, `genericOwnerPostalCode`, `genericOwnerAddressCountry`, `genericOwnerGeoLatitude`, `genericOwnerGeoLongitude`, `organizationOwnerDuns`, `organizationOwnerFounder`, `organizationOwnerFoundingDate`, `organizationOwnerFoundingLocation`, `organizationOwnerContactPoints`, `localBusinessPriceRange`, `localBusinessOwnerOpeningHours`, `corporationOwnerTickerSymbol`, `restaurantOwnerServesCuisine`, `restaurantOwnerMenuUrl`, `restaurantOwnerReservationsUrl`, `personOwnerGender`, `personOwnerBirthPlace`, `twitterHandle`, `facebookHandle`, `facebookProfileId`, `facebookAppId`, `linkedInHandle`, `googlePlusHandle`, `youtubeHandle`, `youtubeChannelHandle`, `instagramHandle`, `pinterestHandle`, `githubHandle`, `vimeoHandle`, `siteCreatorType`, `siteCreatorSubType`, `siteCreatorSpecificType`, `genericCreatorName`, `genericCreatorAlternateName`, `genericCreatorDescription`, `genericCreatorUrl`, `genericCreatorTelephone`, `genericCreatorEmail`, `genericCreatorStreetAddress`, `genericCreatorAddressLocality`, `genericCreatorAddressRegion`, `genericCreatorPostalCode`, `genericCreatorAddressCountry`, `genericCreatorGeoLatitude`, `genericCreatorGeoLongitude`, `organizationCreatorDuns`, `organizationCreatorFounder`, `organizationCreatorFoundingDate`, `organizationCreatorFoundingLocation`, `organizationCreatorContactPoints`, `localBusinessCreatorOpeningHours`, `corporationCreatorTickerSymbol`, `restaurantCreatorServesCuisine`, `restaurantCreatorMenuUrl`, `restaurantCreatorReservationsUrl`, `personCreatorGender`, `personCreatorBirthPlace`, `genericCreatorHumansTxt`, `dateCreated`, `dateUpdated`, `uid`) VALUES
 ('1', NULL, NULL, NULL, NULL, NULL, 'en_us', 'Careertech', 'This is the default global title of the site pages.', '|', 'after', 'This is the default global natural language description of the content on the site pages.', 'default,global,comma-separated,keywords', '', '', '', 'summary', 'website', '', '# robots.txt for {{ siteUrl }}\n\nSitemap: {{ siteUrl }}/sitemap.xml\n\n# Don\'t allow web crawlers to index Craft\n\nUser-agent: *\nDisallow: /craft/\n', '', '', '', '', '', '', '1', '0', '0', '0', '0', '0', 'Organization', 'Corporation', '', 'Careertech', '', '', 'http://careertech.web/', '', '', '', '', '', '', '', '', '', '', '', '', '', '', '$$$', '', '', '', '', '', '', '', '', '', '', '', '', '', '', '', '', '', '', '', 'Organization', 'Corporation', '', '', '', '', '', '', '', '', '', '', '', '', '', '', '', '', '', '', '', '', '', '', '', '', '', '', '/* TEAM */\n\n{% if seomaticCreator.name is defined and seomaticCreator.name %}\nCreator: {{ seomaticCreator.name }}\n{% endif %}\n{% if seomaticCreator.url is defined and seomaticCreator.url %}\nURL: {{ seomaticCreator.url }}\n{% endif %}\n{% if seomaticCreator.description is defined and seomaticCreator.description %}\nDescription: {{ seomaticCreator.description }}\n{% endif %}\n\n/* THANKS */\n\nPixel & Tonic - https://pixelandtonic.com\n\n/* SITE */\n\nStandards: HTML5, CSS3\nComponents: Craft CMS, Yii, PHP, Javascript, SEOmatic', '2017-04-25 14:13:35', '2017-04-25 14:13:35', 'f0f3b4bb-1157-4ccf-8152-dc2bc83c9c60');



DROP TABLE IF EXISTS `craft_sessions`;


--
-- Schema for table `craft_sessions`
--
CREATE TABLE `craft_sessions` (
  `id` int(11) NOT NULL AUTO_INCREMENT,
  `userId` int(11) NOT NULL,
  `token` char(100) COLLATE utf8_unicode_ci NOT NULL,
  `dateCreated` datetime NOT NULL,
  `dateUpdated` datetime NOT NULL,
  `uid` char(36) COLLATE utf8_unicode_ci NOT NULL DEFAULT '0',
  PRIMARY KEY (`id`),
  KEY `craft_sessions_uid_idx` (`uid`),
  KEY `craft_sessions_token_idx` (`token`),
  KEY `craft_sessions_dateUpdated_idx` (`dateUpdated`),
  KEY `craft_sessions_userId_fk` (`userId`)
) ENGINE=InnoDB AUTO_INCREMENT=10 DEFAULT CHARSET=utf8 COLLATE=utf8_unicode_ci;

DROP TABLE IF EXISTS `craft_shunnedmessages`;


--
-- Schema for table `craft_shunnedmessages`
--
CREATE TABLE `craft_shunnedmessages` (
  `id` int(11) NOT NULL AUTO_INCREMENT,
  `userId` int(11) NOT NULL,
  `message` varchar(255) COLLATE utf8_unicode_ci NOT NULL,
  `expiryDate` datetime DEFAULT NULL,
  `dateCreated` datetime NOT NULL,
  `dateUpdated` datetime NOT NULL,
  `uid` char(36) COLLATE utf8_unicode_ci NOT NULL DEFAULT '0',
  PRIMARY KEY (`id`),
  UNIQUE KEY `craft_shunnedmessages_userId_message_unq_idx` (`userId`,`message`)
) ENGINE=InnoDB DEFAULT CHARSET=utf8 COLLATE=utf8_unicode_ci;

DROP TABLE IF EXISTS `craft_structureelements`;


--
-- Schema for table `craft_structureelements`
--
CREATE TABLE `craft_structureelements` (
  `id` int(11) NOT NULL AUTO_INCREMENT,
  `structureId` int(11) NOT NULL,
  `elementId` int(11) DEFAULT NULL,
  `root` int(11) unsigned DEFAULT NULL,
  `lft` int(11) unsigned NOT NULL,
  `rgt` int(11) unsigned NOT NULL,
  `level` smallint(6) unsigned NOT NULL,
  `dateCreated` datetime NOT NULL,
  `dateUpdated` datetime NOT NULL,
  `uid` char(36) COLLATE utf8_unicode_ci NOT NULL DEFAULT '0',
  PRIMARY KEY (`id`),
  UNIQUE KEY `craft_structureelements_structureId_elementId_unq_idx` (`structureId`,`elementId`),
  KEY `craft_structureelements_root_idx` (`root`),
  KEY `craft_structureelements_lft_idx` (`lft`),
  KEY `craft_structureelements_rgt_idx` (`rgt`),
  KEY `craft_structureelements_level_idx` (`level`),
  KEY `craft_structureelements_elementId_fk` (`elementId`)
) ENGINE=InnoDB AUTO_INCREMENT=10 DEFAULT CHARSET=utf8 COLLATE=utf8_unicode_ci;

--
-- Data for table `craft_structureelements`
--

INSERT INTO `craft_structureelements` (`id`, `structureId`, `elementId`, `root`, `lft`, `rgt`, `level`, `dateCreated`, `dateUpdated`, `uid`) VALUES
 ('1', '1', NULL, '1', '1', '12', '0', '2017-04-20 14:55:24', '2017-04-20 14:55:24', '7c88d801-30cd-4408-a2cb-49e00d6d1d51'),
 ('2', '1', '10', '1', '2', '3', '1', '2017-04-20 14:55:24', '2017-04-20 14:55:24', '56a800ca-fcad-4f38-a59b-905a0028af71'),
 ('3', '1', '11', '1', '4', '5', '1', '2017-04-20 14:55:30', '2017-04-20 14:55:30', 'b9286a73-7632-4620-bcf3-4a39737679a6'),
 ('4', '1', '12', '1', '6', '7', '1', '2017-04-20 14:55:37', '2017-04-20 14:55:37', '239cd032-a81a-4e29-8ad2-2c515ae11dca'),
 ('5', '1', '13', '1', '8', '9', '1', '2017-04-20 14:55:42', '2017-04-20 14:55:42', 'dc6a46ac-1bda-48cb-92ba-f36dc43b126b'),
 ('6', '1', '14', '1', '10', '11', '1', '2017-04-20 14:55:48', '2017-04-20 14:55:48', '6742f22f-78d8-4467-83f8-bc2e5d5a2c62'),
 ('7', '3', NULL, '7', '1', '6', '0', '2017-05-05 13:36:08', '2017-05-05 13:36:08', 'a2e7aa0d-dfa6-4bcd-84e6-0ccdfde1edb7'),
 ('8', '3', '48', '7', '2', '3', '1', '2017-05-05 13:36:08', '2017-05-05 13:36:08', '779bdeb7-00e0-4074-b9f7-767a0245dec1'),
 ('9', '3', '49', '7', '4', '5', '1', '2017-05-05 13:36:14', '2017-05-05 13:36:14', '493f332a-4753-47d3-9258-af3efef069c1');



DROP TABLE IF EXISTS `craft_structures`;


--
-- Schema for table `craft_structures`
--
CREATE TABLE `craft_structures` (
  `id` int(11) NOT NULL AUTO_INCREMENT,
  `maxLevels` smallint(6) unsigned DEFAULT NULL,
  `dateCreated` datetime NOT NULL,
  `dateUpdated` datetime NOT NULL,
  `uid` char(36) COLLATE utf8_unicode_ci NOT NULL DEFAULT '0',
  PRIMARY KEY (`id`)
) ENGINE=InnoDB AUTO_INCREMENT=7 DEFAULT CHARSET=utf8 COLLATE=utf8_unicode_ci;

--
-- Data for table `craft_structures`
--

INSERT INTO `craft_structures` (`id`, `maxLevels`, `dateCreated`, `dateUpdated`, `uid`) VALUES
 ('1', NULL, '2017-04-20 13:31:25', '2017-04-20 13:31:25', '640509bf-6527-42dc-87a0-713ca12ca14d'),
 ('2', NULL, '2017-04-20 13:31:31', '2017-04-20 13:31:31', 'a15d3cd7-c7df-448b-89ce-d22045b18131'),
 ('3', NULL, '2017-04-20 13:31:36', '2017-04-20 13:31:36', 'ed4acc16-14bd-4f43-a701-fa6ec34b7c27'),
 ('4', NULL, '2017-04-20 13:31:40', '2017-04-20 13:31:40', 'ed4a8182-5d4c-47db-baad-2ce8831fd3dd'),
 ('5', NULL, '2017-04-20 13:32:12', '2017-04-20 13:32:12', '7a070e59-0be6-433b-a7a2-a0545ccc0f2f'),
 ('6', NULL, '2017-04-20 13:32:16', '2017-04-20 13:32:16', 'f90c20a0-446f-43b8-ac96-fa039706400f');



DROP TABLE IF EXISTS `craft_systemsettings`;


--
-- Schema for table `craft_systemsettings`
--
CREATE TABLE `craft_systemsettings` (
  `id` int(11) NOT NULL AUTO_INCREMENT,
  `category` varchar(15) COLLATE utf8_unicode_ci NOT NULL,
  `settings` text COLLATE utf8_unicode_ci,
  `dateCreated` datetime NOT NULL,
  `dateUpdated` datetime NOT NULL,
  `uid` char(36) COLLATE utf8_unicode_ci NOT NULL DEFAULT '0',
  PRIMARY KEY (`id`),
  UNIQUE KEY `craft_systemsettings_category_unq_idx` (`category`)
) ENGINE=InnoDB AUTO_INCREMENT=2 DEFAULT CHARSET=utf8 COLLATE=utf8_unicode_ci;

--
-- Data for table `craft_systemsettings`
--

INSERT INTO `craft_systemsettings` (`id`, `category`, `settings`, `dateCreated`, `dateUpdated`, `uid`) VALUES
 ('1', 'email', '{\"protocol\":\"php\",\"emailAddress\":\"alongwell@ideabasekent.com\",\"senderName\":\"Careertech\"}', '2017-04-18 15:33:03', '2017-04-18 15:33:03', '8962853b-19e6-450e-b7c7-942c00996965');



DROP TABLE IF EXISTS `craft_taggroups`;


--
-- Schema for table `craft_taggroups`
--
CREATE TABLE `craft_taggroups` (
  `id` int(11) NOT NULL AUTO_INCREMENT,
  `name` varchar(255) COLLATE utf8_unicode_ci NOT NULL,
  `handle` varchar(255) COLLATE utf8_unicode_ci NOT NULL,
  `fieldLayoutId` int(10) DEFAULT NULL,
  `dateCreated` datetime NOT NULL,
  `dateUpdated` datetime NOT NULL,
  `uid` char(36) COLLATE utf8_unicode_ci NOT NULL DEFAULT '0',
  PRIMARY KEY (`id`),
  UNIQUE KEY `craft_taggroups_name_unq_idx` (`name`),
  UNIQUE KEY `craft_taggroups_handle_unq_idx` (`handle`),
  KEY `craft_taggroups_fieldLayoutId_fk` (`fieldLayoutId`)
) ENGINE=InnoDB AUTO_INCREMENT=2 DEFAULT CHARSET=utf8 COLLATE=utf8_unicode_ci;

--
-- Data for table `craft_taggroups`
--

INSERT INTO `craft_taggroups` (`id`, `name`, `handle`, `fieldLayoutId`, `dateCreated`, `dateUpdated`, `uid`) VALUES
 ('1', 'Default', 'default', '1', '2017-04-18 15:33:03', '2017-04-18 15:33:03', '29447288-cb2c-4e92-ab7e-7637b33c9279');



DROP TABLE IF EXISTS `craft_tags`;


--
-- Schema for table `craft_tags`
--
CREATE TABLE `craft_tags` (
  `id` int(11) NOT NULL,
  `groupId` int(11) NOT NULL,
  `dateCreated` datetime NOT NULL,
  `dateUpdated` datetime NOT NULL,
  `uid` char(36) COLLATE utf8_unicode_ci NOT NULL DEFAULT '0',
  PRIMARY KEY (`id`),
  KEY `craft_tags_groupId_fk` (`groupId`)
) ENGINE=InnoDB DEFAULT CHARSET=utf8 COLLATE=utf8_unicode_ci;

DROP TABLE IF EXISTS `craft_tasks`;


--
-- Schema for table `craft_tasks`
--
CREATE TABLE `craft_tasks` (
  `id` int(11) NOT NULL AUTO_INCREMENT,
  `root` int(11) unsigned DEFAULT NULL,
  `lft` int(11) unsigned NOT NULL,
  `rgt` int(11) unsigned NOT NULL,
  `level` smallint(6) unsigned NOT NULL,
  `currentStep` int(11) unsigned DEFAULT NULL,
  `totalSteps` int(11) unsigned DEFAULT NULL,
  `status` enum('pending','error','running') COLLATE utf8_unicode_ci DEFAULT NULL,
  `type` varchar(150) COLLATE utf8_unicode_ci NOT NULL,
  `description` varchar(255) COLLATE utf8_unicode_ci DEFAULT NULL,
  `settings` mediumtext COLLATE utf8_unicode_ci,
  `dateCreated` datetime NOT NULL,
  `dateUpdated` datetime NOT NULL,
  `uid` char(36) COLLATE utf8_unicode_ci NOT NULL DEFAULT '0',
  PRIMARY KEY (`id`),
  KEY `craft_tasks_root_idx` (`root`),
  KEY `craft_tasks_lft_idx` (`lft`),
  KEY `craft_tasks_rgt_idx` (`rgt`),
  KEY `craft_tasks_level_idx` (`level`)
) ENGINE=InnoDB DEFAULT CHARSET=utf8 COLLATE=utf8_unicode_ci;

DROP TABLE IF EXISTS `craft_templatecachecriteria`;


--
-- Schema for table `craft_templatecachecriteria`
--
CREATE TABLE `craft_templatecachecriteria` (
  `id` int(11) NOT NULL AUTO_INCREMENT,
  `cacheId` int(11) NOT NULL,
  `type` varchar(150) COLLATE utf8_unicode_ci NOT NULL,
  `criteria` text COLLATE utf8_unicode_ci NOT NULL,
  PRIMARY KEY (`id`),
  KEY `craft_templatecachecriteria_cacheId_fk` (`cacheId`),
  KEY `craft_templatecachecriteria_type_idx` (`type`)
) ENGINE=InnoDB DEFAULT CHARSET=utf8 COLLATE=utf8_unicode_ci;

DROP TABLE IF EXISTS `craft_templatecacheelements`;


--
-- Schema for table `craft_templatecacheelements`
--
CREATE TABLE `craft_templatecacheelements` (
  `cacheId` int(11) NOT NULL,
  `elementId` int(11) NOT NULL,
  KEY `craft_templatecacheelements_cacheId_fk` (`cacheId`),
  KEY `craft_templatecacheelements_elementId_fk` (`elementId`)
) ENGINE=InnoDB DEFAULT CHARSET=utf8 COLLATE=utf8_unicode_ci;

DROP TABLE IF EXISTS `craft_templatecaches`;


--
-- Schema for table `craft_templatecaches`
--
CREATE TABLE `craft_templatecaches` (
  `id` int(11) NOT NULL AUTO_INCREMENT,
  `cacheKey` varchar(255) COLLATE utf8_unicode_ci NOT NULL,
  `locale` char(12) COLLATE utf8_unicode_ci NOT NULL,
  `path` varchar(255) COLLATE utf8_unicode_ci DEFAULT NULL,
  `expiryDate` datetime NOT NULL,
  `body` mediumtext COLLATE utf8_unicode_ci NOT NULL,
  PRIMARY KEY (`id`),
  KEY `craft_templatecaches_expiryDate_cacheKey_locale_path_idx` (`expiryDate`,`cacheKey`,`locale`,`path`),
  KEY `craft_templatecaches_locale_fk` (`locale`)
) ENGINE=InnoDB DEFAULT CHARSET=utf8 COLLATE=utf8_unicode_ci;

DROP TABLE IF EXISTS `craft_tokens`;


--
-- Schema for table `craft_tokens`
--
CREATE TABLE `craft_tokens` (
  `id` int(11) NOT NULL AUTO_INCREMENT,
  `token` char(32) COLLATE utf8_unicode_ci NOT NULL,
  `route` text COLLATE utf8_unicode_ci,
  `usageLimit` tinyint(3) unsigned DEFAULT NULL,
  `usageCount` tinyint(3) unsigned DEFAULT NULL,
  `expiryDate` datetime NOT NULL,
  `dateCreated` datetime NOT NULL,
  `dateUpdated` datetime NOT NULL,
  `uid` char(36) COLLATE utf8_unicode_ci NOT NULL DEFAULT '0',
  PRIMARY KEY (`id`),
  UNIQUE KEY `craft_tokens_token_unq_idx` (`token`),
  KEY `craft_tokens_expiryDate_idx` (`expiryDate`)
) ENGINE=InnoDB DEFAULT CHARSET=utf8 COLLATE=utf8_unicode_ci;

DROP TABLE IF EXISTS `craft_usergroups`;


--
-- Schema for table `craft_usergroups`
--
CREATE TABLE `craft_usergroups` (
  `id` int(11) NOT NULL AUTO_INCREMENT,
  `name` varchar(255) COLLATE utf8_unicode_ci NOT NULL,
  `handle` varchar(255) COLLATE utf8_unicode_ci NOT NULL,
  `dateCreated` datetime NOT NULL,
  `dateUpdated` datetime NOT NULL,
  `uid` char(36) COLLATE utf8_unicode_ci NOT NULL DEFAULT '0',
  PRIMARY KEY (`id`),
  UNIQUE KEY `craft_usergroups_name_unq_idx` (`name`),
  UNIQUE KEY `craft_usergroups_handle_unq_idx` (`handle`)
) ENGINE=InnoDB DEFAULT CHARSET=utf8 COLLATE=utf8_unicode_ci;

DROP TABLE IF EXISTS `craft_usergroups_users`;


--
-- Schema for table `craft_usergroups_users`
--
CREATE TABLE `craft_usergroups_users` (
  `id` int(11) NOT NULL AUTO_INCREMENT,
  `groupId` int(11) NOT NULL,
  `userId` int(11) NOT NULL,
  `dateCreated` datetime NOT NULL,
  `dateUpdated` datetime NOT NULL,
  `uid` char(36) COLLATE utf8_unicode_ci NOT NULL DEFAULT '0',
  PRIMARY KEY (`id`),
  UNIQUE KEY `craft_usergroups_users_groupId_userId_unq_idx` (`groupId`,`userId`),
  KEY `craft_usergroups_users_userId_fk` (`userId`)
) ENGINE=InnoDB DEFAULT CHARSET=utf8 COLLATE=utf8_unicode_ci;

DROP TABLE IF EXISTS `craft_userpermissions`;


--
-- Schema for table `craft_userpermissions`
--
CREATE TABLE `craft_userpermissions` (
  `id` int(11) NOT NULL AUTO_INCREMENT,
  `name` varchar(255) COLLATE utf8_unicode_ci NOT NULL,
  `dateCreated` datetime NOT NULL,
  `dateUpdated` datetime NOT NULL,
  `uid` char(36) COLLATE utf8_unicode_ci NOT NULL DEFAULT '0',
  PRIMARY KEY (`id`),
  UNIQUE KEY `craft_userpermissions_name_unq_idx` (`name`)
) ENGINE=InnoDB DEFAULT CHARSET=utf8 COLLATE=utf8_unicode_ci;

DROP TABLE IF EXISTS `craft_userpermissions_usergroups`;


--
-- Schema for table `craft_userpermissions_usergroups`
--
CREATE TABLE `craft_userpermissions_usergroups` (
  `id` int(11) NOT NULL AUTO_INCREMENT,
  `permissionId` int(11) NOT NULL,
  `groupId` int(11) NOT NULL,
  `dateCreated` datetime NOT NULL,
  `dateUpdated` datetime NOT NULL,
  `uid` char(36) COLLATE utf8_unicode_ci NOT NULL DEFAULT '0',
  PRIMARY KEY (`id`),
  UNIQUE KEY `craft_userpermissions_usergroups_permissionId_groupId_unq_idx` (`permissionId`,`groupId`),
  KEY `craft_userpermissions_usergroups_groupId_fk` (`groupId`)
) ENGINE=InnoDB DEFAULT CHARSET=utf8 COLLATE=utf8_unicode_ci;

DROP TABLE IF EXISTS `craft_userpermissions_users`;


--
-- Schema for table `craft_userpermissions_users`
--
CREATE TABLE `craft_userpermissions_users` (
  `id` int(11) NOT NULL AUTO_INCREMENT,
  `permissionId` int(11) NOT NULL,
  `userId` int(11) NOT NULL,
  `dateCreated` datetime NOT NULL,
  `dateUpdated` datetime NOT NULL,
  `uid` char(36) COLLATE utf8_unicode_ci NOT NULL DEFAULT '0',
  PRIMARY KEY (`id`),
  UNIQUE KEY `craft_userpermissions_users_permissionId_userId_unq_idx` (`permissionId`,`userId`),
  KEY `craft_userpermissions_users_userId_fk` (`userId`)
) ENGINE=InnoDB DEFAULT CHARSET=utf8 COLLATE=utf8_unicode_ci;

DROP TABLE IF EXISTS `craft_users`;


--
-- Schema for table `craft_users`
--
CREATE TABLE `craft_users` (
  `id` int(11) NOT NULL,
  `username` varchar(100) COLLATE utf8_unicode_ci NOT NULL,
  `photo` varchar(100) COLLATE utf8_unicode_ci DEFAULT NULL,
  `firstName` varchar(100) COLLATE utf8_unicode_ci DEFAULT NULL,
  `lastName` varchar(100) COLLATE utf8_unicode_ci DEFAULT NULL,
  `email` varchar(255) COLLATE utf8_unicode_ci NOT NULL,
  `password` char(255) COLLATE utf8_unicode_ci DEFAULT NULL,
  `preferredLocale` char(12) COLLATE utf8_unicode_ci DEFAULT NULL,
  `weekStartDay` tinyint(1) unsigned NOT NULL DEFAULT '0',
  `admin` tinyint(1) unsigned NOT NULL DEFAULT '0',
  `client` tinyint(1) unsigned NOT NULL DEFAULT '0',
  `locked` tinyint(1) unsigned NOT NULL DEFAULT '0',
  `suspended` tinyint(1) unsigned NOT NULL DEFAULT '0',
  `pending` tinyint(1) unsigned NOT NULL DEFAULT '0',
  `archived` tinyint(1) unsigned NOT NULL DEFAULT '0',
  `lastLoginDate` datetime DEFAULT NULL,
  `lastLoginAttemptIPAddress` varchar(45) COLLATE utf8_unicode_ci DEFAULT NULL,
  `invalidLoginWindowStart` datetime DEFAULT NULL,
  `invalidLoginCount` tinyint(4) unsigned DEFAULT NULL,
  `lastInvalidLoginDate` datetime DEFAULT NULL,
  `lockoutDate` datetime DEFAULT NULL,
  `verificationCode` char(100) COLLATE utf8_unicode_ci DEFAULT NULL,
  `verificationCodeIssuedDate` datetime DEFAULT NULL,
  `unverifiedEmail` varchar(255) COLLATE utf8_unicode_ci DEFAULT NULL,
  `passwordResetRequired` tinyint(1) unsigned NOT NULL DEFAULT '0',
  `lastPasswordChangeDate` datetime DEFAULT NULL,
  `dateCreated` datetime NOT NULL,
  `dateUpdated` datetime NOT NULL,
  `uid` char(36) COLLATE utf8_unicode_ci NOT NULL DEFAULT '0',
  PRIMARY KEY (`id`),
  UNIQUE KEY `craft_users_username_unq_idx` (`username`),
  UNIQUE KEY `craft_users_email_unq_idx` (`email`),
  KEY `craft_users_verificationCode_idx` (`verificationCode`),
  KEY `craft_users_uid_idx` (`uid`),
  KEY `craft_users_preferredLocale_fk` (`preferredLocale`)
) ENGINE=InnoDB DEFAULT CHARSET=utf8 COLLATE=utf8_unicode_ci;

--
-- Data for table `craft_users`
--

INSERT INTO `craft_users` (`id`, `username`, `photo`, `firstName`, `lastName`, `email`, `password`, `preferredLocale`, `weekStartDay`, `admin`, `client`, `locked`, `suspended`, `pending`, `archived`, `lastLoginDate`, `lastLoginAttemptIPAddress`, `invalidLoginWindowStart`, `invalidLoginCount`, `lastInvalidLoginDate`, `lockoutDate`, `verificationCode`, `verificationCodeIssuedDate`, `unverifiedEmail`, `passwordResetRequired`, `lastPasswordChangeDate`, `dateCreated`, `dateUpdated`, `uid`) VALUES
 ('1', 'alongwe2', NULL, NULL, NULL, 'alongwell@ideabasekent.com', '$2y$13$Y7yPXvox2ln2wHUPSktw5.oHEIpnj1Ze3jP1zIGJRfYPc2MPVVIbK', NULL, '0', '1', '0', '0', '0', '0', '0', '2017-05-05 13:11:36', '::1', NULL, NULL, NULL, NULL, NULL, NULL, NULL, '0', '2017-04-18 15:33:00', '2017-04-18 15:33:01', '2017-05-05 13:11:36', 'd7bca0a1-751e-4f48-ab10-b2736f3aa304');



DROP TABLE IF EXISTS `craft_widgets`;


--
-- Schema for table `craft_widgets`
--
CREATE TABLE `craft_widgets` (
  `id` int(11) NOT NULL AUTO_INCREMENT,
  `userId` int(11) NOT NULL,
  `type` varchar(150) COLLATE utf8_unicode_ci NOT NULL,
  `sortOrder` smallint(6) unsigned DEFAULT NULL,
  `colspan` tinyint(4) unsigned DEFAULT NULL,
  `settings` text COLLATE utf8_unicode_ci,
  `enabled` tinyint(1) unsigned NOT NULL DEFAULT '1',
  `dateCreated` datetime NOT NULL,
  `dateUpdated` datetime NOT NULL,
  `uid` char(36) COLLATE utf8_unicode_ci NOT NULL DEFAULT '0',
  PRIMARY KEY (`id`),
  KEY `craft_widgets_userId_fk` (`userId`)
) ENGINE=InnoDB AUTO_INCREMENT=5 DEFAULT CHARSET=utf8 COLLATE=utf8_unicode_ci;

--
-- Data for table `craft_widgets`
--

INSERT INTO `craft_widgets` (`id`, `userId`, `type`, `sortOrder`, `colspan`, `settings`, `enabled`, `dateCreated`, `dateUpdated`, `uid`) VALUES
 ('1', '1', 'RecentEntries', '1', NULL, NULL, '1', '2017-04-18 15:33:06', '2017-04-18 15:33:06', 'e0b4c5d0-7460-41f2-b907-f649ece580c2'),
 ('2', '1', 'GetHelp', '2', NULL, NULL, '1', '2017-04-18 15:33:06', '2017-04-18 15:33:06', '47b30524-05c9-4a04-8b5f-bee996641f58'),
 ('3', '1', 'Updates', '3', NULL, NULL, '1', '2017-04-18 15:33:06', '2017-04-18 15:33:06', 'f70caa8f-e3a8-46ea-b207-45e10bf078f6'),
 ('4', '1', 'Feed', '4', NULL, '{\"url\":\"https:\\/\\/craftcms.com\\/news.rss\",\"title\":\"Craft News\"}', '1', '2017-04-18 15:33:06', '2017-04-18 15:33:06', 'c8001a10-8b4f-4500-93a8-57a6ffb9ced0');


--
-- Constraints for tables
--


--
-- Constraints for table `craft_assetfiles`
--
ALTER TABLE `craft_assetfiles`
	ADD CONSTRAINT `craft_assetfiles_folderId_fk` FOREIGN KEY (`folderId`) REFERENCES `craft_assetfolders` (`id`) ON DELETE CASCADE,
	ADD CONSTRAINT `craft_assetfiles_id_fk` FOREIGN KEY (`id`) REFERENCES `craft_elements` (`id`) ON DELETE CASCADE,
	ADD CONSTRAINT `craft_assetfiles_sourceId_fk` FOREIGN KEY (`sourceId`) REFERENCES `craft_assetsources` (`id`) ON DELETE CASCADE;

--
-- Constraints for table `craft_assetfolders`
--
ALTER TABLE `craft_assetfolders`
	ADD CONSTRAINT `craft_assetfolders_parentId_fk` FOREIGN KEY (`parentId`) REFERENCES `craft_assetfolders` (`id`) ON DELETE CASCADE,
	ADD CONSTRAINT `craft_assetfolders_sourceId_fk` FOREIGN KEY (`sourceId`) REFERENCES `craft_assetsources` (`id`) ON DELETE CASCADE;

--
-- Constraints for table `craft_assetindexdata`
--
ALTER TABLE `craft_assetindexdata`
	ADD CONSTRAINT `craft_assetindexdata_sourceId_fk` FOREIGN KEY (`sourceId`) REFERENCES `craft_assetsources` (`id`) ON DELETE CASCADE;

--
-- Constraints for table `craft_assetsources`
--
ALTER TABLE `craft_assetsources`
	ADD CONSTRAINT `craft_assetsources_fieldLayoutId_fk` FOREIGN KEY (`fieldLayoutId`) REFERENCES `craft_fieldlayouts` (`id`) ON DELETE SET NULL;

--
-- Constraints for table `craft_categories`
--
ALTER TABLE `craft_categories`
	ADD CONSTRAINT `craft_categories_groupId_fk` FOREIGN KEY (`groupId`) REFERENCES `craft_categorygroups` (`id`) ON DELETE CASCADE,
	ADD CONSTRAINT `craft_categories_id_fk` FOREIGN KEY (`id`) REFERENCES `craft_elements` (`id`) ON DELETE CASCADE;

--
-- Constraints for table `craft_categorygroups`
--
ALTER TABLE `craft_categorygroups`
	ADD CONSTRAINT `craft_categorygroups_fieldLayoutId_fk` FOREIGN KEY (`fieldLayoutId`) REFERENCES `craft_fieldlayouts` (`id`) ON DELETE SET NULL,
	ADD CONSTRAINT `craft_categorygroups_structureId_fk` FOREIGN KEY (`structureId`) REFERENCES `craft_structures` (`id`) ON DELETE CASCADE;

--
-- Constraints for table `craft_categorygroups_i18n`
--
ALTER TABLE `craft_categorygroups_i18n`
	ADD CONSTRAINT `craft_categorygroups_i18n_groupId_fk` FOREIGN KEY (`groupId`) REFERENCES `craft_categorygroups` (`id`) ON DELETE CASCADE,
	ADD CONSTRAINT `craft_categorygroups_i18n_locale_fk` FOREIGN KEY (`locale`) REFERENCES `craft_locales` (`locale`) ON DELETE CASCADE ON UPDATE CASCADE;

--
-- Constraints for table `craft_content`
--
ALTER TABLE `craft_content`
	ADD CONSTRAINT `craft_content_elementId_fk` FOREIGN KEY (`elementId`) REFERENCES `craft_elements` (`id`) ON DELETE CASCADE,
	ADD CONSTRAINT `craft_content_locale_fk` FOREIGN KEY (`locale`) REFERENCES `craft_locales` (`locale`) ON DELETE CASCADE ON UPDATE CASCADE;

--
-- Constraints for table `craft_elements_i18n`
--
ALTER TABLE `craft_elements_i18n`
	ADD CONSTRAINT `craft_elements_i18n_elementId_fk` FOREIGN KEY (`elementId`) REFERENCES `craft_elements` (`id`) ON DELETE CASCADE,
	ADD CONSTRAINT `craft_elements_i18n_locale_fk` FOREIGN KEY (`locale`) REFERENCES `craft_locales` (`locale`) ON DELETE CASCADE ON UPDATE CASCADE;

--
-- Constraints for table `craft_emailmessages`
--
ALTER TABLE `craft_emailmessages`
	ADD CONSTRAINT `craft_emailmessages_locale_fk` FOREIGN KEY (`locale`) REFERENCES `craft_locales` (`locale`) ON DELETE CASCADE ON UPDATE CASCADE;

--
-- Constraints for table `craft_entries`
--
ALTER TABLE `craft_entries`
	ADD CONSTRAINT `craft_entries_authorId_fk` FOREIGN KEY (`authorId`) REFERENCES `craft_users` (`id`) ON DELETE CASCADE,
	ADD CONSTRAINT `craft_entries_id_fk` FOREIGN KEY (`id`) REFERENCES `craft_elements` (`id`) ON DELETE CASCADE,
	ADD CONSTRAINT `craft_entries_sectionId_fk` FOREIGN KEY (`sectionId`) REFERENCES `craft_sections` (`id`) ON DELETE CASCADE,
	ADD CONSTRAINT `craft_entries_typeId_fk` FOREIGN KEY (`typeId`) REFERENCES `craft_entrytypes` (`id`) ON DELETE CASCADE;

--
-- Constraints for table `craft_entrydrafts`
--
ALTER TABLE `craft_entrydrafts`
	ADD CONSTRAINT `craft_entrydrafts_creatorId_fk` FOREIGN KEY (`creatorId`) REFERENCES `craft_users` (`id`) ON DELETE CASCADE,
	ADD CONSTRAINT `craft_entrydrafts_entryId_fk` FOREIGN KEY (`entryId`) REFERENCES `craft_entries` (`id`) ON DELETE CASCADE,
	ADD CONSTRAINT `craft_entrydrafts_locale_fk` FOREIGN KEY (`locale`) REFERENCES `craft_locales` (`locale`) ON DELETE CASCADE ON UPDATE CASCADE,
	ADD CONSTRAINT `craft_entrydrafts_sectionId_fk` FOREIGN KEY (`sectionId`) REFERENCES `craft_sections` (`id`) ON DELETE CASCADE;

--
-- Constraints for table `craft_entrytypes`
--
ALTER TABLE `craft_entrytypes`
	ADD CONSTRAINT `craft_entrytypes_fieldLayoutId_fk` FOREIGN KEY (`fieldLayoutId`) REFERENCES `craft_fieldlayouts` (`id`) ON DELETE SET NULL,
	ADD CONSTRAINT `craft_entrytypes_sectionId_fk` FOREIGN KEY (`sectionId`) REFERENCES `craft_sections` (`id`) ON DELETE CASCADE;

--
-- Constraints for table `craft_entryversions`
--
ALTER TABLE `craft_entryversions`
	ADD CONSTRAINT `craft_entryversions_creatorId_fk` FOREIGN KEY (`creatorId`) REFERENCES `craft_users` (`id`) ON DELETE SET NULL,
	ADD CONSTRAINT `craft_entryversions_entryId_fk` FOREIGN KEY (`entryId`) REFERENCES `craft_entries` (`id`) ON DELETE CASCADE,
	ADD CONSTRAINT `craft_entryversions_locale_fk` FOREIGN KEY (`locale`) REFERENCES `craft_locales` (`locale`) ON DELETE CASCADE ON UPDATE CASCADE,
	ADD CONSTRAINT `craft_entryversions_sectionId_fk` FOREIGN KEY (`sectionId`) REFERENCES `craft_sections` (`id`) ON DELETE CASCADE;

--
-- Constraints for table `craft_fieldlayoutfields`
--
ALTER TABLE `craft_fieldlayoutfields`
	ADD CONSTRAINT `craft_fieldlayoutfields_fieldId_fk` FOREIGN KEY (`fieldId`) REFERENCES `craft_fields` (`id`) ON DELETE CASCADE,
	ADD CONSTRAINT `craft_fieldlayoutfields_layoutId_fk` FOREIGN KEY (`layoutId`) REFERENCES `craft_fieldlayouts` (`id`) ON DELETE CASCADE,
	ADD CONSTRAINT `craft_fieldlayoutfields_tabId_fk` FOREIGN KEY (`tabId`) REFERENCES `craft_fieldlayouttabs` (`id`) ON DELETE CASCADE;

--
-- Constraints for table `craft_fieldlayouttabs`
--
ALTER TABLE `craft_fieldlayouttabs`
	ADD CONSTRAINT `craft_fieldlayouttabs_layoutId_fk` FOREIGN KEY (`layoutId`) REFERENCES `craft_fieldlayouts` (`id`) ON DELETE CASCADE;

--
-- Constraints for table `craft_fields`
--
ALTER TABLE `craft_fields`
	ADD CONSTRAINT `craft_fields_groupId_fk` FOREIGN KEY (`groupId`) REFERENCES `craft_fieldgroups` (`id`) ON DELETE CASCADE;

--
-- Constraints for table `craft_globalsets`
--
ALTER TABLE `craft_globalsets`
	ADD CONSTRAINT `craft_globalsets_fieldLayoutId_fk` FOREIGN KEY (`fieldLayoutId`) REFERENCES `craft_fieldlayouts` (`id`) ON DELETE SET NULL,
	ADD CONSTRAINT `craft_globalsets_id_fk` FOREIGN KEY (`id`) REFERENCES `craft_elements` (`id`) ON DELETE CASCADE;

--
-- Constraints for table `craft_matrixblocks`
--
ALTER TABLE `craft_matrixblocks`
	ADD CONSTRAINT `craft_matrixblocks_fieldId_fk` FOREIGN KEY (`fieldId`) REFERENCES `craft_fields` (`id`) ON DELETE CASCADE,
	ADD CONSTRAINT `craft_matrixblocks_id_fk` FOREIGN KEY (`id`) REFERENCES `craft_elements` (`id`) ON DELETE CASCADE,
	ADD CONSTRAINT `craft_matrixblocks_ownerId_fk` FOREIGN KEY (`ownerId`) REFERENCES `craft_elements` (`id`) ON DELETE CASCADE,
	ADD CONSTRAINT `craft_matrixblocks_ownerLocale_fk` FOREIGN KEY (`ownerLocale`) REFERENCES `craft_locales` (`locale`) ON DELETE CASCADE ON UPDATE CASCADE,
	ADD CONSTRAINT `craft_matrixblocks_typeId_fk` FOREIGN KEY (`typeId`) REFERENCES `craft_matrixblocktypes` (`id`) ON DELETE CASCADE;

--
-- Constraints for table `craft_matrixblocktypes`
--
ALTER TABLE `craft_matrixblocktypes`
	ADD CONSTRAINT `craft_matrixblocktypes_fieldId_fk` FOREIGN KEY (`fieldId`) REFERENCES `craft_fields` (`id`) ON DELETE CASCADE,
	ADD CONSTRAINT `craft_matrixblocktypes_fieldLayoutId_fk` FOREIGN KEY (`fieldLayoutId`) REFERENCES `craft_fieldlayouts` (`id`) ON DELETE SET NULL;

--
-- Constraints for table `craft_matrixcontent_admissionsmatrix`
--
ALTER TABLE `craft_matrixcontent_admissionsmatrix`
	ADD CONSTRAINT `craft_matrixcontent_admissionsmatrix_elementId_fk` FOREIGN KEY (`elementId`) REFERENCES `craft_elements` (`id`) ON DELETE CASCADE,
	ADD CONSTRAINT `craft_matrixcontent_admissionsmatrix_locale_fk` FOREIGN KEY (`locale`) REFERENCES `craft_locales` (`locale`) ON DELETE CASCADE ON UPDATE CASCADE;

--
-- Constraints for table `craft_matrixcontent_programsmatrix`
--
ALTER TABLE `craft_matrixcontent_programsmatrix`
	ADD CONSTRAINT `craft_matrixcontent_programsmatrix_elementId_fk` FOREIGN KEY (`elementId`) REFERENCES `craft_elements` (`id`) ON DELETE CASCADE,
	ADD CONSTRAINT `craft_matrixcontent_programsmatrix_locale_fk` FOREIGN KEY (`locale`) REFERENCES `craft_locales` (`locale`) ON DELETE CASCADE ON UPDATE CASCADE;

--
-- Constraints for table `craft_matrixcontent_socialname`
--
ALTER TABLE `craft_matrixcontent_socialname`
	ADD CONSTRAINT `craft_matrixcontent_socialname_elementId_fk` FOREIGN KEY (`elementId`) REFERENCES `craft_elements` (`id`) ON DELETE CASCADE,
	ADD CONSTRAINT `craft_matrixcontent_socialname_locale_fk` FOREIGN KEY (`locale`) REFERENCES `craft_locales` (`locale`) ON DELETE CASCADE ON UPDATE CASCADE;

--
-- Constraints for table `craft_migrations`
--
ALTER TABLE `craft_migrations`
	ADD CONSTRAINT `craft_migrations_pluginId_fk` FOREIGN KEY (`pluginId`) REFERENCES `craft_plugins` (`id`) ON DELETE CASCADE;

--
-- Constraints for table `craft_relations`
--
ALTER TABLE `craft_relations`
	ADD CONSTRAINT `craft_relations_fieldId_fk` FOREIGN KEY (`fieldId`) REFERENCES `craft_fields` (`id`) ON DELETE CASCADE,
	ADD CONSTRAINT `craft_relations_sourceId_fk` FOREIGN KEY (`sourceId`) REFERENCES `craft_elements` (`id`) ON DELETE CASCADE,
	ADD CONSTRAINT `craft_relations_sourceLocale_fk` FOREIGN KEY (`sourceLocale`) REFERENCES `craft_locales` (`locale`) ON DELETE CASCADE ON UPDATE CASCADE,
	ADD CONSTRAINT `craft_relations_targetId_fk` FOREIGN KEY (`targetId`) REFERENCES `craft_elements` (`id`) ON DELETE CASCADE;

--
-- Constraints for table `craft_routes`
--
ALTER TABLE `craft_routes`
	ADD CONSTRAINT `craft_routes_locale_fk` FOREIGN KEY (`locale`) REFERENCES `craft_locales` (`locale`) ON DELETE CASCADE ON UPDATE CASCADE;

--
-- Constraints for table `craft_sections`
--
ALTER TABLE `craft_sections`
	ADD CONSTRAINT `craft_sections_structureId_fk` FOREIGN KEY (`structureId`) REFERENCES `craft_structures` (`id`) ON DELETE SET NULL;

--
-- Constraints for table `craft_sections_i18n`
--
ALTER TABLE `craft_sections_i18n`
	ADD CONSTRAINT `craft_sections_i18n_locale_fk` FOREIGN KEY (`locale`) REFERENCES `craft_locales` (`locale`) ON DELETE CASCADE ON UPDATE CASCADE,
	ADD CONSTRAINT `craft_sections_i18n_sectionId_fk` FOREIGN KEY (`sectionId`) REFERENCES `craft_sections` (`id`) ON DELETE CASCADE;

--
-- Constraints for table `craft_seomatic_meta`
--
ALTER TABLE `craft_seomatic_meta`
	ADD CONSTRAINT `craft_seomatic_meta_id_fk` FOREIGN KEY (`id`) REFERENCES `craft_elements` (`id`) ON DELETE CASCADE,
	ADD CONSTRAINT `craft_seomatic_meta_seoFacebookImageId_fk` FOREIGN KEY (`seoFacebookImageId`) REFERENCES `craft_assetfiles` (`id`) ON DELETE SET NULL,
	ADD CONSTRAINT `craft_seomatic_meta_seoImageId_fk` FOREIGN KEY (`seoImageId`) REFERENCES `craft_assetfiles` (`id`) ON DELETE SET NULL,
	ADD CONSTRAINT `craft_seomatic_meta_seoTwitterImageId_fk` FOREIGN KEY (`seoTwitterImageId`) REFERENCES `craft_assetfiles` (`id`) ON DELETE SET NULL;

--
-- Constraints for table `craft_seomatic_settings`
--
ALTER TABLE `craft_seomatic_settings`
	ADD CONSTRAINT `craft_seomatic_settings_genericCreatorImageId_fk` FOREIGN KEY (`genericCreatorImageId`) REFERENCES `craft_assetfiles` (`id`) ON DELETE SET NULL,
	ADD CONSTRAINT `craft_seomatic_settings_genericOwnerImageId_fk` FOREIGN KEY (`genericOwnerImageId`) REFERENCES `craft_assetfiles` (`id`) ON DELETE SET NULL,
	ADD CONSTRAINT `craft_seomatic_settings_siteSeoFacebookImageId_fk` FOREIGN KEY (`siteSeoFacebookImageId`) REFERENCES `craft_assetfiles` (`id`) ON DELETE SET NULL,
	ADD CONSTRAINT `craft_seomatic_settings_siteSeoImageId_fk` FOREIGN KEY (`siteSeoImageId`) REFERENCES `craft_assetfiles` (`id`) ON DELETE SET NULL,
	ADD CONSTRAINT `craft_seomatic_settings_siteSeoTwitterImageId_fk` FOREIGN KEY (`siteSeoTwitterImageId`) REFERENCES `craft_assetfiles` (`id`) ON DELETE SET NULL;

--
-- Constraints for table `craft_sessions`
--
ALTER TABLE `craft_sessions`
	ADD CONSTRAINT `craft_sessions_userId_fk` FOREIGN KEY (`userId`) REFERENCES `craft_users` (`id`) ON DELETE CASCADE;

--
-- Constraints for table `craft_shunnedmessages`
--
ALTER TABLE `craft_shunnedmessages`
	ADD CONSTRAINT `craft_shunnedmessages_userId_fk` FOREIGN KEY (`userId`) REFERENCES `craft_users` (`id`) ON DELETE CASCADE;

--
-- Constraints for table `craft_structureelements`
--
ALTER TABLE `craft_structureelements`
	ADD CONSTRAINT `craft_structureelements_elementId_fk` FOREIGN KEY (`elementId`) REFERENCES `craft_elements` (`id`) ON DELETE CASCADE,
	ADD CONSTRAINT `craft_structureelements_structureId_fk` FOREIGN KEY (`structureId`) REFERENCES `craft_structures` (`id`) ON DELETE CASCADE;

--
-- Constraints for table `craft_taggroups`
--
ALTER TABLE `craft_taggroups`
	ADD CONSTRAINT `craft_taggroups_fieldLayoutId_fk` FOREIGN KEY (`fieldLayoutId`) REFERENCES `craft_fieldlayouts` (`id`) ON DELETE SET NULL;

--
-- Constraints for table `craft_tags`
--
ALTER TABLE `craft_tags`
	ADD CONSTRAINT `craft_tags_groupId_fk` FOREIGN KEY (`groupId`) REFERENCES `craft_taggroups` (`id`) ON DELETE CASCADE,
	ADD CONSTRAINT `craft_tags_id_fk` FOREIGN KEY (`id`) REFERENCES `craft_elements` (`id`) ON DELETE CASCADE;

--
-- Constraints for table `craft_templatecachecriteria`
--
ALTER TABLE `craft_templatecachecriteria`
	ADD CONSTRAINT `craft_templatecachecriteria_cacheId_fk` FOREIGN KEY (`cacheId`) REFERENCES `craft_templatecaches` (`id`) ON DELETE CASCADE;

--
-- Constraints for table `craft_templatecacheelements`
--
ALTER TABLE `craft_templatecacheelements`
	ADD CONSTRAINT `craft_templatecacheelements_cacheId_fk` FOREIGN KEY (`cacheId`) REFERENCES `craft_templatecaches` (`id`) ON DELETE CASCADE,
	ADD CONSTRAINT `craft_templatecacheelements_elementId_fk` FOREIGN KEY (`elementId`) REFERENCES `craft_elements` (`id`) ON DELETE CASCADE;

--
-- Constraints for table `craft_templatecaches`
--
ALTER TABLE `craft_templatecaches`
	ADD CONSTRAINT `craft_templatecaches_locale_fk` FOREIGN KEY (`locale`) REFERENCES `craft_locales` (`locale`) ON DELETE CASCADE ON UPDATE CASCADE;

--
-- Constraints for table `craft_usergroups_users`
--
ALTER TABLE `craft_usergroups_users`
	ADD CONSTRAINT `craft_usergroups_users_groupId_fk` FOREIGN KEY (`groupId`) REFERENCES `craft_usergroups` (`id`) ON DELETE CASCADE,
	ADD CONSTRAINT `craft_usergroups_users_userId_fk` FOREIGN KEY (`userId`) REFERENCES `craft_users` (`id`) ON DELETE CASCADE;

--
-- Constraints for table `craft_userpermissions_usergroups`
--
ALTER TABLE `craft_userpermissions_usergroups`
	ADD CONSTRAINT `craft_userpermissions_usergroups_groupId_fk` FOREIGN KEY (`groupId`) REFERENCES `craft_usergroups` (`id`) ON DELETE CASCADE,
	ADD CONSTRAINT `craft_userpermissions_usergroups_permissionId_fk` FOREIGN KEY (`permissionId`) REFERENCES `craft_userpermissions` (`id`) ON DELETE CASCADE;

--
-- Constraints for table `craft_userpermissions_users`
--
ALTER TABLE `craft_userpermissions_users`
	ADD CONSTRAINT `craft_userpermissions_users_permissionId_fk` FOREIGN KEY (`permissionId`) REFERENCES `craft_userpermissions` (`id`) ON DELETE CASCADE,
	ADD CONSTRAINT `craft_userpermissions_users_userId_fk` FOREIGN KEY (`userId`) REFERENCES `craft_users` (`id`) ON DELETE CASCADE;

--
-- Constraints for table `craft_users`
--
ALTER TABLE `craft_users`
	ADD CONSTRAINT `craft_users_id_fk` FOREIGN KEY (`id`) REFERENCES `craft_elements` (`id`) ON DELETE CASCADE,
	ADD CONSTRAINT `craft_users_preferredLocale_fk` FOREIGN KEY (`preferredLocale`) REFERENCES `craft_locales` (`locale`) ON DELETE SET NULL ON UPDATE CASCADE;

--
-- Constraints for table `craft_widgets`
--
ALTER TABLE `craft_widgets`
	ADD CONSTRAINT `craft_widgets_userId_fk` FOREIGN KEY (`userId`) REFERENCES `craft_users` (`id`) ON DELETE CASCADE;

SET FOREIGN_KEY_CHECKS = 1;
