-- Generated by Craft v2.6.2994 on Nov 16, 2017, 9:55:45 PM.

--
-- Disable foreign key checks and autocommit.
--

SET FOREIGN_KEY_CHECKS = 0;
SET SQL_MODE = "NO_AUTO_VALUE_ON_ZERO";
SET AUTOCOMMIT = 0;
SET NAMES utf8;


DROP TABLE IF EXISTS `craft_amnav_navs`;


--
-- Schema for table `craft_amnav_navs`
--
CREATE TABLE `craft_amnav_navs` (
  `id` int(11) NOT NULL AUTO_INCREMENT,
  `name` varchar(255) COLLATE utf8_unicode_ci NOT NULL,
  `handle` varchar(255) COLLATE utf8_unicode_ci NOT NULL,
  `settings` text COLLATE utf8_unicode_ci,
  `dateCreated` datetime NOT NULL,
  `dateUpdated` datetime NOT NULL,
  `uid` char(36) COLLATE utf8_unicode_ci NOT NULL DEFAULT '0',
  PRIMARY KEY (`id`),
  UNIQUE KEY `craft_amnav_navs_handle_unq_idx` (`handle`)
) ENGINE=InnoDB AUTO_INCREMENT=2 DEFAULT CHARSET=utf8 COLLATE=utf8_unicode_ci;

--
-- Data for table `craft_amnav_navs`
--

INSERT INTO `craft_amnav_navs` (`id`, `name`, `handle`, `settings`, `dateCreated`, `dateUpdated`, `uid`) VALUES
 ('1', 'Main Menu', 'mainMenu', '{\"entrySources\":\"*\",\"maxLevels\":\"\",\"canMoveFromLevel\":\"\",\"canDeleteFromLevel\":\"\"}', '2017-04-25 14:18:57', '2017-04-25 14:18:57', 'dc434bbf-3d7f-4d16-8cf1-6d063777598f');



DROP TABLE IF EXISTS `craft_amnav_nodes`;


--
-- Schema for table `craft_amnav_nodes`
--
CREATE TABLE `craft_amnav_nodes` (
  `id` int(11) NOT NULL AUTO_INCREMENT,
  `navId` int(10) NOT NULL,
  `parentId` int(10) DEFAULT NULL,
  `order` int(10) DEFAULT '0',
  `name` varchar(255) COLLATE utf8_unicode_ci NOT NULL,
  `url` varchar(255) COLLATE utf8_unicode_ci DEFAULT NULL,
  `listClass` varchar(255) COLLATE utf8_unicode_ci DEFAULT NULL,
  `blank` tinyint(1) unsigned NOT NULL DEFAULT '0',
  `enabled` tinyint(1) unsigned NOT NULL DEFAULT '1',
  `elementId` int(10) DEFAULT NULL,
  `elementType` varchar(255) COLLATE utf8_unicode_ci DEFAULT NULL,
  `locale` char(12) COLLATE utf8_unicode_ci DEFAULT NULL,
  `dateCreated` datetime NOT NULL,
  `dateUpdated` datetime NOT NULL,
  `uid` char(36) COLLATE utf8_unicode_ci NOT NULL DEFAULT '0',
  PRIMARY KEY (`id`),
  KEY `craft_amnav_nodes_elementId_elementType_locale_idx` (`elementId`,`elementType`,`locale`)
) ENGINE=InnoDB AUTO_INCREMENT=21 DEFAULT CHARSET=utf8 COLLATE=utf8_unicode_ci;

--
-- Data for table `craft_amnav_nodes`
--

INSERT INTO `craft_amnav_nodes` (`id`, `navId`, `parentId`, `order`, `name`, `url`, `listClass`, `blank`, `enabled`, `elementId`, `elementType`, `locale`, `dateCreated`, `dateUpdated`, `uid`) VALUES
 ('1', '1', '0', '3', 'Faculty & Staff', NULL, '', '0', '1', '5', 'Entry', 'en_us', '2017-04-25 14:19:16', '2017-09-08 17:10:28', 'f84078d3-eff9-4cff-8f4b-9f8156527be9'),
 ('2', '1', '0', '2', 'Programs', NULL, '', '0', '1', '4', 'Entry', 'en_us', '2017-04-25 14:19:16', '2017-10-23 22:11:36', 'a523df0b-5df4-418e-9e76-b2410d9bd93a'),
 ('3', '1', '0', '1', 'How to Apply', NULL, '', '0', '1', '9', 'Entry', 'en_us', '2017-04-25 14:19:16', '2017-10-23 18:30:48', 'acda693c-7b17-4299-863a-010dd2dc0516'),
 ('5', '1', '0', '5', 'News/Calendars', NULL, '', '0', '1', '6', 'Entry', 'en_us', '2017-04-25 14:19:17', '2017-09-08 17:10:28', '4727b109-e5d4-41da-a6f9-a08c38eac5eb'),
 ('6', '1', '0', '0', 'Home', NULL, '', '0', '1', '2', 'Entry', 'en_us', '2017-06-26 17:05:11', '2017-09-08 17:10:28', '208e799d-cd6c-4505-b0f4-0f9262824423'),
 ('7', '1', '0', '4', 'Form', NULL, '', '0', '1', '35', 'Entry', 'en_us', '2017-08-17 17:32:17', '2017-11-03 18:01:50', 'c44391c2-49d5-4cef-b3d8-3286e384e497'),
 ('8', '1', '2', '0', 'Cosmetology', NULL, NULL, '0', '1', '71', 'Entry', 'en_us', '2017-08-22 15:29:03', '2017-10-25 21:10:47', 'b0582e13-b15c-4a1b-a03a-f5e09e0f8b31'),
 ('9', '1', '2', '4', 'Teaching Professions', NULL, NULL, '0', '1', '65', 'Entry', 'en_us', '2017-08-22 15:29:05', '2017-09-08 17:10:28', 'aa6263b0-afe7-4afb-b5ed-ac59fff7599e'),
 ('10', '1', '2', '1', 'Computer Aided Design and Engineering Technologies', NULL, NULL, '0', '1', '68', 'Entry', 'en_us', '2017-09-08 17:09:29', '2017-09-08 17:10:28', '797e46d6-d145-42ac-8a35-1a8cb96db93b'),
 ('11', '1', '2', '3', 'Health Care and Technologies', NULL, NULL, '0', '1', '70', 'Entry', 'en_us', '2017-09-08 17:09:30', '2017-09-08 17:10:28', 'f80f8a5e-9f40-454c-89ef-9a2f7f387115'),
 ('12', '1', '2', '2', 'Athletic Health Care Fitness', NULL, NULL, '0', '1', '69', 'Entry', 'en_us', '2017-09-08 17:09:30', '2017-09-08 17:10:28', '056c7c69-f626-4c66-9953-2fbcc1dcc844'),
 ('13', '1', '2', '5', 'Engineering Academy', NULL, NULL, '0', '1', '67', 'Entry', 'en_us', '2017-09-08 17:09:30', '2017-09-08 17:10:28', 'aaa673e0-1e39-4524-b5dd-335abf68dcaf'),
 ('15', '1', '2', '6', 'Electronics, Robotics, and Programming', NULL, NULL, '0', '1', '66', 'Entry', 'en_us', '2017-09-08 17:09:30', '2017-09-08 17:10:28', 'a562a408-9fcc-469c-9da9-9a3ec69bf62f'),
 ('17', '1', '2', '7', 'Business and Sports Management', NULL, NULL, '0', '1', '62', 'Entry', 'en_us', '2017-09-08 17:09:30', '2017-09-08 17:10:28', '08fbb79a-4596-4181-9b04-1795570d4cd7'),
 ('18', '1', '2', '8', 'Marketing Management', NULL, NULL, '0', '1', '63', 'Entry', 'en_us', '2017-09-08 17:09:31', '2017-09-08 17:10:28', '94dec54a-52f5-4c02-95e7-2087bcdbc013'),
 ('19', '1', '2', '9', 'Construction Technologies', NULL, NULL, '0', '1', '64', 'Entry', 'en_us', '2017-09-08 17:09:31', '2017-09-08 17:10:28', 'fd9afcc8-efb1-4406-9ae6-d689f537beca'),
 ('20', '1', '2', '10', 'Forestry and Landscape Management', NULL, NULL, '0', '1', '60', 'Entry', 'en_us', '2017-09-08 17:09:31', '2017-09-08 17:10:28', '26f1996c-f7ca-45e1-9419-a0a886edb37a');



DROP TABLE IF EXISTS `craft_assetfiles`;


--
-- Schema for table `craft_assetfiles`
--
CREATE TABLE `craft_assetfiles` (
  `id` int(11) NOT NULL,
  `sourceId` int(11) DEFAULT NULL,
  `folderId` int(11) NOT NULL,
  `filename` varchar(255) COLLATE utf8_unicode_ci NOT NULL,
  `kind` varchar(50) COLLATE utf8_unicode_ci NOT NULL DEFAULT 'unknown',
  `width` int(11) unsigned DEFAULT NULL,
  `height` int(11) unsigned DEFAULT NULL,
  `size` bigint(20) unsigned DEFAULT NULL,
  `dateModified` datetime DEFAULT NULL,
  `dateCreated` datetime NOT NULL,
  `dateUpdated` datetime NOT NULL,
  `uid` char(36) COLLATE utf8_unicode_ci NOT NULL DEFAULT '0',
  PRIMARY KEY (`id`),
  UNIQUE KEY `craft_assetfiles_filename_folderId_unq_idx` (`filename`,`folderId`),
  KEY `craft_assetfiles_sourceId_fk` (`sourceId`),
  KEY `craft_assetfiles_folderId_fk` (`folderId`)
) ENGINE=InnoDB DEFAULT CHARSET=utf8 COLLATE=utf8_unicode_ci;

--
-- Data for table `craft_assetfiles`
--

INSERT INTO `craft_assetfiles` (`id`, `sourceId`, `folderId`, `filename`, `kind`, `width`, `height`, `size`, `dateModified`, `dateCreated`, `dateUpdated`, `uid`) VALUES
 ('36', '1', '1', 'IdeaBase_Logo_HorizontalColor.png', 'image', '1000', '272', '14929', '2017-05-02 13:37:27', '2017-05-02 13:37:27', '2017-05-02 13:37:27', '0333cb04-5c95-43a0-b43a-1c0c1241ffc7'),
 ('38', '1', '1', 'TRHS-Image.png', 'image', '463', '424', '144692', '2017-05-02 14:52:59', '2017-05-02 14:52:59', '2017-05-02 14:52:59', 'c0bb8ce2-aa12-4a9b-9374-34dc1fd73d1c'),
 ('89', '1', '1', 'MJ-smiling-6.jpg', 'image', '730', '1023', '70821', '2017-06-07 15:23:22', '2017-06-07 15:23:22', '2017-06-07 15:23:22', 'fc7c736b-9bd8-4ac9-b689-2fd8ecea4a8c'),
 ('90', '1', '1', 'mj-smiling-8.jpg', 'image', '640', '960', '68867', '2017-06-07 15:54:36', '2017-06-07 15:54:37', '2017-06-07 15:54:37', 'fb2d4ed0-d927-4e19-b296-e39de37b5cbf'),
 ('94', '1', '1', 'Cuva.png', 'image', '276', '326', '170186', '2017-06-27 17:31:53', '2017-06-27 17:31:53', '2017-06-27 17:31:53', 'c4962b3d-888d-40a8-999f-e1628bb555ea'),
 ('95', '1', '1', 'Franek.jpg', 'image', '524', '445', '82585', '2017-06-27 17:33:32', '2017-06-27 17:33:32', '2017-06-27 17:33:32', 'bf1d4c1d-5845-45f9-bf75-87d941f0c47a'),
 ('97', '1', '1', '1.white-red-condensed.svg', 'image', '2593', '983', '2757', '2017-06-28 19:58:47', '2017-06-27 19:20:39', '2017-06-28 19:58:49', 'fd9c88d4-f4ea-4b22-98c0-ce9758834310'),
 ('121', '1', '1', 'WP-or-Man.jpg', 'image', '700', '466', '46468', '2017-08-07 14:28:52', '2017-08-07 14:28:52', '2017-08-07 14:28:52', '45258520-c1cd-46fa-81c1-188f353719f8'),
 ('122', '1', '1', '3.white-red-expanded.svg', 'image', '3933', '983', '2956', '2017-08-07 14:32:04', '2017-08-07 14:32:04', '2017-08-07 14:32:04', 'a14dcf77-4516-4f69-8df9-42c28f1bb3ea'),
 ('124', '1', '1', '3.black-red-expanded.svg', 'image', '3933', '983', '2759', '2017-08-07 16:52:59', '2017-08-07 16:53:01', '2017-08-07 16:53:01', '68b17626-2ba4-454b-9cd5-d9f53aa64f8a'),
 ('128', '1', '1', 'COS2.jpg', 'image', '700', '487', '43388', '2017-08-07 17:06:13', '2017-08-07 17:06:16', '2017-08-07 17:06:16', '74ca9138-a43a-4b31-b9f2-806a9c549da5'),
 ('129', '1', '1', 'Teaching.jpg', 'image', '3264', '2448', '1758545', '2017-08-07 17:06:52', '2017-08-07 17:06:52', '2017-08-07 17:06:52', 'fb67b2f9-72ea-4a9c-9dac-0328889dc742'),
 ('130', '1', '1', 'Engineering-Academy.jpg', 'image', '700', '466', '42318', '2017-08-07 17:07:08', '2017-08-07 17:07:08', '2017-08-07 17:07:08', '93a09b81-6100-4f65-b85e-bc7293bdffed'),
 ('131', '1', '1', 'Eng-man.jpg', 'image', '700', '466', '71081', '2017-08-07 17:07:38', '2017-08-07 17:07:38', '2017-08-07 17:07:38', '55927c65-9b73-46f6-8834-a22c7658cf6a'),
 ('132', '1', '1', 'Teaching-3.jpg', 'image', '3024', '4032', '2378943', '2017-08-07 17:07:56', '2017-08-07 17:07:56', '2017-08-07 17:07:56', 'a9d1a619-3305-4d52-a5cf-820a64e7cdbb'),
 ('133', '1', '1', '20151208_085642.jpg', 'image', '3264', '1836', '1961299', '2017-08-07 17:08:43', '2017-08-07 17:08:43', '2017-08-07 17:08:43', '1212e92b-9d68-42c3-8478-77982f36c9ab'),
 ('134', '1', '1', 'Ele2.jpg', 'image', '700', '455', '40877', '2017-08-07 17:08:57', '2017-08-07 17:08:57', '2017-08-07 17:08:57', '6d24749f-65b4-49c1-8af4-35a62fdfb898'),
 ('136', '1', '1', 'Titko.png', 'image', '323', '375', '226412', '2017-08-07 17:15:11', '2017-08-07 17:15:13', '2017-08-07 17:15:13', 'a9994eec-3f1e-46ee-812a-bf321d5d37d4'),
 ('139', '1', '1', 'doughboy.png', 'image', '400', '373', '6420', '2017-08-07 17:17:38', '2017-08-07 17:17:41', '2017-08-07 17:17:41', '3e1234d6-2c31-4432-9d8f-f929dcf28185'),
 ('140', '1', '1', 'kentcte-full-white-red.svg', 'image', '3933', '983', '2772', '2017-08-09 19:18:12', '2017-08-09 19:18:12', '2017-08-09 19:18:12', '5dce5d0a-cef2-463d-bb2d-0d8eb711b19c'),
 ('141', '1', '1', 'kentcte-full-blackred.svg', 'image', '3933', '983', '2538', '2017-08-10 03:12:01', '2017-08-09 19:18:40', '2017-08-10 03:12:08', '88ffffe7-0bab-4f05-8334-d3358ed2dc32'),
 ('142', '1', '1', 'kentcte-condensed-whitered.svg', 'image', '2593', '983', '2828', '2017-08-09 19:19:03', '2017-08-09 19:19:04', '2017-08-09 19:19:04', '6a02cada-0118-4ef5-9996-93454da64122'),
 ('143', '1', '1', 'kentcte-05.svg', 'image', '2593', '983', '2759', '2017-08-10 03:13:55', '2017-08-09 20:30:24', '2017-08-10 03:13:56', '586004be-c013-4363-9fba-9297c4f0a405'),
 ('144', '1', '1', 'cte-white-red-full-08.svg', 'image', '3933', '983', '2780', '2017-08-09 20:35:41', '2017-08-09 20:35:41', '2017-08-09 20:35:41', '568288c9-2fdc-4764-84f6-10f4a329044d'),
 ('145', '1', '1', 'cte-white-red-full2-08.svg', 'image', '3933', '983', '11173', '2017-08-10 03:11:30', '2017-08-09 20:36:55', '2017-08-10 03:11:32', '0597fe2c-6540-40c4-9885-674bec01e4fe'),
 ('146', '1', '1', 'practice.jpg', 'image', '2000', '1333', '143069', '2017-08-09 20:40:52', '2017-08-09 20:40:52', '2017-08-09 20:40:52', '473939a0-d9f7-4089-a243-4d404edd117f'),
 ('147', '1', '1', '28.jpg', 'image', '1920', '1200', '289798', '2017-08-10 03:07:36', '2017-08-10 03:07:37', '2017-08-10 03:07:37', '7ad280ec-98a3-4381-a0e0-9589dab478d4'),
 ('151', '1', '1', 'IMG_4470.jpg', 'image', '3648', '2736', '2862222', '2017-08-10 13:20:18', '2017-08-10 13:20:18', '2017-08-10 13:20:18', '88dcbbc3-0263-46d0-b45b-f965ca6d082a'),
 ('194', '1', '1', '2013-12-10-13.55.53.jpg', 'image', '2448', '3264', '1814346', '2017-10-25 21:09:59', '2017-10-25 21:09:45', '2017-10-25 21:10:03', 'c660e883-ed69-44a3-85c7-4032d9029ab0'),
 ('195', '1', '1', '2014-10-14-12.29.15.jpg', 'image', '1120', '840', '176030', '2017-10-25 21:09:52', '2017-10-25 21:09:52', '2017-10-25 21:09:52', '0406112d-b8a5-4f59-98dd-02c1eb02125b'),
 ('197', '1', '1', 'AHCF1c.jpg', 'image', '1224', '1632', '532842', '2017-10-25 21:10:15', '2017-10-25 21:10:15', '2017-10-25 21:10:15', '366feb3f-f20c-4fdf-866a-886137eccfc6'),
 ('198', '1', '1', 'AHCF2.jpg', 'image', '700', '466', '50031', '2017-10-25 21:10:21', '2017-10-25 21:10:21', '2017-10-25 21:10:21', '9f071c59-d7cd-4f2b-bf9b-4444732bb257'),
 ('199', '1', '1', 'HCT-3.jpg', 'image', '489', '700', '60125', '2017-10-25 21:10:28', '2017-10-25 21:10:28', '2017-10-25 21:10:28', '06a1d147-f942-487b-8f29-4b4ca77689fb'),
 ('200', '1', '1', 'HCT-1.jpg', 'image', '484', '700', '46653', '2017-10-25 21:10:35', '2017-10-25 21:10:35', '2017-10-25 21:10:35', '6b4ef704-a8e1-4ef7-8b13-24fbf1790d2d'),
 ('201', '1', '1', '20160114_084112.jpg', 'image', '3264', '1836', '1767114', '2017-10-25 21:10:42', '2017-10-25 21:10:43', '2017-10-25 21:10:43', '12b81d6d-188d-4859-86eb-33906fd94bc9');



DROP TABLE IF EXISTS `craft_assetfolders`;


--
-- Schema for table `craft_assetfolders`
--
CREATE TABLE `craft_assetfolders` (
  `id` int(11) NOT NULL AUTO_INCREMENT,
  `parentId` int(11) DEFAULT NULL,
  `sourceId` int(11) DEFAULT NULL,
  `name` varchar(255) COLLATE utf8_unicode_ci NOT NULL,
  `path` varchar(255) COLLATE utf8_unicode_ci DEFAULT NULL,
  `dateCreated` datetime NOT NULL,
  `dateUpdated` datetime NOT NULL,
  `uid` char(36) COLLATE utf8_unicode_ci NOT NULL DEFAULT '0',
  PRIMARY KEY (`id`),
  UNIQUE KEY `craft_assetfolders_name_parentId_sourceId_unq_idx` (`name`,`parentId`,`sourceId`),
  KEY `craft_assetfolders_parentId_fk` (`parentId`),
  KEY `craft_assetfolders_sourceId_fk` (`sourceId`)
) ENGINE=InnoDB AUTO_INCREMENT=2 DEFAULT CHARSET=utf8 COLLATE=utf8_unicode_ci;

--
-- Data for table `craft_assetfolders`
--

INSERT INTO `craft_assetfolders` (`id`, `parentId`, `sourceId`, `name`, `path`, `dateCreated`, `dateUpdated`, `uid`) VALUES
 ('1', NULL, '1', 'Feature Image', '', '2017-04-27 14:16:59', '2017-04-27 14:16:59', '4daee243-8c55-4073-88f1-ebc8e3b409c8');



DROP TABLE IF EXISTS `craft_assetindexdata`;


--
-- Schema for table `craft_assetindexdata`
--
CREATE TABLE `craft_assetindexdata` (
  `id` int(11) NOT NULL AUTO_INCREMENT,
  `sessionId` varchar(36) COLLATE utf8_unicode_ci NOT NULL DEFAULT '',
  `sourceId` int(10) NOT NULL,
  `offset` int(10) NOT NULL,
  `uri` varchar(255) COLLATE utf8_unicode_ci DEFAULT NULL,
  `size` varchar(255) COLLATE utf8_unicode_ci DEFAULT NULL,
  `recordId` int(10) DEFAULT NULL,
  `dateCreated` datetime NOT NULL,
  `dateUpdated` datetime NOT NULL,
  `uid` char(36) COLLATE utf8_unicode_ci NOT NULL DEFAULT '0',
  PRIMARY KEY (`id`),
  UNIQUE KEY `craft_assetindexdata_sessionId_sourceId_offset_unq_idx` (`sessionId`,`sourceId`,`offset`),
  KEY `craft_assetindexdata_sourceId_fk` (`sourceId`)
) ENGINE=InnoDB DEFAULT CHARSET=utf8 COLLATE=utf8_unicode_ci;

DROP TABLE IF EXISTS `craft_assetsources`;


--
-- Schema for table `craft_assetsources`
--
CREATE TABLE `craft_assetsources` (
  `id` int(11) NOT NULL AUTO_INCREMENT,
  `name` varchar(255) COLLATE utf8_unicode_ci NOT NULL,
  `handle` varchar(255) COLLATE utf8_unicode_ci NOT NULL,
  `type` varchar(150) COLLATE utf8_unicode_ci NOT NULL,
  `settings` text COLLATE utf8_unicode_ci,
  `sortOrder` smallint(6) unsigned DEFAULT NULL,
  `fieldLayoutId` int(10) DEFAULT NULL,
  `dateCreated` datetime NOT NULL,
  `dateUpdated` datetime NOT NULL,
  `uid` char(36) COLLATE utf8_unicode_ci NOT NULL DEFAULT '0',
  PRIMARY KEY (`id`),
  UNIQUE KEY `craft_assetsources_name_unq_idx` (`name`),
  UNIQUE KEY `craft_assetsources_handle_unq_idx` (`handle`),
  KEY `craft_assetsources_fieldLayoutId_fk` (`fieldLayoutId`)
) ENGINE=InnoDB AUTO_INCREMENT=2 DEFAULT CHARSET=utf8 COLLATE=utf8_unicode_ci;

--
-- Data for table `craft_assetsources`
--

INSERT INTO `craft_assetsources` (`id`, `name`, `handle`, `type`, `settings`, `sortOrder`, `fieldLayoutId`, `dateCreated`, `dateUpdated`, `uid`) VALUES
 ('1', 'Feature Image', 'featureImage', 'Local', '{\"path\":\"assets\\/img\\/uploads\\/feature\\/\",\"publicURLs\":\"1\",\"url\":\"{baseUrl}\\/assets\\/img\\/uploads\\/feature\\/\"}', '1', '47', '2017-04-27 14:16:59', '2017-04-27 14:16:59', '5e350d84-a04a-4445-8161-243f27fea6a9');



DROP TABLE IF EXISTS `craft_assettransformindex`;


--
-- Schema for table `craft_assettransformindex`
--
CREATE TABLE `craft_assettransformindex` (
  `id` int(11) NOT NULL AUTO_INCREMENT,
  `fileId` int(11) NOT NULL,
  `filename` varchar(255) COLLATE utf8_unicode_ci DEFAULT NULL,
  `format` varchar(255) COLLATE utf8_unicode_ci DEFAULT NULL,
  `location` varchar(255) COLLATE utf8_unicode_ci NOT NULL,
  `sourceId` int(11) DEFAULT NULL,
  `fileExists` tinyint(1) DEFAULT NULL,
  `inProgress` tinyint(1) DEFAULT NULL,
  `dateIndexed` datetime DEFAULT NULL,
  `dateCreated` datetime NOT NULL,
  `dateUpdated` datetime NOT NULL,
  `uid` char(36) COLLATE utf8_unicode_ci NOT NULL DEFAULT '0',
  PRIMARY KEY (`id`),
  KEY `craft_assettransformindex_sourceId_fileId_location_idx` (`sourceId`,`fileId`,`location`)
) ENGINE=InnoDB AUTO_INCREMENT=90 DEFAULT CHARSET=utf8 COLLATE=utf8_unicode_ci;

DROP TABLE IF EXISTS `craft_assettransforms`;


--
-- Schema for table `craft_assettransforms`
--
CREATE TABLE `craft_assettransforms` (
  `id` int(11) NOT NULL AUTO_INCREMENT,
  `name` varchar(255) COLLATE utf8_unicode_ci NOT NULL,
  `handle` varchar(255) COLLATE utf8_unicode_ci NOT NULL,
  `mode` enum('stretch','fit','crop') COLLATE utf8_unicode_ci NOT NULL DEFAULT 'crop',
  `position` enum('top-left','top-center','top-right','center-left','center-center','center-right','bottom-left','bottom-center','bottom-right') COLLATE utf8_unicode_ci NOT NULL DEFAULT 'center-center',
  `height` int(10) DEFAULT NULL,
  `width` int(10) DEFAULT NULL,
  `format` varchar(255) COLLATE utf8_unicode_ci DEFAULT NULL,
  `quality` int(10) DEFAULT NULL,
  `dimensionChangeTime` datetime DEFAULT NULL,
  `dateCreated` datetime NOT NULL,
  `dateUpdated` datetime NOT NULL,
  `uid` char(36) COLLATE utf8_unicode_ci NOT NULL DEFAULT '0',
  PRIMARY KEY (`id`),
  UNIQUE KEY `craft_assettransforms_name_unq_idx` (`name`),
  UNIQUE KEY `craft_assettransforms_handle_unq_idx` (`handle`)
) ENGINE=InnoDB AUTO_INCREMENT=7 DEFAULT CHARSET=utf8 COLLATE=utf8_unicode_ci;

--
-- Data for table `craft_assettransforms`
--

INSERT INTO `craft_assettransforms` (`id`, `name`, `handle`, `mode`, `position`, `height`, `width`, `format`, `quality`, `dimensionChangeTime`, `dateCreated`, `dateUpdated`, `uid`) VALUES
 ('1', 'Feature Image', 'featureImage', 'fit', 'center-center', '1000', '2000', NULL, '82', '2017-08-07 14:23:55', '2017-05-02 13:44:40', '2017-08-07 14:23:55', '27e117fd-c2e9-472b-8bea-c76321a3c620'),
 ('2', 'Profile Image', 'profileImage', 'crop', 'center-center', '437', '437', NULL, NULL, '2017-08-07 14:23:34', '2017-08-07 14:23:34', '2017-08-07 14:23:34', '4c3c1ed2-0ca7-4248-bf6c-7f9d0721fbcb'),
 ('3', 'carousel Image', 'carouselImage', 'crop', 'center-center', '400', '500', NULL, '82', '2017-09-13 21:55:13', '2017-08-10 15:41:16', '2017-09-13 21:55:13', 'f9f7dfb7-78ff-4080-8189-e8aa45624da4'),
 ('4', 'breadcrumbs', 'breadcrumbs', 'fit', 'top-center', '500', '2400', NULL, NULL, '2017-09-11 20:55:55', '2017-09-11 20:43:53', '2017-09-11 20:55:55', '0e1aa60d-c033-469e-8895-25e05b22ccbd'),
 ('5', 'gallery', 'gallery', 'crop', 'center-center', '350', '500', 'jpg', '30', '2017-11-02 22:07:44', '2017-10-23 20:12:39', '2017-11-02 22:07:44', '7e08cf54-5ba5-4e5f-a6d4-d55e140c1c36'),
 ('6', 'Gallery Full', 'galleryFull', 'crop', 'center-center', '700', '1000', 'jpg', '82', '2017-11-02 22:05:44', '2017-11-02 22:05:44', '2017-11-02 22:05:44', 'de5e4a03-8cad-418c-838d-898fde12c424');



DROP TABLE IF EXISTS `craft_categories`;


--
-- Schema for table `craft_categories`
--
CREATE TABLE `craft_categories` (
  `id` int(11) NOT NULL,
  `groupId` int(11) NOT NULL,
  `dateCreated` datetime NOT NULL,
  `dateUpdated` datetime NOT NULL,
  `uid` char(36) COLLATE utf8_unicode_ci NOT NULL DEFAULT '0',
  PRIMARY KEY (`id`),
  KEY `craft_categories_groupId_fk` (`groupId`)
) ENGINE=InnoDB DEFAULT CHARSET=utf8 COLLATE=utf8_unicode_ci;

--
-- Data for table `craft_categories`
--

INSERT INTO `craft_categories` (`id`, `groupId`, `dateCreated`, `dateUpdated`, `uid`) VALUES
 ('50', '3', '2017-05-05 14:09:25', '2017-08-10 13:33:08', '22d81638-a851-44b4-b7a3-9628c9a31aee'),
 ('53', '1', '2017-05-10 16:16:17', '2017-09-13 21:54:26', '9efe56d6-7e4e-4f9d-81c7-c750bda93d70'),
 ('54', '1', '2017-05-10 16:16:24', '2017-09-13 21:54:37', '8c1d24a2-376b-4310-8203-c71276eff355'),
 ('55', '1', '2017-05-10 16:16:32', '2017-08-10 15:18:52', '4e4e72bf-9dac-4b0b-9a75-a3d5d7e68df7'),
 ('56', '1', '2017-05-10 16:16:41', '2017-08-28 19:41:54', 'de64de16-fe37-405e-b121-d4be02e663ca'),
 ('57', '1', '2017-05-10 16:16:51', '2017-08-28 19:42:22', '36d05158-5eb3-443f-bff9-4f7b3e9a14e2'),
 ('58', '1', '2017-05-10 16:16:58', '2017-08-10 16:22:45', '94b7b5fe-b9bb-4253-98e9-4464774c8726'),
 ('59', '1', '2017-05-10 16:17:09', '2017-08-28 19:42:39', 'fac42c3a-c625-4de6-86a1-0b94c4f2f1e8'),
 ('120', '3', '2017-08-07 14:12:03', '2017-08-10 13:33:23', '61294cca-99a3-4806-adb6-085dd18b83cc'),
 ('155', '4', '2017-08-28 18:52:42', '2017-08-28 18:52:42', '9cd44873-acb1-4bdb-ab7e-613685ff5f9b'),
 ('156', '4', '2017-08-28 18:52:50', '2017-08-28 18:52:50', '523031f0-9610-4b3e-bddb-3a9a8e9df0e9'),
 ('157', '4', '2017-08-28 18:53:00', '2017-08-28 18:53:00', '15905b96-4c44-4be7-b714-6c4835064896'),
 ('187', '2', '2017-09-18 21:17:16', '2017-09-18 21:17:16', 'c164caaa-3566-4417-ad9e-be63122349d6'),
 ('188', '2', '2017-09-18 21:17:26', '2017-09-18 21:17:26', '99fb7cae-02b8-4839-9045-bf2cba8b31c9'),
 ('189', '2', '2017-09-18 21:17:34', '2017-09-18 21:17:34', '593abc2e-63ec-44e8-ae44-c586d5724542');



DROP TABLE IF EXISTS `craft_categorygroups`;


--
-- Schema for table `craft_categorygroups`
--
CREATE TABLE `craft_categorygroups` (
  `id` int(11) NOT NULL AUTO_INCREMENT,
  `structureId` int(11) NOT NULL,
  `fieldLayoutId` int(11) DEFAULT NULL,
  `name` varchar(255) COLLATE utf8_unicode_ci NOT NULL,
  `handle` varchar(255) COLLATE utf8_unicode_ci NOT NULL,
  `hasUrls` tinyint(1) unsigned NOT NULL DEFAULT '1',
  `template` varchar(500) COLLATE utf8_unicode_ci DEFAULT NULL,
  `dateCreated` datetime NOT NULL,
  `dateUpdated` datetime NOT NULL,
  `uid` char(36) COLLATE utf8_unicode_ci NOT NULL DEFAULT '0',
  PRIMARY KEY (`id`),
  UNIQUE KEY `craft_categorygroups_name_unq_idx` (`name`),
  UNIQUE KEY `craft_categorygroups_handle_unq_idx` (`handle`),
  KEY `craft_categorygroups_structureId_fk` (`structureId`),
  KEY `craft_categorygroups_fieldLayoutId_fk` (`fieldLayoutId`)
) ENGINE=InnoDB AUTO_INCREMENT=5 DEFAULT CHARSET=utf8 COLLATE=utf8_unicode_ci;

--
-- Data for table `craft_categorygroups`
--

INSERT INTO `craft_categorygroups` (`id`, `structureId`, `fieldLayoutId`, `name`, `handle`, `hasUrls`, `template`, `dateCreated`, `dateUpdated`, `uid`) VALUES
 ('1', '1', '98', 'Pathways', 'pathways', '1', '', '2017-04-20 13:31:25', '2017-08-10 15:17:26', 'dd0a9e80-1867-4a77-bcd9-0f0ab4351a37'),
 ('2', '2', '135', 'Story Type', 'storyType', '1', 'news/category.html', '2017-04-20 13:31:31', '2017-09-18 22:04:14', '17362887-3090-4b8f-a73f-cdf7767184d3'),
 ('3', '3', '18', 'Faculty Type', 'facultyType', '1', '', '2017-04-20 13:31:36', '2017-04-20 13:31:36', 'eb520590-acec-49c9-921c-14b62f67d2bd'),
 ('4', '4', '136', 'Event Type', 'eventType', '1', 'news/categoryEvents.html', '2017-04-20 13:31:40', '2017-09-18 22:04:23', '86da87af-ea1f-4507-8a96-4767b09a30ab');



DROP TABLE IF EXISTS `craft_categorygroups_i18n`;


--
-- Schema for table `craft_categorygroups_i18n`
--
CREATE TABLE `craft_categorygroups_i18n` (
  `id` int(11) NOT NULL AUTO_INCREMENT,
  `groupId` int(11) NOT NULL,
  `locale` char(12) COLLATE utf8_unicode_ci NOT NULL,
  `urlFormat` text COLLATE utf8_unicode_ci,
  `nestedUrlFormat` text COLLATE utf8_unicode_ci,
  `dateCreated` datetime NOT NULL,
  `dateUpdated` datetime NOT NULL,
  `uid` char(36) COLLATE utf8_unicode_ci NOT NULL DEFAULT '0',
  PRIMARY KEY (`id`),
  UNIQUE KEY `craft_categorygroups_i18n_groupId_locale_unq_idx` (`groupId`,`locale`),
  KEY `craft_categorygroups_i18n_locale_fk` (`locale`)
) ENGINE=InnoDB AUTO_INCREMENT=5 DEFAULT CHARSET=utf8 COLLATE=utf8_unicode_ci;

--
-- Data for table `craft_categorygroups_i18n`
--

INSERT INTO `craft_categorygroups_i18n` (`id`, `groupId`, `locale`, `urlFormat`, `nestedUrlFormat`, `dateCreated`, `dateUpdated`, `uid`) VALUES
 ('1', '1', 'en_us', 'pathways/{slug}', '{parent.uri}/{slug}', '2017-04-20 13:31:25', '2017-04-20 13:31:25', '3dc11fcc-df7e-4fb7-b0c5-02e463b7ea8d'),
 ('2', '2', 'en_us', 'story-type/{slug}', '{parent.uri}/{slug}', '2017-04-20 13:31:31', '2017-04-20 13:31:31', '288a572f-8214-4f9a-ae38-a508c1214311'),
 ('3', '3', 'en_us', 'faculty-type/{slug}', '{parent.uri}/{slug}', '2017-04-20 13:31:36', '2017-04-20 13:31:36', '9000da33-1983-43cb-ad2f-7221e712f1cc'),
 ('4', '4', 'en_us', 'event-type/{slug}', '{parent.uri}/{slug}', '2017-04-20 13:31:40', '2017-04-20 13:31:40', 'a8b20a8e-ea04-430b-a5af-4869518ed556');



DROP TABLE IF EXISTS `craft_content`;


--
-- Schema for table `craft_content`
--
CREATE TABLE `craft_content` (
  `id` int(11) NOT NULL AUTO_INCREMENT,
  `elementId` int(11) NOT NULL,
  `locale` char(12) COLLATE utf8_unicode_ci NOT NULL,
  `title` varchar(255) COLLATE utf8_unicode_ci DEFAULT NULL,
  `field_body` text COLLATE utf8_unicode_ci,
  `field_footerTitle` text COLLATE utf8_unicode_ci,
  `field_footerText` text COLLATE utf8_unicode_ci,
  `field_footerAddress` text COLLATE utf8_unicode_ci,
  `field_phoneNumber` text COLLATE utf8_unicode_ci,
  `field_faxNumber` text COLLATE utf8_unicode_ci,
  `field_creditAtKent` text COLLATE utf8_unicode_ci,
  `field_gradeLevel` text COLLATE utf8_unicode_ci,
  `field_school` text COLLATE utf8_unicode_ci,
  `field_length` text COLLATE utf8_unicode_ci,
  `field_applicationLightSwitch` tinyint(1) unsigned NOT NULL DEFAULT '0',
  `field_courseAccessLink` text COLLATE utf8_unicode_ci,
  `field_admissionsText` text COLLATE utf8_unicode_ci,
  `field_admissionsTitle` text COLLATE utf8_unicode_ci,
  `field_dateTime` datetime DEFAULT NULL,
  `field_emailAddress` text COLLATE utf8_unicode_ci,
  `field_eventDescription` text COLLATE utf8_unicode_ci,
  `field_generalAdmissionsLightSwitch` tinyint(1) unsigned NOT NULL DEFAULT '0',
  `field_news` text COLLATE utf8_unicode_ci,
  `field_pathwayTitle` text COLLATE utf8_unicode_ci,
  `field_welcomeTitle` text COLLATE utf8_unicode_ci,
  `field_generalText` text COLLATE utf8_unicode_ci,
  `field_applicationDeadlines` text COLLATE utf8_unicode_ci,
  `field_admissionsDates` text COLLATE utf8_unicode_ci,
  `field_admissionsCriteria` text COLLATE utf8_unicode_ci,
  `field_welcomeSubtitle` text COLLATE utf8_unicode_ci,
  `field_previewText` text COLLATE utf8_unicode_ci,
  `field_temporaryStaff` tinyint(1) unsigned NOT NULL DEFAULT '0',
  `field_districtPartners` text COLLATE utf8_unicode_ci,
  `field_location` text COLLATE utf8_unicode_ci,
  `field_startEndTime` datetime DEFAULT NULL,
  `field_endTime` datetime DEFAULT NULL,
  `field_youtubeVideoLink` text COLLATE utf8_unicode_ci,
  `field_additionalProgramLink` text COLLATE utf8_unicode_ci,
  `field_copyrightText` text COLLATE utf8_unicode_ci,
  `dateCreated` datetime NOT NULL,
  `dateUpdated` datetime NOT NULL,
  `uid` char(36) COLLATE utf8_unicode_ci NOT NULL DEFAULT '0',
  PRIMARY KEY (`id`),
  UNIQUE KEY `craft_content_elementId_locale_unq_idx` (`elementId`,`locale`),
  KEY `craft_content_title_idx` (`title`),
  KEY `craft_content_locale_fk` (`locale`)
) ENGINE=InnoDB AUTO_INCREMENT=179 DEFAULT CHARSET=utf8 COLLATE=utf8_unicode_ci;

--
-- Data for table `craft_content`
--

INSERT INTO `craft_content` (`id`, `elementId`, `locale`, `title`, `field_body`, `field_footerTitle`, `field_footerText`, `field_footerAddress`, `field_phoneNumber`, `field_faxNumber`, `field_creditAtKent`, `field_gradeLevel`, `field_school`, `field_length`, `field_applicationLightSwitch`, `field_courseAccessLink`, `field_admissionsText`, `field_admissionsTitle`, `field_dateTime`, `field_emailAddress`, `field_eventDescription`, `field_generalAdmissionsLightSwitch`, `field_news`, `field_pathwayTitle`, `field_welcomeTitle`, `field_generalText`, `field_applicationDeadlines`, `field_admissionsDates`, `field_admissionsCriteria`, `field_welcomeSubtitle`, `field_previewText`, `field_temporaryStaff`, `field_districtPartners`, `field_location`, `field_startEndTime`, `field_endTime`, `field_youtubeVideoLink`, `field_additionalProgramLink`, `field_copyrightText`, `dateCreated`, `dateUpdated`, `uid`) VALUES
 ('1', '1', 'en_us', NULL, NULL, NULL, NULL, NULL, NULL, NULL, NULL, NULL, NULL, NULL, '0', NULL, NULL, NULL, NULL, NULL, NULL, '0', NULL, NULL, NULL, NULL, NULL, NULL, NULL, NULL, NULL, '0', NULL, NULL, NULL, NULL, NULL, NULL, NULL, '2017-04-18 15:33:01', '2017-05-10 16:34:40', 'b9fea62a-169f-4a81-a73b-ffa266ede7bd'),
 ('2', '2', 'en_us', 'Home', '<p>If you are a high school student planning your future, then Kent Roosevelt Career Technical programs is the place for you!  Learn in our high-tech facility from instructors with real-world experience. The Kent Roosevelt High School Career Technical programs are open to students within the Six District Educational Compact. </p>', NULL, NULL, NULL, NULL, NULL, NULL, NULL, NULL, NULL, '0', NULL, 'This is information about when we\'re accepting applications and why you should apply today.', 'How To Apply', NULL, NULL, NULL, '1', 'News', 'Explore Pathways', 'Welcome to Kent Roosevelt', NULL, NULL, NULL, NULL, 'Career Technical Education', NULL, '0', NULL, NULL, NULL, NULL, NULL, NULL, NULL, '2017-04-18 15:33:03', '2017-09-04 21:24:42', '35ea2da5-4e56-4a77-aca1-2b79c89ab6b8'),
 ('3', '3', 'en_us', 'We just installed Craft!', '<p>Craft is the CMS that’s powering Careertech.web. It’s beautiful, powerful, flexible, and easy-to-use, and it’s made by Pixel &amp; Tonic. We can’t wait to dive in and see what it’s capable of!</p>\n<!--pagebreak-->\n<p>This is even more captivating content, which you couldn’t see on the News index page because it was entered after a Page Break, and the News index template only likes to show the content on the first page.</p>\n<p>Craft: a nice alternative to Word, if you’re making a website.</p>', NULL, NULL, NULL, NULL, NULL, NULL, NULL, NULL, NULL, '0', NULL, NULL, NULL, '2017-09-14 04:00:00', NULL, NULL, '0', NULL, NULL, NULL, NULL, NULL, NULL, NULL, NULL, '', '0', NULL, NULL, NULL, NULL, NULL, NULL, NULL, '2017-04-18 15:33:03', '2017-09-04 18:16:17', '6e8a8219-d4b2-414f-83b2-2e7ea4c30de9'),
 ('4', '4', 'en_us', 'Explore Programs', '<p>Lorem ipsum dolor sit amet, consectetuer adipiscing elit. Aenean commodo<br />ligula eget dolor. Aenean massa. Cum sociis natoque penatibus et<br />magnis dis parturient montes, nascetur ridiculus mus.</p>', NULL, NULL, NULL, NULL, NULL, NULL, NULL, NULL, NULL, '0', NULL, NULL, NULL, NULL, NULL, NULL, '0', NULL, NULL, NULL, NULL, NULL, NULL, NULL, NULL, NULL, '0', NULL, NULL, NULL, NULL, NULL, 'http://sixdistrict.com/', NULL, '2017-04-20 13:30:32', '2017-10-23 22:11:36', 'a251479c-0708-429a-82d6-fba5e4dc3689'),
 ('5', '5', 'en_us', 'Faculty & Staff', '', NULL, NULL, NULL, NULL, NULL, NULL, NULL, NULL, NULL, '0', NULL, NULL, NULL, NULL, NULL, NULL, '0', NULL, NULL, NULL, NULL, NULL, NULL, NULL, NULL, NULL, '0', NULL, NULL, NULL, NULL, NULL, NULL, NULL, '2017-04-20 13:30:45', '2017-08-10 15:34:57', '25b21532-9731-4ffc-8f59-f5dd0a4c1b63'),
 ('6', '6', 'en_us', 'News/Calendars Landing Page', NULL, NULL, NULL, NULL, NULL, NULL, NULL, NULL, NULL, NULL, '0', NULL, NULL, NULL, NULL, NULL, NULL, '0', NULL, NULL, NULL, NULL, NULL, NULL, NULL, NULL, NULL, '0', NULL, NULL, NULL, NULL, NULL, NULL, NULL, '2017-04-20 13:31:02', '2017-08-17 17:31:22', '3b7ef0ec-ed17-4776-a525-9ae8e2c131b7'),
 ('7', '7', 'en_us', NULL, NULL, 'TRHS Career-Technical Education', NULL, NULL, NULL, NULL, NULL, NULL, NULL, NULL, '0', NULL, NULL, NULL, NULL, NULL, NULL, '0', NULL, NULL, NULL, NULL, NULL, NULL, NULL, NULL, NULL, '0', NULL, NULL, NULL, NULL, NULL, NULL, NULL, '2017-04-20 13:46:52', '2017-10-04 20:44:36', '1fe28b2c-a5c3-482a-9139-84b0754dc9e8'),
 ('8', '8', 'en_us', NULL, NULL, 'Career Tech Office', 'District Partners', '<p>1400 N Mantua St Kent, OH 44240</p>', '330-676-8740', '', NULL, NULL, NULL, NULL, '0', NULL, NULL, NULL, NULL, NULL, NULL, '0', NULL, NULL, NULL, NULL, NULL, NULL, NULL, NULL, NULL, '0', '', NULL, NULL, NULL, NULL, NULL, '<p>Designed and Developed by <a href=\"https://ideabasekent.com/\">IdeaBase</a> in Kent, OH</p>', '2017-04-20 13:46:56', '2017-11-02 21:40:17', 'bfa5efca-9470-495a-82ee-2df870081d1e'),
 ('9', '9', 'en_us', 'How to Apply', NULL, NULL, NULL, NULL, NULL, NULL, NULL, NULL, NULL, NULL, '0', NULL, NULL, NULL, NULL, NULL, NULL, '0', NULL, NULL, NULL, '<p>Lorem ipsum dolor sit amet, consectetuer adipiscing elit. Aenean commodo ligula eget dolor. Aenean massa. Cum sociis natoque penatibus et magnis dis parturient montes, nascetur ridiculus mus.</p>', '[{\"col1\":\"Program \",\"col2\":\"Fall 2017\",\"col3\":\"Spring 2017\"},{\"col1\":\"General\",\"col2\":\"May 1, 2017\",\"col3\":\"Dec 1, 2017\"},{\"col1\":\"Specific 1\",\"col2\":\"May 1, 2017\",\"col3\":\"Dec 1, 2017\"},{\"col1\":\"Specific 2\",\"col2\":\"May 1, 2017\",\"col3\":\"Dec 1, 2017\"}]', '<p>Lorem ipsum dolor sit amet, consectetuer adipiscing elit. Aenean commodo ligula eget dolor. Aenean massa. Cum sociis natoque penatibus et magnis dis parturient montes, nascetur ridiculus mus.</p>', NULL, NULL, NULL, '0', NULL, NULL, NULL, NULL, NULL, NULL, NULL, '2017-04-20 14:32:28', '2017-10-23 18:30:48', 'f4876672-8d8b-4af2-be37-30171104ed50'),
 ('35', '35', 'en_us', 'Forms', NULL, NULL, NULL, NULL, NULL, NULL, NULL, NULL, NULL, NULL, '0', NULL, NULL, NULL, NULL, NULL, NULL, '0', NULL, NULL, NULL, NULL, NULL, NULL, NULL, NULL, NULL, '0', NULL, NULL, NULL, NULL, NULL, NULL, NULL, '2017-04-27 14:59:34', '2017-11-03 18:01:50', '75540824-fc2c-419e-93cc-77d9d9e92e93'),
 ('36', '36', 'en_us', 'Idea Base Logo Horizontal Color', NULL, NULL, NULL, NULL, NULL, NULL, NULL, NULL, NULL, NULL, '0', NULL, NULL, NULL, NULL, NULL, NULL, '0', NULL, NULL, NULL, NULL, NULL, NULL, NULL, NULL, NULL, '0', NULL, NULL, NULL, NULL, NULL, NULL, NULL, '2017-05-02 13:37:27', '2017-05-02 13:37:27', 'fa710394-91ad-4c6d-9495-a2d6cdfe8498'),
 ('37', '37', 'en_us', 'More News', '<p>Here is another news entry </p>', NULL, NULL, NULL, NULL, NULL, NULL, NULL, NULL, NULL, '0', NULL, NULL, NULL, '2017-09-19 04:00:00', NULL, NULL, '0', NULL, NULL, NULL, NULL, NULL, NULL, NULL, NULL, 'dsadsadas', '0', NULL, NULL, NULL, NULL, NULL, NULL, NULL, '2017-05-02 13:50:46', '2017-09-08 16:16:52', '11622206-20c2-4376-a033-480d77a576dd'),
 ('38', '38', 'en_us', 'Trhs Image', NULL, NULL, NULL, NULL, NULL, NULL, NULL, NULL, NULL, NULL, '0', NULL, NULL, NULL, NULL, NULL, NULL, '0', NULL, NULL, NULL, NULL, NULL, NULL, NULL, NULL, NULL, '0', NULL, NULL, NULL, NULL, NULL, NULL, NULL, '2017-05-02 14:52:59', '2017-05-02 14:52:59', '7e93d1d9-99e2-4605-a06b-3d303b1f87c7'),
 ('44', '50', 'en_us', 'Faculty', NULL, NULL, NULL, NULL, NULL, NULL, NULL, NULL, NULL, NULL, '0', NULL, NULL, NULL, NULL, NULL, NULL, '0', NULL, NULL, NULL, NULL, NULL, NULL, NULL, NULL, NULL, '0', NULL, NULL, NULL, NULL, NULL, NULL, NULL, '2017-05-05 14:09:25', '2017-08-10 13:33:08', '2b88f629-b767-4fa8-914e-33c300de50c9'),
 ('45', '51', 'en_us', 'Janelle Cuva', '<p>Mrs. Cuva has been a business teacher at Roosevelt for 16 years. She holds a bachelor\'s degree from Kent State University in Business Education, and also has a master\'s degree in Instructional Technology.  She has been married for 14 years and has three beautiful children.</p>', NULL, NULL, NULL, '#', NULL, NULL, NULL, NULL, NULL, '0', NULL, NULL, NULL, NULL, 'ke_jcuva@kentschools.net', NULL, '0', NULL, NULL, NULL, NULL, NULL, NULL, NULL, NULL, NULL, '0', NULL, NULL, NULL, NULL, NULL, NULL, NULL, '2017-05-05 14:12:39', '2017-07-05 16:44:27', '75b80164-e465-4c5a-95a0-da7c958c8fbc'),
 ('46', '52', 'en_us', 'First Event', NULL, NULL, NULL, NULL, NULL, NULL, NULL, NULL, NULL, NULL, '0', NULL, NULL, NULL, '2017-05-17 04:00:00', NULL, '<p>Lorem ipsum dolor sit amet, consectetuer adipiscing elit. Aenean commodo ligula eget dolor. Aenean massa. Cum sociis natoque penatibus et magnis dis parturient montes, nascetur ridiculus mus.</p>', '0', NULL, NULL, NULL, NULL, NULL, NULL, NULL, NULL, '', '0', NULL, '', '2017-09-18 04:30:00', '2017-09-18 05:30:00', NULL, NULL, NULL, '2017-05-10 15:28:24', '2017-09-18 22:01:32', '03999791-9dab-42e6-8c09-909ad0865a91'),
 ('47', '53', 'en_us', 'Agriculture & Environmental Services', NULL, NULL, NULL, NULL, NULL, NULL, NULL, NULL, NULL, NULL, '0', NULL, NULL, NULL, NULL, NULL, NULL, '0', NULL, NULL, NULL, NULL, NULL, NULL, NULL, NULL, NULL, '0', NULL, NULL, NULL, NULL, NULL, NULL, NULL, '2017-05-10 16:16:16', '2017-09-13 21:54:26', '6e07fc54-e359-45e5-a550-abdf388423ff'),
 ('48', '54', 'en_us', 'Business & Marketing ', NULL, NULL, NULL, NULL, NULL, NULL, NULL, NULL, NULL, NULL, '0', NULL, NULL, NULL, NULL, NULL, NULL, '0', NULL, NULL, NULL, NULL, NULL, NULL, NULL, NULL, NULL, '0', NULL, NULL, NULL, NULL, NULL, NULL, NULL, '2017-05-10 16:16:24', '2017-09-13 21:54:37', '1a9ababf-e3db-4304-bc86-5bfe0b4e9afc'),
 ('49', '55', 'en_us', 'Construction Technologies', NULL, NULL, NULL, NULL, NULL, NULL, NULL, NULL, NULL, NULL, '0', NULL, NULL, NULL, NULL, NULL, NULL, '0', NULL, NULL, NULL, NULL, NULL, NULL, NULL, NULL, NULL, '0', NULL, NULL, NULL, NULL, NULL, NULL, NULL, '2017-05-10 16:16:32', '2017-08-10 15:18:52', '5ee9c89e-e9f8-4922-a7b3-3b111b90ea32'),
 ('50', '56', 'en_us', 'Education and Training', NULL, NULL, NULL, NULL, NULL, NULL, NULL, NULL, NULL, NULL, '0', NULL, NULL, NULL, NULL, NULL, NULL, '0', NULL, NULL, NULL, NULL, NULL, NULL, NULL, NULL, NULL, '0', NULL, NULL, NULL, NULL, NULL, NULL, NULL, '2017-05-10 16:16:41', '2017-08-28 19:41:54', 'a8423baa-4872-431a-a81b-a6b83102ee45'),
 ('51', '57', 'en_us', 'Engineering and Science Technologies', NULL, NULL, NULL, NULL, NULL, NULL, NULL, NULL, NULL, NULL, '0', NULL, NULL, NULL, NULL, NULL, NULL, '0', NULL, NULL, NULL, NULL, NULL, NULL, NULL, NULL, NULL, '0', NULL, NULL, NULL, NULL, NULL, NULL, NULL, '2017-05-10 16:16:51', '2017-08-28 19:42:22', '356b391b-cdff-4b5f-80e5-01c7deeede71'),
 ('52', '58', 'en_us', 'Health Science', NULL, NULL, NULL, NULL, NULL, NULL, NULL, NULL, NULL, NULL, '0', NULL, NULL, NULL, NULL, NULL, NULL, '0', NULL, NULL, NULL, NULL, NULL, NULL, NULL, NULL, NULL, '0', NULL, NULL, NULL, NULL, NULL, NULL, NULL, '2017-05-10 16:16:58', '2017-08-10 16:22:45', '98fab980-c55d-45c6-8609-18fb8d6dc80b'),
 ('53', '59', 'en_us', 'Human Services', NULL, NULL, NULL, NULL, NULL, NULL, NULL, NULL, NULL, NULL, '0', NULL, NULL, NULL, NULL, NULL, NULL, '0', NULL, NULL, NULL, NULL, NULL, NULL, NULL, NULL, NULL, '0', NULL, NULL, NULL, NULL, NULL, NULL, NULL, '2017-05-10 16:17:09', '2017-08-28 19:42:39', '23c07261-ab28-4e15-9010-9d21df765f33'),
 ('54', '60', 'en_us', 'Forestry and Landscape Management', '<p>Lorem ipsum dolor sit amet, consectetuer adipiscing elit. Aenean commodo ligula eget dolor. Aenean massa. Cum sociis natoque penatibus et magnis dis parturient montes, nascetur ridiculus mus.</p>', NULL, NULL, NULL, NULL, NULL, '<p>Lorem ipsum dolor sit amet, consectetuer adipiscing elit. Aenean commodo ligula eget dolor. Aenean massa. Cum sociis natoque penatibus et magnis dis parturient montes, nascetur ridiculus mus.</p>', '10', 'Kent', '2', '1', NULL, NULL, NULL, NULL, NULL, NULL, '0', NULL, NULL, NULL, NULL, NULL, NULL, NULL, NULL, NULL, '0', NULL, NULL, NULL, NULL, NULL, NULL, NULL, '2017-05-10 16:18:30', '2017-08-07 17:10:56', 'ee25f492-a295-4cca-b0bb-44f336c09f0c'),
 ('55', '62', 'en_us', 'Business and Sports Management', '<p>Lorem ipsum dolor sit amet, consectetuer adipiscing elit. Aenean commodo ligula eget dolor. Aenean massa. Cum sociis natoque penatibus et magnis dis parturient montes, nascetur ridiculus mus.</p>', NULL, NULL, NULL, NULL, NULL, '<p>Lorem ipsum dolor sit amet, consectetuer adipiscing elit. Aenean commodo ligula eget dolor. Aenean massa. Cum sociis natoque penatibus et magnis dis parturient montes, nascetur ridiculus mus.</p>', '10', 'Kent', '2', '1', NULL, NULL, NULL, NULL, NULL, NULL, '0', NULL, NULL, NULL, NULL, NULL, NULL, NULL, NULL, NULL, '0', NULL, NULL, NULL, NULL, NULL, NULL, NULL, '2017-05-10 16:19:00', '2017-08-28 19:41:00', '82f39dd3-99cb-41e1-a94c-591b2d988f08'),
 ('56', '63', 'en_us', 'Marketing Management', '<p>Lorem ipsum dolor sit amet, consectetuer adipiscing elit. Aenean commodo ligula eget dolor. Aenean massa. Cum sociis natoque penatibus et magnis dis parturient montes, nascetur ridiculus mus.</p>', NULL, NULL, NULL, NULL, NULL, '<p>Lorem ipsum dolor sit amet, consectetuer adipiscing elit. Aenean commodo ligula eget dolor. Aenean massa. Cum sociis natoque penatibus et magnis dis parturient montes, nascetur ridiculus mus.</p>', '10', 'Kent', '2', '1', NULL, NULL, NULL, NULL, NULL, NULL, '0', NULL, NULL, NULL, NULL, NULL, NULL, NULL, NULL, NULL, '0', NULL, NULL, NULL, NULL, NULL, NULL, NULL, '2017-05-10 16:19:20', '2017-08-07 17:09:19', '57d8aefe-ba65-4634-b90c-7299a81d9137'),
 ('57', '64', 'en_us', 'Construction Technologies', '<p>Lorem ipsum dolor sit amet, consectetuer adipiscing elit. Aenean commodo ligula eget dolor. Aenean massa. Cum sociis natoque penatibus et magnis dis parturient montes, nascetur ridiculus mus.</p>', NULL, NULL, NULL, NULL, NULL, '<p>Lorem ipsum dolor sit amet, consectetuer adipiscing elit. Aenean commodo ligula eget dolor. Aenean massa. Cum sociis natoque penatibus et magnis dis parturient montes, nascetur ridiculus mus.</p>', '10', 'Kent', '10', '1', NULL, NULL, NULL, NULL, NULL, NULL, '0', NULL, NULL, NULL, NULL, NULL, NULL, NULL, NULL, NULL, '0', NULL, NULL, NULL, NULL, NULL, NULL, NULL, '2017-05-10 16:19:43', '2017-08-07 17:08:24', '588f0402-0fcb-4020-a25a-0c525313a3f4'),
 ('58', '65', 'en_us', 'Teaching Professions', '<p>Lorem ipsum dolor sit amet, consectetuer adipiscing elit. Aenean commodo ligula eget dolor. Aenean massa. Cum sociis natoque penatibus et magnis dis parturient montes, nascetur ridiculus mus.</p>', NULL, NULL, NULL, NULL, NULL, '<p>Lorem ipsum dolor sit amet, consectetuer adipiscing elit. Aenean commodo ligula eget dolor. Aenean massa. Cum sociis natoque penatibus et magnis dis parturient montes, nascetur ridiculus mus.</p>', '10', 'Kent', '2', '1', NULL, NULL, NULL, NULL, NULL, NULL, '0', NULL, NULL, NULL, NULL, NULL, NULL, NULL, NULL, NULL, '0', NULL, NULL, NULL, NULL, NULL, NULL, NULL, '2017-05-10 16:20:53', '2017-08-07 17:07:59', 'ef589e4c-4bea-44b3-b57f-f2b2464602d4'),
 ('59', '66', 'en_us', 'Electronics, Robotics, and Programming', '<p>Lorem ipsum dolor sit amet, consectetuer adipiscing elit. Aenean commodo ligula eget dolor. Aenean massa. Cum sociis natoque penatibus et magnis dis parturient montes, nascetur ridiculus mus.</p>', NULL, NULL, NULL, NULL, NULL, '<p>Lorem ipsum dolor sit amet, consectetuer adipiscing elit. Aenean commodo ligula eget dolor. Aenean massa. Cum sociis natoque penatibus et magnis dis parturient montes, nascetur ridiculus mus.</p>', '10', 'Kent', '2', '1', NULL, NULL, NULL, NULL, NULL, NULL, '0', NULL, NULL, NULL, NULL, NULL, NULL, NULL, NULL, NULL, '0', NULL, NULL, NULL, NULL, NULL, NULL, NULL, '2017-05-10 16:21:20', '2017-08-07 17:09:35', '2655b7df-3787-478d-b167-51c98ab6ab87'),
 ('60', '67', 'en_us', 'Engineering Academy', '<p>Lorem ipsum dolor sit amet, consectetuer adipiscing elit. Aenean commodo ligula eget dolor. Aenean massa. Cum sociis natoque penatibus et magnis dis parturient montes, nascetur ridiculus mus.</p>', NULL, NULL, NULL, NULL, NULL, '<p>Lorem ipsum dolor sit amet, consectetuer adipiscing elit. Aenean commodo ligula eget dolor. Aenean massa. Cum sociis natoque penatibus et magnis dis parturient montes, nascetur ridiculus mus.</p>', '10', 'Kent', '2', '1', NULL, NULL, NULL, NULL, NULL, NULL, '0', NULL, NULL, NULL, NULL, NULL, NULL, NULL, NULL, NULL, '0', NULL, NULL, NULL, NULL, NULL, NULL, NULL, '2017-05-10 16:21:42', '2017-08-07 17:09:24', '2b7e5fd5-a21f-4fa5-87ed-9aed65896491'),
 ('61', '68', 'en_us', 'Computer Aided Design and Engineering Technologies', '<p>Lorem ipsum dolor sit amet, consectetuer adipiscing elit. Aenean commodo ligula eget dolor. Aenean massa. Cum sociis natoque penatibus et magnis dis parturient montes, nascetur ridiculus mus.</p>', NULL, NULL, NULL, NULL, NULL, '<p>Lorem ipsum dolor sit amet, consectetuer adipiscing elit. Aenean commodo ligula eget dolor. Aenean massa. Cum sociis natoque penatibus et magnis dis parturient montes, nascetur ridiculus mus.</p>', '10', 'Kent', '2', '1', NULL, NULL, NULL, NULL, NULL, NULL, '0', NULL, NULL, NULL, NULL, NULL, NULL, NULL, NULL, NULL, '0', NULL, NULL, NULL, NULL, NULL, NULL, NULL, '2017-05-10 16:22:06', '2017-08-07 17:07:11', '28025516-6f43-42d8-a849-2fc50a244d9a'),
 ('62', '69', 'en_us', 'Athletic Health Care Fitness', '<p>Lorem ipsum dolor sit amet, consectetuer adipiscing elit. Aenean commodo ligula eget dolor. Aenean massa. Cum sociis natoque penatibus et magnis dis parturient montes, nascetur ridiculus mus.</p>', NULL, NULL, NULL, NULL, NULL, '<p>Lorem ipsum dolor sit amet, consectetuer adipiscing elit. Aenean commodo ligula eget dolor. Aenean massa. Cum sociis natoque penatibus et magnis dis parturient montes, nascetur ridiculus mus.</p>', '10', 'Kent', '2', '1', NULL, NULL, NULL, NULL, NULL, NULL, '0', NULL, NULL, NULL, NULL, NULL, NULL, NULL, NULL, NULL, '0', NULL, NULL, NULL, NULL, NULL, NULL, NULL, '2017-05-10 16:22:32', '2017-08-07 17:10:37', '61f4d258-c1c4-4b68-8b2c-0a1ed2961197'),
 ('63', '70', 'en_us', 'Health Care and Technologies', '<p>Lorem ipsum dolor sit amet, consectetuer adipiscing elit. Aenean commodo ligula eget dolor. Aenean massa. Cum sociis natoque penatibus et magnis dis parturient montes, nascetur ridiculus mus.</p>', NULL, NULL, NULL, NULL, NULL, '<p>Lorem ipsum dolor sit amet, consectetuer adipiscing elit. Aenean commodo ligula eget dolor. Aenean massa. Cum sociis natoque penatibus et magnis dis parturient montes, nascetur ridiculus mus.</p>', '10', 'Kent', '2', '1', NULL, NULL, NULL, NULL, NULL, NULL, '0', NULL, NULL, NULL, NULL, NULL, NULL, NULL, NULL, NULL, '0', NULL, NULL, NULL, NULL, NULL, NULL, NULL, '2017-05-10 16:22:54', '2017-08-07 17:07:21', '2553c623-71c0-4865-a95a-fe74b6123970'),
 ('64', '71', 'en_us', 'Cosmetology', '<p>Lorem ipsum dolor sit amet, consectetuer adipiscing elit. Aenean commodo ligula eget dolor. Aenean massa. Cum sociis natoque penatibus et magnis dis parturient montes, nascetur ridiculus mus.</p>', NULL, NULL, NULL, NULL, NULL, '<p>Lorem ipsum dolor sit amet, consectetuer adipiscing elit. Aenean commodo ligula eget dolor. Aenean massa. Cum sociis natoque penatibus et magnis dis parturient montes, nascetur ridiculus mus.</p>', '10', 'Kent', '2', '1', NULL, NULL, NULL, NULL, NULL, NULL, '0', NULL, NULL, NULL, NULL, NULL, NULL, NULL, NULL, NULL, '0', NULL, NULL, NULL, NULL, 'https://www.youtube.com/watch?v=6xWpo5Dn254', NULL, NULL, '2017-05-10 16:23:20', '2017-10-25 21:10:47', '5d309694-f6b0-4279-a076-01ac7739bc91'),
 ('65', '72', 'en_us', 'Forestry and Landscape Management I', '<p>Lorem ipsum dolor sit amet, consectetuer adipiscing elit. Aenean commodo ligula eget dolor. Aenean massa. Cum sociis natoque penatibus et magnis dis parturient montes, nascetur ridiculus mus.</p>', NULL, NULL, NULL, NULL, NULL, NULL, NULL, NULL, NULL, '0', '', NULL, NULL, NULL, NULL, NULL, '0', NULL, NULL, NULL, NULL, NULL, NULL, NULL, NULL, NULL, '0', NULL, NULL, NULL, NULL, NULL, NULL, NULL, '2017-05-10 16:24:25', '2017-07-05 17:03:29', '1d7d69aa-9985-44e3-b139-690179b09efb'),
 ('66', '73', 'en_us', 'Forestry and Landscape Management II', '<p>Lorem ipsum dolor sit amet, consectetuer adipiscing elit. Aenean commodo ligula eget dolor. Aenean massa. Cum sociis natoque penatibus et magnis dis parturient montes, nascetur ridiculus mus.</p>', NULL, NULL, NULL, NULL, NULL, NULL, NULL, NULL, NULL, '0', '', NULL, NULL, NULL, NULL, NULL, '0', NULL, NULL, NULL, NULL, NULL, NULL, NULL, NULL, NULL, '0', NULL, NULL, NULL, NULL, NULL, NULL, NULL, '2017-05-10 16:24:57', '2017-07-05 17:03:29', 'b85f938f-e1fb-4054-81f3-f457ffb32016'),
 ('68', '75', 'en_us', 'Business and Sports Management', '<p>Lorem ipsum dolor sit amet, consectetuer adipiscing elit. Aenean commodo<br />ligula eget dolor. Aenean massa. Cum sociis natoque penatibus et<br />magnis dis parturient montes, nascetur ridiculus mus.</p>', NULL, NULL, NULL, NULL, NULL, NULL, NULL, NULL, NULL, '0', '', NULL, NULL, NULL, NULL, NULL, '0', NULL, NULL, NULL, NULL, NULL, NULL, NULL, NULL, NULL, '0', NULL, NULL, NULL, NULL, NULL, NULL, NULL, '2017-05-10 16:42:37', '2017-07-05 17:03:29', 'd6d6927f-6fce-487d-9f6e-68f11021f90c'),
 ('69', '76', 'en_us', 'Marketing Management (DECA)', '<p>Lorem ipsum dolor sit amet, consectetuer adipiscing elit. Aenean commodo<br />ligula eget dolor. Aenean massa. Cum sociis natoque penatibus et<br />magnis dis parturient montes, nascetur ridiculus mus.</p>', NULL, NULL, NULL, NULL, NULL, NULL, NULL, NULL, NULL, '0', '', NULL, NULL, NULL, NULL, NULL, '0', NULL, NULL, NULL, NULL, NULL, NULL, NULL, NULL, NULL, '0', NULL, NULL, NULL, NULL, NULL, NULL, NULL, '2017-05-10 16:43:18', '2017-07-05 17:03:29', '992675bf-a2a9-417b-bacc-d8759b5b51a1'),
 ('70', '77', 'en_us', 'Construction Technologies', '<p>Lorem ipsum dolor sit amet, consectetuer adipiscing elit. Aenean commodo<br />ligula eget dolor. Aenean massa. Cum sociis natoque penatibus et<br />magnis dis parturient montes, nascetur ridiculus mus.</p>', NULL, NULL, NULL, NULL, NULL, NULL, NULL, NULL, NULL, '0', '', NULL, NULL, NULL, NULL, NULL, '0', NULL, NULL, NULL, NULL, NULL, NULL, NULL, NULL, NULL, '0', NULL, NULL, NULL, NULL, NULL, NULL, NULL, '2017-05-10 16:43:40', '2017-07-05 17:03:29', '1c16ded8-3a69-4f3b-b3f2-6162b8326aa0'),
 ('71', '78', 'en_us', 'Teaching Professions', '<p>Lorem ipsum dolor sit amet, consectetuer adipiscing elit. Aenean commodo<br />ligula eget dolor. Aenean massa. Cum sociis natoque penatibus et<br />magnis dis parturient montes, nascetur ridiculus mus.</p>', NULL, NULL, NULL, NULL, NULL, NULL, NULL, NULL, NULL, '0', '', NULL, NULL, NULL, NULL, NULL, '0', NULL, NULL, NULL, NULL, NULL, NULL, NULL, NULL, NULL, '0', NULL, NULL, NULL, NULL, NULL, NULL, NULL, '2017-05-10 16:44:07', '2017-07-05 17:03:29', '2988b853-7b57-4cf1-bb5b-bd91c2068a51'),
 ('72', '79', 'en_us', 'Electronics, Robotics & Programming', '<p>Lorem ipsum dolor sit amet, consectetuer adipiscing elit. Aenean commodo<br />ligula eget dolor. Aenean massa. Cum sociis natoque penatibus et<br />magnis dis parturient montes, nascetur ridiculus mus.</p>', NULL, NULL, NULL, NULL, NULL, NULL, NULL, NULL, NULL, '0', '', NULL, NULL, NULL, NULL, NULL, '0', NULL, NULL, NULL, NULL, NULL, NULL, NULL, NULL, NULL, '0', NULL, NULL, NULL, NULL, NULL, NULL, NULL, '2017-05-10 16:44:30', '2017-07-05 17:03:29', '1918bd53-2860-4438-bb04-5d86025103c6'),
 ('73', '80', 'en_us', 'Engineering Academy: Academic', '<p>Lorem ipsum dolor sit amet, consectetuer adipiscing elit. Aenean commodo<br />ligula eget dolor. Aenean massa. Cum sociis natoque penatibus et<br />magnis dis parturient montes, nascetur ridiculus mus.</p>', NULL, NULL, NULL, NULL, NULL, NULL, NULL, NULL, NULL, '0', '', NULL, NULL, NULL, NULL, NULL, '0', NULL, NULL, NULL, NULL, NULL, NULL, NULL, NULL, NULL, '0', NULL, NULL, NULL, NULL, NULL, NULL, NULL, '2017-05-10 16:44:52', '2017-07-05 17:03:29', '375f7b5a-4901-4bc8-a530-06fff0c6071d'),
 ('74', '81', 'en_us', 'Engineering Academy: Technology', '<p>Lorem ipsum dolor sit amet, consectetuer adipiscing elit. Aenean commodo<br />ligula eget dolor. Aenean massa. Cum sociis natoque penatibus et<br />magnis dis parturient montes, nascetur ridiculus mus.</p>', NULL, NULL, NULL, NULL, NULL, NULL, NULL, NULL, NULL, '0', '', NULL, NULL, NULL, NULL, NULL, '0', NULL, NULL, NULL, NULL, NULL, NULL, NULL, NULL, NULL, '0', NULL, NULL, NULL, NULL, NULL, NULL, NULL, '2017-05-10 16:45:26', '2017-07-05 17:03:29', '1b74eac0-0064-4d13-b677-f9bbdff173ed'),
 ('75', '82', 'en_us', 'Computer Aided Design and Engineering Technologies I', '<p>Lorem ipsum dolor sit amet, consectetuer adipiscing elit. Aenean commodo<br />ligula eget dolor. Aenean massa. Cum sociis natoque penatibus et<br />magnis dis parturient montes, nascetur ridiculus mus.</p>', NULL, NULL, NULL, NULL, NULL, NULL, NULL, NULL, NULL, '0', '', NULL, NULL, NULL, NULL, NULL, '0', NULL, NULL, NULL, NULL, NULL, NULL, NULL, NULL, NULL, '0', NULL, NULL, NULL, NULL, NULL, NULL, NULL, '2017-05-10 16:46:11', '2017-07-05 17:03:29', 'aeccc7ff-fbfc-400a-99f4-9263f94d09b1'),
 ('76', '83', 'en_us', 'Computer Aided Design and Engineering Technologies II', '<p>Lorem ipsum dolor sit amet, consectetuer adipiscing elit. Aenean commodo<br />ligula eget dolor. Aenean massa. Cum sociis natoque penatibus et<br />magnis dis parturient montes, nascetur ridiculus mus.</p>', NULL, NULL, NULL, NULL, NULL, NULL, NULL, NULL, NULL, '0', '', NULL, NULL, NULL, NULL, NULL, '0', NULL, NULL, NULL, NULL, NULL, NULL, NULL, NULL, NULL, '0', NULL, NULL, NULL, NULL, NULL, NULL, NULL, '2017-05-10 16:46:52', '2017-07-05 17:03:29', 'ac49a5b4-b05b-42d6-b0bd-b71bb2b57c8a'),
 ('77', '84', 'en_us', 'Athletic Healthcare and Fitness', '<p>Lorem ipsum dolor sit amet, consectetuer adipiscing elit. Aenean commodo<br />ligula eget dolor. Aenean massa. Cum sociis natoque penatibus et<br />magnis dis parturient montes, nascetur ridiculus mus.</p>', NULL, NULL, NULL, NULL, NULL, NULL, NULL, NULL, NULL, '0', '', NULL, NULL, NULL, NULL, NULL, '0', NULL, NULL, NULL, NULL, NULL, NULL, NULL, NULL, NULL, '0', NULL, NULL, NULL, NULL, NULL, NULL, NULL, '2017-05-10 16:47:12', '2017-07-05 17:03:29', '9890c5e1-877f-40f7-90c9-6bd2eeeffa18'),
 ('79', '86', 'en_us', 'Health Career Technologies', '<p>Lorem ipsum dolor sit amet, consectetuer adipiscing elit. Aenean commodo<br />ligula eget dolor. Aenean massa. Cum sociis natoque penatibus et<br />magnis dis parturient montes, nascetur ridiculus mus.</p>', NULL, NULL, NULL, NULL, NULL, NULL, NULL, NULL, NULL, '0', '', NULL, NULL, NULL, NULL, NULL, '0', NULL, NULL, NULL, NULL, NULL, NULL, NULL, NULL, NULL, '0', NULL, NULL, NULL, NULL, NULL, NULL, NULL, '2017-05-10 16:47:53', '2017-07-05 17:03:29', '761c2966-46e2-4974-a02f-2e135cb3672d'),
 ('80', '87', 'en_us', 'Cosmetology I', '<p>Lorem ipsum dolor sit amet, consectetuer adipiscing elit. Aenean commodo<br />ligula eget dolor. Aenean massa. Cum sociis natoque penatibus et<br />magnis dis parturient montes, nascetur ridiculus mus.</p>', NULL, NULL, NULL, NULL, NULL, NULL, NULL, NULL, NULL, '0', '', NULL, NULL, NULL, NULL, NULL, '0', NULL, NULL, NULL, NULL, NULL, NULL, NULL, NULL, NULL, '0', NULL, NULL, NULL, NULL, NULL, NULL, NULL, '2017-05-10 16:48:16', '2017-07-05 17:03:29', '2b9313fc-b85d-4ceb-b3b4-076780b9a87c'),
 ('81', '88', 'en_us', 'Cosmetology II', '<p>Lorem ipsum dolor sit amet, consectetuer adipiscing elit. Aenean commodo<br />ligula eget dolor. Aenean massa. Cum sociis natoque penatibus et<br />magnis dis parturient montes, nascetur ridiculus mus.</p>', NULL, NULL, NULL, NULL, NULL, NULL, NULL, NULL, NULL, '0', '', NULL, NULL, NULL, NULL, NULL, '0', NULL, NULL, NULL, NULL, NULL, NULL, NULL, NULL, NULL, '0', NULL, NULL, NULL, NULL, NULL, NULL, NULL, '2017-05-10 16:48:36', '2017-07-05 17:03:29', '2a392da1-96f6-4f1b-b594-edd76888a857'),
 ('82', '89', 'en_us', 'Mj Smiling 6', NULL, NULL, NULL, NULL, NULL, NULL, NULL, NULL, NULL, NULL, '0', NULL, NULL, NULL, NULL, NULL, NULL, '0', NULL, NULL, NULL, NULL, NULL, NULL, NULL, NULL, NULL, '0', NULL, NULL, NULL, NULL, NULL, NULL, NULL, '2017-06-07 15:23:22', '2017-06-07 15:23:22', '361463fb-77e8-47ce-b166-4d50ce0881c4'),
 ('83', '90', 'en_us', 'Mj Smiling 8', NULL, NULL, NULL, NULL, NULL, NULL, NULL, NULL, NULL, NULL, '0', NULL, NULL, NULL, NULL, NULL, NULL, '0', NULL, NULL, NULL, NULL, NULL, NULL, NULL, NULL, NULL, '0', NULL, NULL, NULL, NULL, NULL, NULL, NULL, '2017-06-07 15:54:36', '2017-06-07 15:54:36', 'd2eb6067-5f0f-4216-9045-1540cdbb4bfb'),
 ('84', '91', 'en_us', 'Jeffrey Bee', '<p>He is a Mechanical Engineer with a Bachelor of Science in Mechanical Engineering degree from The University of Akron. He earned a  master’s degree in Career and Technical Education through Kent State University. He has worked as a mechanical designer, project engineer or product engineer on projects worth hundreds of thousands of dollars to multi-million dollar projects from New York City to Alaska and globally (Saudi Arabia and South Korea). He has had privilege to have taught and coached four Ohio Gold Medal Champions in Technical Drafting in the past six years. (2006-2012  all Portage County Students) Each student competed at the national level against the best in the country.</p>', NULL, NULL, NULL, 'needed', NULL, NULL, NULL, NULL, NULL, '0', NULL, NULL, NULL, NULL, 'needed', NULL, '0', NULL, NULL, NULL, NULL, NULL, NULL, NULL, NULL, NULL, '0', NULL, NULL, NULL, NULL, NULL, NULL, NULL, '2017-06-07 15:54:56', '2017-08-07 17:15:56', 'b19cf699-b70b-472a-b4dd-0b889546c086'),
 ('85', '92', 'en_us', NULL, NULL, NULL, NULL, NULL, NULL, NULL, NULL, NULL, NULL, NULL, '0', NULL, NULL, NULL, NULL, NULL, NULL, '0', NULL, NULL, NULL, NULL, NULL, NULL, NULL, NULL, NULL, '0', NULL, NULL, NULL, NULL, NULL, NULL, NULL, '2017-06-19 15:33:20', '2017-06-19 15:33:39', '4415443c-00db-41a4-9b18-2084ca58be7a'),
 ('86', '93', 'en_us', 'lorem ipsum', '<p>Lorem ipsum dolor sit amet, facilisi nostra id fermentum, malesuada inceptos amet ut dui commodo elit. Et vel sed aliquam, est malesuada quis viverra vestibulum vel, volutpat nec aliquam vulputate nisl. Dui donec. Porta arcu nisl nulla praesent. Mauris odio pellentesque suspendisse mollis, dui nobis dictum auctor a sapien, torquent massa non id, cras cras donec pede, sollicitudin pulvinar mi. Eu lacus enim eleifend, eu sed consectetuer. Dignissim dolor at id maecenas velit mauris. Eget ultricies aliquam, ligula non per massa, dis urna tempus sagittis diam, mi ut sed pulvinar placerat felis. Ipsum sodales vulputate, magna vitae rhoncus lacinia justo ac sollicitudin, donec a aliquet ac.</p>\n<p>Lectus sit sem, magna vestibulum suscipit wisi cursus euismod vel, a venenatis odio curabitur in. Dapibus inceptos sit vestibulum quis id volutpat, donec aliquam blandit neque justo aliquam, iaculis eget ut praesent justo, nunc quam arcu dolor ullamcorper, congue massa. Suspendisse nec porttitor etiam. Integer cubilia quam sed suspendisse ut, adipiscing in congue, tristique ac dictumst quis vel in, mollis vel. Semper sodales nulla, enim amet hac felis sagittis arcu mollis, magna aliquet litora enim, aliquam in amet at aspernatur. Wisi ut eget eos, nam ac id. Pede in vestibulum urna eros ante morbi, dis sem, tristique tempor dictumst. Est luctus vel mollis cursus ipsum ipsum, pellentesque libero sodales duis metus dui ac, consectetuer diam volutpat risus sem, suspendisse magna morbi voluptas quis aenean, eros imperdiet non viverra nulla ad. Sem suscipit praesent phasellus vestibulum hac metus, ultrices eu aliquam elit sollicitudin, volutpat lacus nibh erat ante duis, nullam ac pellentesque in lorem, at suspendisse duis.<br /></p>', NULL, NULL, NULL, NULL, NULL, NULL, NULL, NULL, NULL, '0', NULL, NULL, NULL, NULL, NULL, NULL, '0', NULL, NULL, NULL, NULL, NULL, NULL, NULL, NULL, '', '0', NULL, NULL, NULL, NULL, NULL, NULL, NULL, '2017-06-27 16:51:09', '2017-10-23 22:06:38', 'cace0507-a21e-4a06-958c-34dd478c5f1c'),
 ('87', '94', 'en_us', 'Cuva', NULL, NULL, NULL, NULL, NULL, NULL, NULL, NULL, NULL, NULL, '0', NULL, NULL, NULL, NULL, NULL, NULL, '0', NULL, NULL, NULL, NULL, NULL, NULL, NULL, NULL, NULL, '0', NULL, NULL, NULL, NULL, NULL, NULL, NULL, '2017-06-27 17:31:53', '2017-06-27 17:31:53', 'c66128e6-3141-4392-a6e3-84883d5e1aa5'),
 ('88', '95', 'en_us', 'Franek', NULL, NULL, NULL, NULL, NULL, NULL, NULL, NULL, NULL, NULL, '0', NULL, NULL, NULL, NULL, NULL, NULL, '0', NULL, NULL, NULL, NULL, NULL, NULL, NULL, NULL, NULL, '0', NULL, NULL, NULL, NULL, NULL, NULL, NULL, '2017-06-27 17:33:32', '2017-06-27 17:33:32', '099abd7b-4311-431b-8102-3d7680e42259'),
 ('89', '96', 'en_us', 'Tom Franek', '<p>As an instructor of  Forestry and Landscape Management for 16 years at Kent Theodore Roosevelt High School, I\'ve enjoyed the mix of teaching new skills and knowledge along with providing the ability to apply these skills and knowledge on real job sites in the community.   It provides for a very fulfilling career.</p>\n<p>I believe that careers related to this field provide and promote an active, healthy and happy lifestyle and a very high quality of life.  As part of the program, I advocate living healthy by emphasizing safe working habits, proper diet and sleep habits, and involvement in activities that promote fitness.</p>', NULL, NULL, NULL, 'needed', NULL, NULL, NULL, NULL, NULL, '0', NULL, NULL, NULL, NULL, 'ke_tfranek@kentschools.net', NULL, '0', NULL, NULL, NULL, NULL, NULL, NULL, NULL, NULL, NULL, '0', NULL, NULL, NULL, NULL, NULL, NULL, NULL, '2017-06-27 17:33:59', '2017-08-07 17:16:04', '56869bf1-73c5-4577-a819-975e2146673d'),
 ('90', '97', 'en_us', '1 White Red Condensed', NULL, NULL, NULL, NULL, NULL, NULL, NULL, NULL, NULL, NULL, '0', NULL, NULL, NULL, NULL, NULL, NULL, '0', NULL, NULL, NULL, NULL, NULL, NULL, NULL, NULL, NULL, '0', NULL, NULL, NULL, NULL, NULL, NULL, NULL, '2017-06-27 19:20:39', '2017-06-28 19:58:49', '73738417-55b0-46ef-9bc6-40cab93ace0a'),
 ('92', '99', 'en_us', 'Terry Slattery', '<p>#</p>', NULL, NULL, NULL, '', NULL, NULL, NULL, NULL, NULL, '0', NULL, NULL, NULL, NULL, '', NULL, '0', NULL, NULL, NULL, NULL, NULL, NULL, NULL, NULL, NULL, '0', NULL, NULL, NULL, NULL, NULL, NULL, NULL, '2017-07-05 16:31:38', '2017-09-25 18:43:19', 'd36cb3d6-831d-488b-87f1-0930cc053033'),
 ('93', '100', 'en_us', 'Ben Dunlap', '<p>#</p>', NULL, NULL, NULL, '#', NULL, NULL, NULL, NULL, NULL, '0', NULL, NULL, NULL, NULL, 'ke_bdunlap@kentschools.net', NULL, '0', NULL, NULL, NULL, NULL, NULL, NULL, NULL, NULL, NULL, '0', NULL, NULL, NULL, NULL, NULL, NULL, NULL, '2017-07-05 16:32:18', '2017-08-07 17:15:44', 'c59339c8-5904-4888-bf0c-1057a8f94e25'),
 ('94', '101', 'en_us', 'Troy Spear', '<p>#</p>', NULL, NULL, NULL, '#', NULL, NULL, NULL, NULL, NULL, '0', NULL, NULL, NULL, NULL, 'ke_tspear@kentschools.net', NULL, '0', NULL, NULL, NULL, NULL, NULL, NULL, NULL, NULL, NULL, '0', NULL, NULL, NULL, NULL, NULL, NULL, NULL, '2017-07-05 16:33:25', '2017-08-07 17:15:36', '7e1dd840-2a8e-4799-acf9-c26ae1caea5b'),
 ('95', '102', 'en_us', 'Don Titko', '<p>#</p>', NULL, NULL, NULL, '#', NULL, NULL, NULL, NULL, NULL, '0', NULL, NULL, NULL, NULL, 'ke_dtitko@kentschools.net', NULL, '0', NULL, NULL, NULL, NULL, NULL, NULL, NULL, NULL, NULL, '0', NULL, NULL, NULL, NULL, NULL, NULL, NULL, '2017-07-05 16:34:01', '2017-08-07 17:15:16', 'dcfa0558-761e-4586-95f0-37d30f833334'),
 ('96', '103', 'en_us', 'Sandi Melucci', '<p>#</p>', NULL, NULL, NULL, '#', NULL, NULL, NULL, NULL, NULL, '0', NULL, NULL, NULL, NULL, 'ke_smelucci@kentschools.net', NULL, '0', NULL, NULL, NULL, NULL, NULL, NULL, NULL, NULL, NULL, '0', NULL, NULL, NULL, NULL, NULL, NULL, NULL, '2017-07-05 16:34:30', '2017-08-07 17:15:23', 'b8924394-780d-4b61-a264-8ae32f84c3d9'),
 ('97', '104', 'en_us', 'Danielle Wardell', '<p>#</p>', NULL, NULL, NULL, '#', NULL, NULL, NULL, NULL, NULL, '0', NULL, NULL, NULL, NULL, 'ke_dwardell@kentschools.net', NULL, '0', NULL, NULL, NULL, NULL, NULL, NULL, NULL, NULL, NULL, '0', NULL, NULL, NULL, NULL, NULL, NULL, NULL, '2017-07-05 16:34:58', '2017-08-07 17:15:30', '16776f2d-c521-460d-a706-02f67781255d'),
 ('98', '105', 'en_us', 'Jeff LeSueur', '<p>#</p>', NULL, NULL, NULL, '#', NULL, NULL, NULL, NULL, NULL, '0', NULL, NULL, NULL, NULL, 'ke_jlesueur@kentschools.net', NULL, '0', NULL, NULL, NULL, NULL, NULL, NULL, NULL, NULL, NULL, '0', NULL, NULL, NULL, NULL, NULL, NULL, NULL, '2017-07-05 16:35:31', '2017-08-07 17:14:46', 'e7928295-0925-4cf9-b4fc-d04c8a4ffd18'),
 ('99', '106', 'en_us', 'Ed Borsuk', '<p>#</p>', NULL, NULL, NULL, '#', NULL, NULL, NULL, NULL, NULL, '0', NULL, NULL, NULL, NULL, 'st_borsuk@smfcsd.org', NULL, '0', NULL, NULL, NULL, NULL, NULL, NULL, NULL, NULL, NULL, '0', NULL, NULL, NULL, NULL, NULL, NULL, NULL, '2017-07-05 16:36:14', '2017-08-07 17:14:36', '317c7f2e-049a-4655-9812-92c326e9b63f'),
 ('100', '107', 'en_us', 'Laura Eyring', '<p>#</p>', NULL, NULL, NULL, '#', NULL, NULL, NULL, NULL, NULL, '0', NULL, NULL, NULL, NULL, 'ke_leyring@kentschools.net', NULL, '0', NULL, NULL, NULL, NULL, NULL, NULL, NULL, NULL, NULL, '0', NULL, NULL, NULL, NULL, NULL, NULL, NULL, '2017-07-05 16:36:43', '2017-08-07 17:14:40', 'b19bae40-1180-426e-849a-1aa68836bc3e'),
 ('101', '108', 'en_us', 'Kasey Adelman', '<p>#</p>', NULL, NULL, NULL, '#', NULL, NULL, NULL, NULL, NULL, '0', NULL, NULL, NULL, NULL, 'ke_kadelman@kentschools.net', NULL, '0', NULL, NULL, NULL, NULL, NULL, NULL, NULL, NULL, NULL, '0', NULL, NULL, NULL, NULL, NULL, NULL, NULL, '2017-07-05 16:37:29', '2017-08-07 17:14:20', '90a36c34-1bdf-4ed9-bd41-cc545403ba80'),
 ('102', '109', 'en_us', 'David Helmick', '<p>#</p>', NULL, NULL, NULL, '#', NULL, NULL, NULL, NULL, NULL, '0', NULL, NULL, NULL, NULL, 'st_helmick@smfcsd.org', NULL, '0', NULL, NULL, NULL, NULL, NULL, NULL, NULL, NULL, NULL, '0', NULL, NULL, NULL, NULL, NULL, NULL, NULL, '2017-07-05 16:37:59', '2017-08-07 17:14:25', '4ba3ae10-6b13-4d69-b19c-fdd08f6ac420'),
 ('103', '110', 'en_us', 'Sarah Kaplan  ', '<p>#</p>', NULL, NULL, NULL, '#', NULL, NULL, NULL, NULL, NULL, '0', NULL, NULL, NULL, NULL, 'ke_skaplan@kentschools.net', NULL, '0', NULL, NULL, NULL, NULL, NULL, NULL, NULL, NULL, NULL, '0', NULL, NULL, NULL, NULL, NULL, NULL, NULL, '2017-07-05 16:38:39', '2017-08-07 17:14:16', 'fb829590-d2fb-405b-b0de-a3bf4cb78725'),
 ('104', '111', 'en_us', 'Aaron Morris ', '<p>#</p>', NULL, NULL, NULL, '#', NULL, NULL, NULL, NULL, NULL, '0', NULL, NULL, NULL, NULL, 'st_morris@smfcsd.org', NULL, '0', NULL, NULL, NULL, NULL, NULL, NULL, NULL, NULL, NULL, '0', NULL, NULL, NULL, NULL, NULL, NULL, NULL, '2017-07-05 16:39:03', '2017-07-05 16:39:03', 'daccfadf-ea99-4c62-8473-c4eb590e22e6'),
 ('105', '112', 'en_us', 'John Seabolt ', '<p>#</p>', NULL, NULL, NULL, '#', NULL, NULL, NULL, NULL, NULL, '0', NULL, NULL, NULL, NULL, 'ke_jseabolt@kentschools.net', NULL, '0', NULL, NULL, NULL, NULL, NULL, NULL, NULL, NULL, NULL, '0', NULL, NULL, NULL, NULL, NULL, NULL, NULL, '2017-07-05 16:39:33', '2017-08-07 17:14:10', 'd9a335e4-85f2-4639-83ef-ac37976ba309'),
 ('106', '113', 'en_us', 'Dan Syvanych ', '<p>#</p>', NULL, NULL, NULL, '#', NULL, NULL, NULL, NULL, NULL, '0', NULL, NULL, NULL, NULL, 'st_dsyvanych@smfcsd.org', NULL, '0', NULL, NULL, NULL, NULL, NULL, NULL, NULL, NULL, NULL, '0', NULL, NULL, NULL, NULL, NULL, NULL, NULL, '2017-07-05 16:40:12', '2017-08-07 17:14:06', 'a07a50d5-1478-4f46-83bd-18424750d926'),
 ('107', '114', 'en_us', 'John Lang ', '<p>#</p>', NULL, NULL, NULL, '#', NULL, NULL, NULL, NULL, NULL, '0', NULL, NULL, NULL, NULL, 'ke_jlang@kentschools.net', NULL, '0', NULL, NULL, NULL, NULL, NULL, NULL, NULL, NULL, NULL, '0', NULL, NULL, NULL, NULL, NULL, NULL, NULL, '2017-07-05 16:41:31', '2017-08-07 17:14:01', '8fb171b1-1e2b-4c22-9fe2-192c1f83d42b'),
 ('108', '115', 'en_us', 'Catie Milton ', '<p>#</p>', NULL, NULL, NULL, '#', NULL, NULL, NULL, NULL, NULL, '0', NULL, NULL, NULL, NULL, 'ke_cmilton@kentschools.net', NULL, '0', NULL, NULL, NULL, NULL, NULL, NULL, NULL, NULL, NULL, '0', NULL, NULL, NULL, NULL, NULL, NULL, NULL, '2017-07-05 16:42:27', '2017-07-05 16:42:27', '11e4f787-4721-4ae1-8abd-997cb7a640d5'),
 ('109', '116', 'en_us', 'Angela Textor ', '<p>#</p>', NULL, NULL, NULL, '#', NULL, NULL, NULL, NULL, NULL, '0', NULL, NULL, NULL, NULL, 'ke_atextor@kentschools.net', NULL, '0', NULL, NULL, NULL, NULL, NULL, NULL, NULL, NULL, NULL, '0', NULL, NULL, NULL, NULL, NULL, NULL, NULL, '2017-07-05 16:42:56', '2017-08-07 17:13:57', 'ae5ff206-875b-40f0-a8dd-d2b115515e75'),
 ('110', '117', 'en_us', 'Brent Pfeiffer  ', '<p>#</p>', NULL, NULL, NULL, '#', NULL, NULL, NULL, NULL, NULL, '0', NULL, NULL, NULL, NULL, 'ke_bpfeiffer@kentschools.net', NULL, '0', NULL, NULL, NULL, NULL, NULL, NULL, NULL, NULL, NULL, '0', NULL, NULL, NULL, NULL, NULL, NULL, NULL, '2017-07-05 16:43:26', '2017-11-02 22:41:27', 'd54c6394-ea13-4ac0-beae-fa89c0252040'),
 ('111', '118', 'en_us', 'Rhonda Butler-Carson', '<p>#</p>', NULL, NULL, NULL, '#', NULL, NULL, NULL, NULL, NULL, '0', NULL, NULL, NULL, NULL, 'ke_rbulter@kentschools.net', NULL, '0', NULL, NULL, NULL, NULL, NULL, NULL, NULL, NULL, NULL, '0', NULL, NULL, NULL, NULL, NULL, NULL, NULL, '2017-07-05 16:43:53', '2017-08-07 17:13:52', '57b8b2fe-9b59-4c94-babb-876fb81cabaf'),
 ('113', '120', 'en_us', 'Staff & Administration', NULL, NULL, NULL, NULL, NULL, NULL, NULL, NULL, NULL, NULL, '0', NULL, NULL, NULL, NULL, NULL, NULL, '0', NULL, NULL, NULL, NULL, NULL, NULL, NULL, NULL, NULL, '0', NULL, NULL, NULL, NULL, NULL, NULL, NULL, '2017-08-07 14:12:03', '2017-08-10 13:33:23', '637ea184-b4ca-433a-9541-56957c2304b3'),
 ('114', '121', 'en_us', 'Wp Or Man', NULL, NULL, NULL, NULL, NULL, NULL, NULL, NULL, NULL, NULL, '0', NULL, NULL, NULL, NULL, NULL, NULL, '0', NULL, NULL, NULL, NULL, NULL, NULL, NULL, NULL, NULL, '0', NULL, NULL, NULL, NULL, NULL, NULL, NULL, '2017-08-07 14:28:52', '2017-08-07 14:28:52', 'fe8f0365-db9d-4e76-a246-77ab28fe3207'),
 ('115', '122', 'en_us', '3 White Red Expanded', NULL, NULL, NULL, NULL, NULL, NULL, NULL, NULL, NULL, NULL, '0', NULL, NULL, NULL, NULL, NULL, NULL, '0', NULL, NULL, NULL, NULL, NULL, NULL, NULL, NULL, NULL, '0', NULL, NULL, NULL, NULL, NULL, NULL, NULL, '2017-08-07 14:32:04', '2017-08-07 14:32:04', '4f895bca-02ef-40a0-9049-4a6270db7b81'),
 ('117', '124', 'en_us', '3 Black Red Expanded', NULL, NULL, NULL, NULL, NULL, NULL, NULL, NULL, NULL, NULL, '0', NULL, NULL, NULL, NULL, NULL, NULL, '0', NULL, NULL, NULL, NULL, NULL, NULL, NULL, NULL, NULL, '0', NULL, NULL, NULL, NULL, NULL, NULL, NULL, '2017-08-07 16:53:01', '2017-08-07 16:53:01', 'b7e8e3aa-a985-4242-8695-66018b6fe533'),
 ('120', '128', 'en_us', 'Cos2', NULL, NULL, NULL, NULL, NULL, NULL, NULL, NULL, NULL, NULL, '0', NULL, NULL, NULL, NULL, NULL, NULL, '0', NULL, NULL, NULL, NULL, NULL, NULL, NULL, NULL, NULL, '0', NULL, NULL, NULL, NULL, NULL, NULL, NULL, '2017-08-07 17:06:16', '2017-08-07 17:06:16', 'ef02236a-4d0f-4882-834f-a72abddd5ce8'),
 ('121', '129', 'en_us', 'Teaching', NULL, NULL, NULL, NULL, NULL, NULL, NULL, NULL, NULL, NULL, '0', NULL, NULL, NULL, NULL, NULL, NULL, '0', NULL, NULL, NULL, NULL, NULL, NULL, NULL, NULL, NULL, '0', NULL, NULL, NULL, NULL, NULL, NULL, NULL, '2017-08-07 17:06:52', '2017-08-07 17:06:52', 'e07e65f8-86cb-48b4-8482-939341dc24eb'),
 ('122', '130', 'en_us', 'Engineering Academy', NULL, NULL, NULL, NULL, NULL, NULL, NULL, NULL, NULL, NULL, '0', NULL, NULL, NULL, NULL, NULL, NULL, '0', NULL, NULL, NULL, NULL, NULL, NULL, NULL, NULL, NULL, '0', NULL, NULL, NULL, NULL, NULL, NULL, NULL, '2017-08-07 17:07:08', '2017-08-07 17:07:08', '6a397929-0fea-4f55-9217-706603a610b3'),
 ('123', '131', 'en_us', 'Eng Man', NULL, NULL, NULL, NULL, NULL, NULL, NULL, NULL, NULL, NULL, '0', NULL, NULL, NULL, NULL, NULL, NULL, '0', NULL, NULL, NULL, NULL, NULL, NULL, NULL, NULL, NULL, '0', NULL, NULL, NULL, NULL, NULL, NULL, NULL, '2017-08-07 17:07:38', '2017-08-07 17:07:38', '84ee9cac-3306-40b1-b776-63b4d4a3bddf'),
 ('124', '132', 'en_us', 'Teaching 3', NULL, NULL, NULL, NULL, NULL, NULL, NULL, NULL, NULL, NULL, '0', NULL, NULL, NULL, NULL, NULL, NULL, '0', NULL, NULL, NULL, NULL, NULL, NULL, NULL, NULL, NULL, '0', NULL, NULL, NULL, NULL, NULL, NULL, NULL, '2017-08-07 17:07:56', '2017-08-07 17:07:56', '1ee0721e-d9d3-47d1-809e-d7b22e0a9289'),
 ('125', '133', 'en_us', '20151208 085642', NULL, NULL, NULL, NULL, NULL, NULL, NULL, NULL, NULL, NULL, '0', NULL, NULL, NULL, NULL, NULL, NULL, '0', NULL, NULL, NULL, NULL, NULL, NULL, NULL, NULL, NULL, '0', NULL, NULL, NULL, NULL, NULL, NULL, NULL, '2017-08-07 17:08:43', '2017-08-07 17:08:43', '2e194724-11ab-4df1-b89a-3be06f759da9'),
 ('126', '134', 'en_us', 'Ele2', NULL, NULL, NULL, NULL, NULL, NULL, NULL, NULL, NULL, NULL, '0', NULL, NULL, NULL, NULL, NULL, NULL, '0', NULL, NULL, NULL, NULL, NULL, NULL, NULL, NULL, NULL, '0', NULL, NULL, NULL, NULL, NULL, NULL, NULL, '2017-08-07 17:08:57', '2017-08-07 17:08:57', '5a77027e-15de-4e15-94bf-88ae31058278'),
 ('128', '136', 'en_us', 'Titko', NULL, NULL, NULL, NULL, NULL, NULL, NULL, NULL, NULL, NULL, '0', NULL, NULL, NULL, NULL, NULL, NULL, '0', NULL, NULL, NULL, NULL, NULL, NULL, NULL, NULL, NULL, '0', NULL, NULL, NULL, NULL, NULL, NULL, NULL, '2017-08-07 17:15:13', '2017-08-07 17:15:13', '4a634735-31ed-48ca-be23-c0bd9077ecf7'),
 ('129', '137', 'en_us', NULL, NULL, NULL, NULL, NULL, NULL, NULL, NULL, NULL, NULL, NULL, '0', NULL, NULL, NULL, NULL, NULL, NULL, '0', NULL, NULL, NULL, NULL, NULL, NULL, NULL, NULL, NULL, '0', NULL, NULL, NULL, NULL, NULL, NULL, NULL, '2017-08-07 17:17:20', '2017-08-07 18:37:52', '361c52cf-ea80-451e-82c4-1b4814fb1053'),
 ('131', '139', 'en_us', 'Doughboy', NULL, NULL, NULL, NULL, NULL, NULL, NULL, NULL, NULL, NULL, '0', NULL, NULL, NULL, NULL, NULL, NULL, '0', NULL, NULL, NULL, NULL, NULL, NULL, NULL, NULL, NULL, '0', NULL, NULL, NULL, NULL, NULL, NULL, NULL, '2017-08-07 17:17:41', '2017-08-07 17:17:41', '38e4bdef-e3fc-4c96-9a11-94ae3b80f984'),
 ('132', '140', 'en_us', 'Kent Roosevelt High School | Career Technical Education', NULL, NULL, NULL, NULL, NULL, NULL, NULL, NULL, NULL, NULL, '0', NULL, NULL, NULL, NULL, NULL, NULL, '0', NULL, NULL, NULL, NULL, NULL, NULL, NULL, NULL, NULL, '0', NULL, NULL, NULL, NULL, NULL, NULL, NULL, '2017-08-09 19:18:12', '2017-08-09 19:18:29', '747ed262-ca5d-4ded-bd76-c489ec93573d'),
 ('133', '141', 'en_us', 'Kent Roosevelt High School | Career Technical Education', NULL, NULL, NULL, NULL, NULL, NULL, NULL, NULL, NULL, NULL, '0', NULL, NULL, NULL, NULL, NULL, NULL, '0', NULL, NULL, NULL, NULL, NULL, NULL, NULL, NULL, NULL, '0', NULL, NULL, NULL, NULL, NULL, NULL, NULL, '2017-08-09 19:18:40', '2017-08-10 03:12:08', '5964a8f5-7333-4d70-bdac-fa63e1165aea'),
 ('134', '142', 'en_us', 'Kent CTE', NULL, NULL, NULL, NULL, NULL, NULL, NULL, NULL, NULL, NULL, '0', NULL, NULL, NULL, NULL, NULL, NULL, '0', NULL, NULL, NULL, NULL, NULL, NULL, NULL, NULL, NULL, '0', NULL, NULL, NULL, NULL, NULL, NULL, NULL, '2017-08-09 19:19:04', '2017-08-09 19:19:14', '930dd141-9658-4ac7-8f95-d184b34ffd64'),
 ('135', '143', 'en_us', 'Kentcte 05', NULL, NULL, NULL, NULL, NULL, NULL, NULL, NULL, NULL, NULL, '0', NULL, NULL, NULL, NULL, NULL, NULL, '0', NULL, NULL, NULL, NULL, NULL, NULL, NULL, NULL, NULL, '0', NULL, NULL, NULL, NULL, NULL, NULL, NULL, '2017-08-09 20:30:24', '2017-08-10 03:13:56', 'c13b2867-79d7-4c4d-a1fe-abe28909541c'),
 ('136', '144', 'en_us', 'Cte White Red Full 08', NULL, NULL, NULL, NULL, NULL, NULL, NULL, NULL, NULL, NULL, '0', NULL, NULL, NULL, NULL, NULL, NULL, '0', NULL, NULL, NULL, NULL, NULL, NULL, NULL, NULL, NULL, '0', NULL, NULL, NULL, NULL, NULL, NULL, NULL, '2017-08-09 20:35:41', '2017-08-09 20:35:41', '5480bb01-6555-415d-98a1-4413ff830b60'),
 ('137', '145', 'en_us', 'Cte White Red Full2 08', NULL, NULL, NULL, NULL, NULL, NULL, NULL, NULL, NULL, NULL, '0', NULL, NULL, NULL, NULL, NULL, NULL, '0', NULL, NULL, NULL, NULL, NULL, NULL, NULL, NULL, NULL, '0', NULL, NULL, NULL, NULL, NULL, NULL, NULL, '2017-08-09 20:36:55', '2017-08-10 03:11:32', 'd2ef03df-cf95-499f-8a57-cbe719d6c97c'),
 ('138', '146', 'en_us', 'Practice', NULL, NULL, NULL, NULL, NULL, NULL, NULL, NULL, NULL, NULL, '0', NULL, NULL, NULL, NULL, NULL, NULL, '0', NULL, NULL, NULL, NULL, NULL, NULL, NULL, NULL, NULL, '0', NULL, NULL, NULL, NULL, NULL, NULL, NULL, '2017-08-09 20:40:52', '2017-08-09 20:40:52', 'fef5dfc9-3384-4c1c-b5f8-4270c0e131e9'),
 ('139', '147', 'en_us', '28', NULL, NULL, NULL, NULL, NULL, NULL, NULL, NULL, NULL, NULL, '0', NULL, NULL, NULL, NULL, NULL, NULL, '0', NULL, NULL, NULL, NULL, NULL, NULL, NULL, NULL, NULL, '0', NULL, NULL, NULL, NULL, NULL, NULL, NULL, '2017-08-10 03:07:36', '2017-08-10 03:07:36', 'f61e59d0-9a16-4af3-9858-9104b3e424cc');
INSERT INTO `craft_content` (`id`, `elementId`, `locale`, `title`, `field_body`, `field_footerTitle`, `field_footerText`, `field_footerAddress`, `field_phoneNumber`, `field_faxNumber`, `field_creditAtKent`, `field_gradeLevel`, `field_school`, `field_length`, `field_applicationLightSwitch`, `field_courseAccessLink`, `field_admissionsText`, `field_admissionsTitle`, `field_dateTime`, `field_emailAddress`, `field_eventDescription`, `field_generalAdmissionsLightSwitch`, `field_news`, `field_pathwayTitle`, `field_welcomeTitle`, `field_generalText`, `field_applicationDeadlines`, `field_admissionsDates`, `field_admissionsCriteria`, `field_welcomeSubtitle`, `field_previewText`, `field_temporaryStaff`, `field_districtPartners`, `field_location`, `field_startEndTime`, `field_endTime`, `field_youtubeVideoLink`, `field_additionalProgramLink`, `field_copyrightText`, `dateCreated`, `dateUpdated`, `uid`) VALUES
 ('143', '151', 'en_us', 'Img 4470', NULL, NULL, NULL, NULL, NULL, NULL, NULL, NULL, NULL, NULL, '0', NULL, NULL, NULL, NULL, NULL, NULL, '0', NULL, NULL, NULL, NULL, NULL, NULL, NULL, NULL, NULL, '0', NULL, NULL, NULL, NULL, NULL, NULL, NULL, '2017-08-10 13:20:18', '2017-08-10 13:20:18', '31199829-eb6c-402a-b822-1393ad4496e7'),
 ('144', '152', 'en_us', 'Story About Marketing Management', '<p>This is the body.</p>', NULL, NULL, NULL, NULL, NULL, NULL, NULL, NULL, NULL, '0', NULL, NULL, NULL, NULL, NULL, NULL, '0', NULL, NULL, NULL, NULL, NULL, NULL, NULL, NULL, '', '0', NULL, NULL, NULL, NULL, NULL, NULL, NULL, '2017-08-10 13:26:51', '2017-09-13 21:09:53', '1b9c3a5a-a382-47b7-afdd-040979357fe1'),
 ('147', '155', 'en_us', 'type 1', NULL, NULL, NULL, NULL, NULL, NULL, NULL, NULL, NULL, NULL, '0', NULL, NULL, NULL, NULL, NULL, NULL, '0', NULL, NULL, NULL, NULL, NULL, NULL, NULL, NULL, NULL, '0', NULL, NULL, NULL, NULL, NULL, NULL, NULL, '2017-08-28 18:52:42', '2017-08-28 18:52:42', '5665d64d-8630-41c2-914f-196f05f0326a'),
 ('148', '156', 'en_us', 'type 2', NULL, NULL, NULL, NULL, NULL, NULL, NULL, NULL, NULL, NULL, '0', NULL, NULL, NULL, NULL, NULL, NULL, '0', NULL, NULL, NULL, NULL, NULL, NULL, NULL, NULL, NULL, '0', NULL, NULL, NULL, NULL, NULL, NULL, NULL, '2017-08-28 18:52:50', '2017-08-28 18:52:50', '36c44455-c932-4e5b-89f8-ca96ea169897'),
 ('149', '157', 'en_us', 'type 3', NULL, NULL, NULL, NULL, NULL, NULL, NULL, NULL, NULL, NULL, '0', NULL, NULL, NULL, NULL, NULL, NULL, '0', NULL, NULL, NULL, NULL, NULL, NULL, NULL, NULL, NULL, '0', NULL, NULL, NULL, NULL, NULL, NULL, NULL, '2017-08-28 18:52:59', '2017-08-28 18:52:59', '3fdabe6c-4626-4b72-ad25-bef79ea0b5ad'),
 ('150', '158', 'en_us', 'Event Two ', NULL, NULL, NULL, NULL, NULL, NULL, NULL, NULL, NULL, NULL, '0', NULL, NULL, NULL, '2017-11-14 05:00:00', NULL, '<p>Brief event description </p>', '0', NULL, NULL, NULL, NULL, NULL, NULL, NULL, NULL, 'Here is the second event', '0', NULL, 'Somewhere', '2017-09-18 23:00:00', '2017-09-19 03:00:00', NULL, NULL, NULL, '2017-08-30 15:16:52', '2017-09-18 22:01:42', '2f3c0ac3-206e-4d26-8d15-7059106fc251'),
 ('151', '159', 'en_us', 'Event Three', NULL, NULL, NULL, NULL, NULL, NULL, NULL, NULL, NULL, NULL, '0', NULL, NULL, NULL, '2017-10-24 04:00:00', NULL, '<p>Event Description</p>', '0', NULL, NULL, NULL, NULL, NULL, NULL, NULL, NULL, 'Preview Text ', '0', NULL, 'Somewhere', '2017-09-18 23:00:00', '2017-09-19 03:00:00', NULL, NULL, NULL, '2017-08-30 15:17:22', '2017-09-18 22:01:50', '45eab9f5-b376-41f8-904a-a3f3838c6ee2'),
 ('152', '160', 'en_us', 'Fourth Event', NULL, NULL, NULL, NULL, NULL, NULL, NULL, NULL, NULL, NULL, '0', NULL, NULL, NULL, '2017-10-20 04:00:00', NULL, '<p>Event Description</p>', '0', NULL, NULL, NULL, NULL, NULL, NULL, NULL, NULL, 'Preview Text', '0', NULL, 'Somewhere', '2017-09-18 06:00:00', '2017-09-18 08:00:00', NULL, NULL, NULL, '2017-08-30 15:18:06', '2017-09-18 22:01:58', 'c48f4a31-f619-45d6-a5bf-8dd27bdf8f70'),
 ('153', '164', 'en_us', 'fdsfsdfds', '<p>fsdfsdfdsf</p>', NULL, NULL, NULL, NULL, NULL, NULL, NULL, NULL, NULL, '0', NULL, NULL, NULL, '2017-09-20 04:00:00', NULL, NULL, '0', NULL, NULL, NULL, NULL, NULL, NULL, NULL, NULL, 'fdfsdfdsfds', '0', NULL, NULL, NULL, NULL, NULL, NULL, NULL, '2017-09-11 21:46:06', '2017-09-11 21:46:06', '199d18d5-e6bc-4c6c-8300-4692011c99a6'),
 ('154', '165', 'en_us', 'dfdsfsdfds', '<p>fdsfdsfds</p>', NULL, NULL, NULL, NULL, NULL, NULL, NULL, NULL, NULL, '0', NULL, NULL, NULL, '2017-09-19 04:00:00', NULL, NULL, '0', NULL, NULL, NULL, NULL, NULL, NULL, NULL, NULL, 'fdsfsdfdsf', '0', NULL, NULL, NULL, NULL, NULL, NULL, NULL, '2017-09-11 21:46:21', '2017-09-11 21:46:21', 'c262d3e6-b532-4bef-a5fb-a9d5c7c2b53c'),
 ('155', '166', 'en_us', 'dfsdfds', '<p>dfsdfsdfds</p>', NULL, NULL, NULL, NULL, NULL, NULL, NULL, NULL, NULL, '0', NULL, NULL, NULL, '2017-09-13 04:00:00', NULL, NULL, '0', NULL, NULL, NULL, NULL, NULL, NULL, NULL, NULL, 'fdfsdfs', '0', NULL, NULL, NULL, NULL, NULL, NULL, NULL, '2017-09-11 21:46:34', '2017-09-11 21:46:34', '6892c1cf-5eb5-4b99-bbb5-5fb45bc563d6'),
 ('156', '167', 'en_us', 'gfhfhf', '<p>gfhfghfghfgh</p>', NULL, NULL, NULL, NULL, NULL, NULL, NULL, NULL, NULL, '0', NULL, NULL, NULL, '2017-09-14 04:00:00', NULL, NULL, '0', NULL, NULL, NULL, NULL, NULL, NULL, NULL, NULL, 'ghhfhfgh', '0', NULL, NULL, NULL, NULL, NULL, NULL, NULL, '2017-09-11 21:46:44', '2017-09-11 21:46:44', 'd4d099a3-9d67-444f-bfe8-4b3012bd4166'),
 ('157', '168', 'en_us', 'ghfghfghgfhf', '<p>ghfghfghgf</p>', NULL, NULL, NULL, NULL, NULL, NULL, NULL, NULL, NULL, '0', NULL, NULL, NULL, '2017-09-12 04:00:00', NULL, NULL, '0', NULL, NULL, NULL, NULL, NULL, NULL, NULL, NULL, 'ghfghfghgfh', '0', NULL, NULL, NULL, NULL, NULL, NULL, NULL, '2017-09-11 21:46:55', '2017-09-11 21:46:55', '798bc6e9-bc37-4960-b6e4-00d589dfe2c2'),
 ('158', '169', 'en_us', 'ghfghfghfghgf', '<p>ghfghfghgfhf</p>', NULL, NULL, NULL, NULL, NULL, NULL, NULL, NULL, NULL, '0', NULL, NULL, NULL, '2017-09-20 04:00:00', NULL, NULL, '0', NULL, NULL, NULL, NULL, NULL, NULL, NULL, NULL, 'hgfhfghfg', '0', NULL, NULL, NULL, NULL, NULL, NULL, NULL, '2017-09-11 21:47:05', '2017-09-11 21:47:05', 'c9f923a5-e399-49fc-bfb6-668ff3f595be'),
 ('159', '170', 'en_us', 'jkjhkhjkhj', '<p>kjhkhjkhjkjhk</p>', NULL, NULL, NULL, NULL, NULL, NULL, NULL, NULL, NULL, '0', NULL, NULL, NULL, '2017-09-05 04:00:00', NULL, NULL, '0', NULL, NULL, NULL, NULL, NULL, NULL, NULL, NULL, 'hjkhjkhjk', '0', NULL, NULL, NULL, NULL, NULL, NULL, NULL, '2017-09-11 21:47:17', '2017-09-11 21:47:17', '77c3d7d6-a900-459d-b7fb-84a533d50e0e'),
 ('160', '171', 'en_us', 'kjhhkhjk', '<p>nvbnhdffgkdsbnyrbtvtbenmo,tfhgh</p>', NULL, NULL, NULL, NULL, NULL, NULL, NULL, NULL, NULL, '0', NULL, NULL, NULL, '2017-09-19 04:00:00', NULL, NULL, '0', NULL, NULL, NULL, NULL, NULL, NULL, NULL, NULL, 'jkjhkhj', '0', NULL, NULL, NULL, NULL, NULL, NULL, NULL, '2017-09-11 21:47:32', '2017-09-11 21:47:32', '96192cba-eaca-4076-9414-5ea5e9dfd12b'),
 ('161', '172', 'en_us', ' nj yklioituerybevbnmn', '<p>ninbyretvg fhjkml,ijureytvgdh fhjgk,loureytvsfg hj.oy,imuyetg</p>', NULL, NULL, NULL, NULL, NULL, NULL, NULL, NULL, NULL, '0', NULL, NULL, NULL, '2017-09-28 04:00:00', NULL, NULL, '0', NULL, NULL, NULL, NULL, NULL, NULL, NULL, NULL, 'bnm,gfrvb ghjh,okjh5e6bw', '0', NULL, NULL, NULL, NULL, NULL, NULL, NULL, '2017-09-11 21:47:45', '2017-09-11 21:47:45', '6052d4c4-26af-4d8d-ad06-b1496afb17a1'),
 ('162', '173', 'en_us', 'vbjnkmmnbrvfcsafvdgbhnjj', '<p>bnmykijbhrd cvmewrvbgm,ulkjhryb nm,miu rth</p>', NULL, NULL, NULL, NULL, NULL, NULL, NULL, NULL, NULL, '0', NULL, NULL, NULL, NULL, NULL, NULL, '0', NULL, NULL, NULL, NULL, NULL, NULL, NULL, NULL, 'bbnm,uplkjtrbh ,luiyrtegvdvbv', '0', NULL, NULL, NULL, NULL, NULL, NULL, NULL, '2017-09-11 21:47:54', '2017-09-18 22:02:46', '36493718-0dcd-48ca-841e-25b0b06691b3'),
 ('163', '174', 'en_us', 'df ghnbdfg bvc ', '<p> fdv bxvc fm</p>', NULL, NULL, NULL, NULL, NULL, NULL, NULL, NULL, NULL, '0', NULL, NULL, NULL, '2017-09-20 04:00:00', NULL, NULL, '0', NULL, NULL, NULL, NULL, NULL, NULL, NULL, NULL, ' gfdbcbvght bgfd', '0', NULL, NULL, NULL, NULL, NULL, NULL, NULL, '2017-09-11 21:48:06', '2017-09-18 22:02:28', 'c19b8d63-1a20-47e4-a4f7-b4b057715235'),
 ('164', '175', 'en_us', ' sddvscads ggces ', '<p> fdsgdsf fdvcngf d m ds</p>', NULL, NULL, NULL, NULL, NULL, NULL, NULL, NULL, NULL, '0', NULL, NULL, NULL, '2017-09-29 04:00:00', NULL, NULL, '0', NULL, NULL, NULL, NULL, NULL, NULL, NULL, NULL, 'ddsf dhbvsaf sdfs', '0', NULL, NULL, NULL, NULL, NULL, NULL, NULL, '2017-09-11 21:48:44', '2017-11-10 19:11:29', '81c0ea03-8e5a-4587-bdb7-f44b5d4064e7'),
 ('167', '187', 'en_us', 'news 1', NULL, NULL, NULL, NULL, NULL, NULL, NULL, NULL, NULL, NULL, '0', NULL, NULL, NULL, NULL, NULL, NULL, '0', NULL, NULL, NULL, NULL, NULL, NULL, NULL, NULL, NULL, '0', NULL, NULL, NULL, NULL, NULL, NULL, NULL, '2017-09-18 21:17:15', '2017-09-18 21:17:15', '218439b5-56de-4344-961a-aad2a4384d56'),
 ('168', '188', 'en_us', 'news 2', NULL, NULL, NULL, NULL, NULL, NULL, NULL, NULL, NULL, NULL, '0', NULL, NULL, NULL, NULL, NULL, NULL, '0', NULL, NULL, NULL, NULL, NULL, NULL, NULL, NULL, NULL, '0', NULL, NULL, NULL, NULL, NULL, NULL, NULL, '2017-09-18 21:17:26', '2017-09-18 21:17:26', '4bb6cba1-d152-48de-bd7b-dd4b807cb1a3'),
 ('169', '189', 'en_us', 'news 3', NULL, NULL, NULL, NULL, NULL, NULL, NULL, NULL, NULL, NULL, '0', NULL, NULL, NULL, NULL, NULL, NULL, '0', NULL, NULL, NULL, NULL, NULL, NULL, NULL, NULL, NULL, '0', NULL, NULL, NULL, NULL, NULL, NULL, NULL, '2017-09-18 21:17:34', '2017-09-18 21:17:34', '23a19685-2759-460a-a592-a5d6b6791cb4'),
 ('170', '194', 'en_us', '2013 12 10 13 55 53', NULL, NULL, NULL, NULL, NULL, NULL, NULL, NULL, NULL, NULL, '0', NULL, NULL, NULL, NULL, NULL, NULL, '0', NULL, NULL, NULL, NULL, NULL, NULL, NULL, NULL, NULL, '0', NULL, NULL, NULL, NULL, NULL, NULL, NULL, '2017-10-25 21:09:45', '2017-10-25 21:10:03', '0cbb5bb0-b2cc-4006-8bc6-a445bcb0d556'),
 ('171', '195', 'en_us', '2014 10 14 12 29 15', NULL, NULL, NULL, NULL, NULL, NULL, NULL, NULL, NULL, NULL, '0', NULL, NULL, NULL, NULL, NULL, NULL, '0', NULL, NULL, NULL, NULL, NULL, NULL, NULL, NULL, NULL, '0', NULL, NULL, NULL, NULL, NULL, NULL, NULL, '2017-10-25 21:09:52', '2017-10-25 21:09:52', '4d2f395d-5538-45e2-b391-fd05dc0d8705'),
 ('173', '197', 'en_us', 'Ahcf1C', NULL, NULL, NULL, NULL, NULL, NULL, NULL, NULL, NULL, NULL, '0', NULL, NULL, NULL, NULL, NULL, NULL, '0', NULL, NULL, NULL, NULL, NULL, NULL, NULL, NULL, NULL, '0', NULL, NULL, NULL, NULL, NULL, NULL, NULL, '2017-10-25 21:10:15', '2017-10-25 21:10:15', 'e90cc667-82c1-4484-a98e-0d9b9a157f5d'),
 ('174', '198', 'en_us', 'Ahcf2', NULL, NULL, NULL, NULL, NULL, NULL, NULL, NULL, NULL, NULL, '0', NULL, NULL, NULL, NULL, NULL, NULL, '0', NULL, NULL, NULL, NULL, NULL, NULL, NULL, NULL, NULL, '0', NULL, NULL, NULL, NULL, NULL, NULL, NULL, '2017-10-25 21:10:21', '2017-10-25 21:10:21', '07d28a38-dd6c-4a3c-a2ce-462bfe0c60e8'),
 ('175', '199', 'en_us', 'Hct 3', NULL, NULL, NULL, NULL, NULL, NULL, NULL, NULL, NULL, NULL, '0', NULL, NULL, NULL, NULL, NULL, NULL, '0', NULL, NULL, NULL, NULL, NULL, NULL, NULL, NULL, NULL, '0', NULL, NULL, NULL, NULL, NULL, NULL, NULL, '2017-10-25 21:10:28', '2017-10-25 21:10:28', '32df3e9a-76ab-432d-80dc-1fa5ad7f27b0'),
 ('176', '200', 'en_us', 'Hct 1', NULL, NULL, NULL, NULL, NULL, NULL, NULL, NULL, NULL, NULL, '0', NULL, NULL, NULL, NULL, NULL, NULL, '0', NULL, NULL, NULL, NULL, NULL, NULL, NULL, NULL, NULL, '0', NULL, NULL, NULL, NULL, NULL, NULL, NULL, '2017-10-25 21:10:35', '2017-10-25 21:10:35', '67fb73ee-cc6c-4e33-89ec-c0e67fbe5441'),
 ('177', '201', 'en_us', '20160114 084112', NULL, NULL, NULL, NULL, NULL, NULL, NULL, NULL, NULL, NULL, '0', NULL, NULL, NULL, NULL, NULL, NULL, '0', NULL, NULL, NULL, NULL, NULL, NULL, NULL, NULL, NULL, '0', NULL, NULL, NULL, NULL, NULL, NULL, NULL, '2017-10-25 21:10:43', '2017-10-25 21:10:43', '943a6422-ce78-4527-84c2-11897b1532d4'),
 ('178', '207', 'en_us', NULL, NULL, NULL, NULL, NULL, NULL, NULL, NULL, NULL, NULL, NULL, '0', NULL, NULL, NULL, NULL, NULL, NULL, '0', NULL, NULL, NULL, NULL, NULL, NULL, NULL, NULL, NULL, '0', NULL, NULL, NULL, NULL, NULL, NULL, NULL, '2017-11-06 19:42:52', '2017-11-06 19:43:40', 'b250aa36-ea28-4d25-8c3e-f46a93c0cb30');



DROP TABLE IF EXISTS `craft_deprecationerrors`;


--
-- Schema for table `craft_deprecationerrors`
--
CREATE TABLE `craft_deprecationerrors` (
  `id` int(11) NOT NULL AUTO_INCREMENT,
  `key` varchar(255) COLLATE utf8_unicode_ci NOT NULL,
  `fingerprint` varchar(255) COLLATE utf8_unicode_ci NOT NULL,
  `lastOccurrence` datetime NOT NULL,
  `file` varchar(255) COLLATE utf8_unicode_ci NOT NULL,
  `line` smallint(6) unsigned NOT NULL,
  `class` varchar(255) COLLATE utf8_unicode_ci DEFAULT NULL,
  `method` varchar(255) COLLATE utf8_unicode_ci DEFAULT NULL,
  `template` varchar(255) COLLATE utf8_unicode_ci DEFAULT NULL,
  `templateLine` smallint(6) unsigned DEFAULT NULL,
  `message` varchar(255) COLLATE utf8_unicode_ci DEFAULT NULL,
  `traces` text COLLATE utf8_unicode_ci,
  `dateCreated` datetime NOT NULL,
  `dateUpdated` datetime NOT NULL,
  `uid` char(36) COLLATE utf8_unicode_ci NOT NULL DEFAULT '0',
  PRIMARY KEY (`id`),
  UNIQUE KEY `craft_deprecationerrors_key_fingerprint_unq_idx` (`key`,`fingerprint`)
) ENGINE=InnoDB DEFAULT CHARSET=utf8 COLLATE=utf8_unicode_ci;

DROP TABLE IF EXISTS `craft_elementindexsettings`;


--
-- Schema for table `craft_elementindexsettings`
--
CREATE TABLE `craft_elementindexsettings` (
  `id` int(11) NOT NULL AUTO_INCREMENT,
  `type` varchar(150) COLLATE utf8_unicode_ci NOT NULL,
  `settings` text COLLATE utf8_unicode_ci,
  `dateCreated` datetime NOT NULL,
  `dateUpdated` datetime NOT NULL,
  `uid` char(36) COLLATE utf8_unicode_ci NOT NULL DEFAULT '0',
  PRIMARY KEY (`id`),
  UNIQUE KEY `craft_elementindexsettings_type_unq_idx` (`type`)
) ENGINE=InnoDB AUTO_INCREMENT=2 DEFAULT CHARSET=utf8 COLLATE=utf8_unicode_ci;

--
-- Data for table `craft_elementindexsettings`
--

INSERT INTO `craft_elementindexsettings` (`id`, `type`, `settings`, `dateCreated`, `dateUpdated`, `uid`) VALUES
 ('1', 'Entry', '{\"sources\":{\"section:4\":{\"tableAttributes\":{\"1\":\"postDate\",\"2\":\"link\",\"3\":\"field:38\",\"4\":\"field:21\"}},\"section:3\":{\"tableAttributes\":{\"1\":\"postDate\",\"2\":\"link\",\"3\":\"field:38\"}}}}', '2017-04-20 15:01:35', '2017-05-10 16:45:33', 'f15540d8-56fe-49e5-b4b8-a89aae9d2b21');



DROP TABLE IF EXISTS `craft_elements`;


--
-- Schema for table `craft_elements`
--
CREATE TABLE `craft_elements` (
  `id` int(11) NOT NULL AUTO_INCREMENT,
  `type` varchar(150) COLLATE utf8_unicode_ci NOT NULL,
  `enabled` tinyint(1) unsigned NOT NULL DEFAULT '1',
  `archived` tinyint(1) unsigned NOT NULL DEFAULT '0',
  `dateCreated` datetime NOT NULL,
  `dateUpdated` datetime NOT NULL,
  `uid` char(36) COLLATE utf8_unicode_ci NOT NULL DEFAULT '0',
  PRIMARY KEY (`id`),
  KEY `craft_elements_type_idx` (`type`),
  KEY `craft_elements_enabled_idx` (`enabled`),
  KEY `craft_elements_archived_dateCreated_idx` (`archived`,`dateCreated`)
) ENGINE=InnoDB AUTO_INCREMENT=208 DEFAULT CHARSET=utf8 COLLATE=utf8_unicode_ci;

--
-- Data for table `craft_elements`
--

INSERT INTO `craft_elements` (`id`, `type`, `enabled`, `archived`, `dateCreated`, `dateUpdated`, `uid`) VALUES
 ('1', 'User', '1', '0', '2017-04-18 15:33:01', '2017-05-10 16:34:40', 'fddb6975-fe28-4e3e-98fa-9128d3b688cd'),
 ('2', 'Entry', '1', '0', '2017-04-18 15:33:03', '2017-09-04 21:24:42', '07ab81b0-4d6c-4d61-b6ef-5bee4e10d3e5'),
 ('3', 'Entry', '1', '0', '2017-04-18 15:33:03', '2017-09-04 18:16:17', 'cff5e0dc-37d7-4b5f-a5af-34500fe88eae'),
 ('4', 'Entry', '1', '0', '2017-04-20 13:30:32', '2017-10-23 22:11:36', '2f0fda3f-8bef-4ee2-bdac-65ef5c095ddb'),
 ('5', 'Entry', '1', '0', '2017-04-20 13:30:45', '2017-08-10 15:34:57', 'ab338250-ecb2-4fac-9e0d-f6929361cb8b'),
 ('6', 'Entry', '1', '0', '2017-04-20 13:31:02', '2017-08-17 17:31:22', '2b9c5cdc-39c2-4319-a92c-eac90ba69c14'),
 ('7', 'GlobalSet', '1', '0', '2017-04-20 13:46:52', '2017-10-04 20:44:36', '32dc8eca-8035-4dea-99c0-69d46854e02b'),
 ('8', 'GlobalSet', '1', '0', '2017-04-20 13:46:56', '2017-11-02 21:40:17', '85a3a7e5-5b4b-4bef-8f18-b13a0b3971bb'),
 ('9', 'Entry', '1', '0', '2017-04-20 14:32:28', '2017-10-23 18:30:48', '3a26e087-07a9-47e1-99a0-6d974d438125'),
 ('35', 'Entry', '1', '0', '2017-04-27 14:59:34', '2017-11-03 18:01:50', '72ec36c8-a205-4fc3-8f5d-94820cd8fa01'),
 ('36', 'Asset', '1', '0', '2017-05-02 13:37:27', '2017-05-02 13:37:27', '88106698-c6d9-4d67-b329-347aeba08357'),
 ('37', 'Entry', '1', '0', '2017-05-02 13:50:46', '2017-09-08 16:16:52', 'a5b48b18-e535-4934-b220-a1c573def176'),
 ('38', 'Asset', '1', '0', '2017-05-02 14:52:59', '2017-05-02 14:52:59', '8d05e25c-80ca-4969-b5a2-5139a472c28b'),
 ('43', 'MatrixBlock', '1', '0', '2017-05-04 14:25:04', '2017-10-23 18:30:49', 'b9684796-13a3-4993-81ee-00878b3bada6'),
 ('44', 'MatrixBlock', '1', '0', '2017-05-04 14:25:04', '2017-10-23 18:30:49', '3d959fc0-c212-434d-942c-abce7763aa9b'),
 ('50', 'Category', '1', '0', '2017-05-05 14:09:25', '2017-08-10 13:33:08', '6b446fbc-cedc-491c-9107-745004be68fd'),
 ('51', 'Entry', '1', '0', '2017-05-05 14:12:39', '2017-07-05 16:44:27', '2d22728b-455c-4376-864b-6fe9a1d4c67d'),
 ('52', 'Entry', '1', '0', '2017-05-10 15:28:24', '2017-09-18 22:01:32', '815a69e4-7f02-43c5-b81d-c6c3b1304d81'),
 ('53', 'Category', '1', '0', '2017-05-10 16:16:16', '2017-09-13 21:54:26', '5874616c-8e9a-4df9-9bd3-c72baf51c45d'),
 ('54', 'Category', '1', '0', '2017-05-10 16:16:24', '2017-09-13 21:54:37', '67a9ca5a-ad43-4da9-937d-396781a152b8'),
 ('55', 'Category', '1', '0', '2017-05-10 16:16:31', '2017-08-10 15:18:52', '8ffcc064-e1ae-4987-9448-5f105c5548d4'),
 ('56', 'Category', '1', '0', '2017-05-10 16:16:41', '2017-08-28 19:41:54', '673dd746-8959-4940-9c93-d4d5c969cfb3'),
 ('57', 'Category', '1', '0', '2017-05-10 16:16:51', '2017-08-28 19:42:22', '60966360-e61b-47b5-8dea-9554cbd567cb'),
 ('58', 'Category', '1', '0', '2017-05-10 16:16:58', '2017-08-10 16:22:45', 'da3919d4-6150-4c45-a642-1061afc595ad'),
 ('59', 'Category', '1', '0', '2017-05-10 16:17:09', '2017-08-28 19:42:39', '948f841c-a1a0-4846-b9d6-e2d1acaada21'),
 ('60', 'Entry', '1', '0', '2017-05-10 16:18:30', '2017-08-07 17:10:56', '18d29b5b-4057-4e17-a67b-4647cb72f69c'),
 ('62', 'Entry', '1', '0', '2017-05-10 16:19:00', '2017-08-28 19:41:00', 'db44bb85-2573-4203-8526-7e98724d1bee'),
 ('63', 'Entry', '1', '0', '2017-05-10 16:19:20', '2017-08-07 17:09:19', '38cf747d-91a3-4649-bb5f-f3d2c1dee3ff'),
 ('64', 'Entry', '1', '0', '2017-05-10 16:19:43', '2017-08-07 17:08:24', '19718d26-b155-4bd7-a21f-134b0a01f854'),
 ('65', 'Entry', '1', '0', '2017-05-10 16:20:53', '2017-08-07 17:07:59', '5db92fc3-bb94-4ab1-a7fd-661a0a9579fd'),
 ('66', 'Entry', '1', '0', '2017-05-10 16:21:20', '2017-08-07 17:09:35', '1677732e-978b-4a26-b28b-8e813cc30068'),
 ('67', 'Entry', '1', '0', '2017-05-10 16:21:42', '2017-08-07 17:09:24', 'b734d5ec-02f2-4e89-9f23-5f47dc432509'),
 ('68', 'Entry', '1', '0', '2017-05-10 16:22:06', '2017-08-07 17:07:11', '2d01b0bb-6136-431b-8329-51d3e2fc61b3'),
 ('69', 'Entry', '1', '0', '2017-05-10 16:22:32', '2017-08-07 17:10:37', 'fa7d37d5-afd6-4bff-93b3-2396ae67d90e'),
 ('70', 'Entry', '1', '0', '2017-05-10 16:22:54', '2017-08-07 17:07:21', '6014d575-82e1-4094-8473-95e841ecb9a0'),
 ('71', 'Entry', '1', '0', '2017-05-10 16:23:20', '2017-10-25 21:10:47', 'e64c7414-533f-4d43-a995-2d31131af9ee'),
 ('72', 'Entry', '1', '0', '2017-05-10 16:24:25', '2017-07-05 17:03:29', '8dfc2ecc-e932-4b1c-89ef-4948930110b8'),
 ('73', 'Entry', '1', '0', '2017-05-10 16:24:57', '2017-07-05 17:03:29', 'fb5cb2a1-f56f-4d9f-b632-fbb21f07fcd5'),
 ('75', 'Entry', '1', '0', '2017-05-10 16:42:37', '2017-07-05 17:03:29', '719db68a-4344-4954-9928-1516da7875c4'),
 ('76', 'Entry', '1', '0', '2017-05-10 16:43:18', '2017-07-05 17:03:29', 'f23cd996-0d13-4093-bf4f-49eae4755131'),
 ('77', 'Entry', '1', '0', '2017-05-10 16:43:40', '2017-07-05 17:03:29', '3b7289fb-319e-4200-943d-aacef8da868a'),
 ('78', 'Entry', '1', '0', '2017-05-10 16:44:07', '2017-07-05 17:03:29', 'bead79c2-5cce-4e52-b60e-1154130f1589'),
 ('79', 'Entry', '1', '0', '2017-05-10 16:44:30', '2017-07-05 17:03:29', '43d334b6-7b93-43d5-aa22-cb83cb1dfd61'),
 ('80', 'Entry', '1', '0', '2017-05-10 16:44:52', '2017-07-05 17:03:29', '49f6e37e-2c5b-4a95-acf2-106bc4bcfe91'),
 ('81', 'Entry', '1', '0', '2017-05-10 16:45:26', '2017-07-05 17:03:29', '32da49a0-2709-4d9b-b4b2-1a4c190d09b7'),
 ('82', 'Entry', '1', '0', '2017-05-10 16:46:11', '2017-07-05 17:03:29', '34d5dc82-229f-4652-a660-9f8d8314500c'),
 ('83', 'Entry', '1', '0', '2017-05-10 16:46:52', '2017-07-05 17:03:29', 'a4945760-9272-46f4-a05d-8f72db4d0904'),
 ('84', 'Entry', '1', '0', '2017-05-10 16:47:12', '2017-07-05 17:03:29', '8240c403-187d-4169-b5ae-c60930421413'),
 ('86', 'Entry', '1', '0', '2017-05-10 16:47:53', '2017-07-05 17:03:29', '3ea1d4f4-a686-4191-96d4-ff2e7a2e04d4'),
 ('87', 'Entry', '1', '0', '2017-05-10 16:48:16', '2017-07-05 17:03:29', '23ffb338-b478-4b72-a119-d0f162c3e956'),
 ('88', 'Entry', '1', '0', '2017-05-10 16:48:36', '2017-07-05 17:03:29', '9971bbf7-eac4-4afd-9784-7efaeae74277'),
 ('89', 'Asset', '1', '0', '2017-06-07 15:23:22', '2017-06-07 15:23:22', '308f3309-4bb9-4b2d-8665-18a1fc6596c6'),
 ('90', 'Asset', '1', '0', '2017-06-07 15:54:36', '2017-06-07 15:54:36', '7648bfcf-85f5-471c-aa3e-98668b0faaf5'),
 ('91', 'Entry', '1', '0', '2017-06-07 15:54:56', '2017-08-07 17:15:56', 'ff81d21b-bb65-43c6-9433-177e3eb818cd'),
 ('92', 'GlobalSet', '1', '0', '2017-06-19 15:33:20', '2017-06-19 15:33:39', '9cfef6d5-a9f7-45fb-a09a-f284d9ed48e0'),
 ('93', 'Entry', '1', '0', '2017-06-27 16:51:09', '2017-10-23 22:06:38', '05e178fa-81b8-44fe-95f0-3d60821afd2e'),
 ('94', 'Asset', '1', '0', '2017-06-27 17:31:53', '2017-06-27 17:31:53', 'afccff54-1835-4b80-8e3c-d66ae207939c'),
 ('95', 'Asset', '1', '0', '2017-06-27 17:33:32', '2017-06-27 17:33:32', '9847b10f-e40a-4ba3-8534-1b19c0cfa7c1'),
 ('96', 'Entry', '1', '0', '2017-06-27 17:33:59', '2017-08-07 17:16:04', '47899e98-b954-4d9c-b9cc-06d72b8ae4db'),
 ('97', 'Asset', '1', '0', '2017-06-27 19:20:39', '2017-06-28 19:58:49', 'f4e25d74-eb15-4ed0-a4f4-b9e9124eff8a'),
 ('99', 'Entry', '1', '0', '2017-07-05 16:31:38', '2017-09-25 18:43:19', '6c32b437-3dca-4c2f-81a4-e15a7ecc4059'),
 ('100', 'Entry', '1', '0', '2017-07-05 16:32:18', '2017-08-07 17:15:44', '1831fd28-4d5f-4e2b-9bf1-a0edce04dae4'),
 ('101', 'Entry', '1', '0', '2017-07-05 16:33:25', '2017-08-07 17:15:36', '49213c10-12b6-4b47-9bca-df7e3a966df7'),
 ('102', 'Entry', '1', '0', '2017-07-05 16:34:01', '2017-08-07 17:15:16', '911033e2-6847-45e9-a549-3aa0c7626ce4'),
 ('103', 'Entry', '1', '0', '2017-07-05 16:34:30', '2017-08-07 17:15:23', 'eb55c1d1-1d05-496f-ac2a-377d6c55e525'),
 ('104', 'Entry', '1', '0', '2017-07-05 16:34:58', '2017-08-07 17:15:30', 'f360d95b-a23d-4751-a9fe-03084f1297b4'),
 ('105', 'Entry', '1', '0', '2017-07-05 16:35:31', '2017-08-07 17:14:46', 'ef06cc7d-beba-4b15-8949-6466694d2b73'),
 ('106', 'Entry', '1', '0', '2017-07-05 16:36:14', '2017-08-07 17:14:36', '3faa2389-8241-42db-bf91-b1e1796d6a63'),
 ('107', 'Entry', '1', '0', '2017-07-05 16:36:43', '2017-08-07 17:14:40', '41d69abc-bf56-4724-a48b-17ac179404e4'),
 ('108', 'Entry', '1', '0', '2017-07-05 16:37:29', '2017-08-07 17:14:20', '7c13628c-93b6-45c4-85a8-81f7d65445b8'),
 ('109', 'Entry', '1', '0', '2017-07-05 16:37:59', '2017-08-07 17:14:25', '5335f29b-fbb9-4588-914a-da7ae6fb3840'),
 ('110', 'Entry', '1', '0', '2017-07-05 16:38:39', '2017-08-07 17:14:16', '3422edb0-549f-4662-accd-a35d3b62821a'),
 ('111', 'Entry', '1', '0', '2017-07-05 16:39:03', '2017-07-05 16:39:03', 'b6d46b2e-c9ea-4d3a-9836-a6d30126ce71'),
 ('112', 'Entry', '1', '0', '2017-07-05 16:39:33', '2017-08-07 17:14:10', '8017aecd-ade5-4dc5-b350-acf4b8320a93'),
 ('113', 'Entry', '1', '0', '2017-07-05 16:40:12', '2017-08-07 17:14:06', 'bee53c99-12ea-481d-8ebc-40e2ac6e72bc'),
 ('114', 'Entry', '1', '0', '2017-07-05 16:41:31', '2017-08-07 17:14:01', '52a197b2-9552-44da-a265-12aed154c600'),
 ('115', 'Entry', '1', '0', '2017-07-05 16:42:27', '2017-07-05 16:42:27', '7e16f3c6-ba7f-4c21-9481-3be999306c64'),
 ('116', 'Entry', '1', '0', '2017-07-05 16:42:56', '2017-08-07 17:13:57', '475994be-a016-4cd9-9703-c350de08e8ec'),
 ('117', 'Entry', '1', '0', '2017-07-05 16:43:26', '2017-11-02 22:41:27', '2a25d417-2daa-4ab0-b582-7d99588762f2'),
 ('118', 'Entry', '1', '0', '2017-07-05 16:43:53', '2017-08-07 17:13:52', '24996706-fe86-4f9b-90ab-5eceb0163256'),
 ('120', 'Category', '1', '0', '2017-08-07 14:12:03', '2017-08-10 13:33:23', '89314176-6576-4bce-9e77-086aaa55ed94'),
 ('121', 'Asset', '1', '0', '2017-08-07 14:28:52', '2017-08-07 14:28:52', '3591a432-c2e7-47b1-8c82-98c35c39c149'),
 ('122', 'Asset', '1', '0', '2017-08-07 14:32:04', '2017-08-07 14:32:04', 'f668e0ab-81e6-4b8e-ac10-0eca0c35b07c'),
 ('124', 'Asset', '1', '0', '2017-08-07 16:53:01', '2017-08-07 16:53:01', '478bf972-805b-4d33-82de-0378d1d30218'),
 ('128', 'Asset', '1', '0', '2017-08-07 17:06:16', '2017-08-07 17:06:16', '4458853e-464b-424e-b604-e54f3e1d6604'),
 ('129', 'Asset', '1', '0', '2017-08-07 17:06:52', '2017-08-07 17:06:52', '7f792ce3-2627-4cc4-9a2f-fe03ad303141'),
 ('130', 'Asset', '1', '0', '2017-08-07 17:07:08', '2017-08-07 17:07:08', 'c01f58ae-d0f3-44b8-b223-07414c7109a1'),
 ('131', 'Asset', '1', '0', '2017-08-07 17:07:38', '2017-08-07 17:07:38', 'a8900166-8d6f-40df-80eb-76868d2fc54f'),
 ('132', 'Asset', '1', '0', '2017-08-07 17:07:56', '2017-08-07 17:07:56', '6f2e9301-5e91-491a-93f1-245c135b3088'),
 ('133', 'Asset', '1', '0', '2017-08-07 17:08:43', '2017-08-07 17:08:43', '4aa1fdb5-3057-4e00-9121-7f6b6b4354b4'),
 ('134', 'Asset', '1', '0', '2017-08-07 17:08:57', '2017-08-07 17:08:57', '2d05089f-83a8-42d7-8619-fb66dcbc3615'),
 ('136', 'Asset', '1', '0', '2017-08-07 17:15:13', '2017-08-07 17:15:13', '66520461-78d1-4185-837d-b117c623c88e'),
 ('137', 'GlobalSet', '1', '0', '2017-08-07 17:17:20', '2017-08-07 18:37:52', 'c595e5e3-ac5f-48d6-ac3d-98ee055769ca'),
 ('139', 'Asset', '1', '0', '2017-08-07 17:17:41', '2017-08-07 17:17:41', '06594b4b-82e0-44b7-acb7-bcbc1cc819fe'),
 ('140', 'Asset', '1', '0', '2017-08-09 19:18:12', '2017-08-09 19:18:29', 'faed95df-1ce5-4f9a-ba38-5ee3c5f76178'),
 ('141', 'Asset', '1', '0', '2017-08-09 19:18:40', '2017-08-10 03:12:08', '80790b53-6518-4e56-b899-d247e3650275'),
 ('142', 'Asset', '1', '0', '2017-08-09 19:19:04', '2017-08-09 19:19:14', 'faca8f93-b5e8-4aca-8f9c-51113fe0e4a6'),
 ('143', 'Asset', '1', '0', '2017-08-09 20:30:24', '2017-08-10 03:13:56', '20a10974-9d75-4d00-afe6-a7a37e05c61d'),
 ('144', 'Asset', '1', '0', '2017-08-09 20:35:41', '2017-08-09 20:35:41', '02513963-2687-4bd6-802d-7b6787b7ecab'),
 ('145', 'Asset', '1', '0', '2017-08-09 20:36:55', '2017-08-10 03:11:32', '8a0b0807-fe37-4099-bd56-a1099a29b070');
INSERT INTO `craft_elements` (`id`, `type`, `enabled`, `archived`, `dateCreated`, `dateUpdated`, `uid`) VALUES
 ('146', 'Asset', '1', '0', '2017-08-09 20:40:52', '2017-08-09 20:40:52', '032d1b07-c227-42a1-920a-cc1c6ae2569e'),
 ('147', 'Asset', '1', '0', '2017-08-10 03:07:36', '2017-08-10 03:07:36', '5b988ab9-f5a9-423d-bff0-53139d7fc05c'),
 ('151', 'Asset', '1', '0', '2017-08-10 13:20:18', '2017-08-10 13:20:18', '3696de75-a62b-4d1f-a9f9-6bd2f7270f72'),
 ('152', 'Entry', '1', '0', '2017-08-10 13:26:51', '2017-09-13 21:09:53', '73ff7c20-1d3b-4cee-a5c7-9f36fb8f7318'),
 ('155', 'Category', '1', '0', '2017-08-28 18:52:42', '2017-08-28 18:52:42', 'a2af588a-7307-46b6-88a6-3b980ca5aac4'),
 ('156', 'Category', '1', '0', '2017-08-28 18:52:50', '2017-08-28 18:52:50', '3fdb3217-afe3-4b56-a48b-f70c85bd32a7'),
 ('157', 'Category', '1', '0', '2017-08-28 18:52:59', '2017-08-28 18:52:59', '4037a76e-f83e-4e1a-8c3a-e794aa871501'),
 ('158', 'Entry', '1', '0', '2017-08-30 15:16:52', '2017-09-18 22:01:42', 'becf5c0c-7397-485d-8bff-69c070d44bdb'),
 ('159', 'Entry', '1', '0', '2017-08-30 15:17:22', '2017-09-18 22:01:50', '3a79c47a-8672-4eeb-b43e-b5de5e9b640d'),
 ('160', 'Entry', '1', '0', '2017-08-30 15:18:06', '2017-09-18 22:01:58', 'b404d1d5-6898-485c-a080-4d0a73efe20e'),
 ('161', 'MatrixBlock', '1', '0', '2017-09-04 16:49:37', '2017-11-03 18:01:50', '55a4c560-0813-4428-9b6f-e24ac45823b5'),
 ('162', 'MatrixBlock', '1', '0', '2017-09-04 16:49:37', '2017-11-03 18:01:50', 'fbc51923-b1a0-44ff-9daa-0cc59ed23450'),
 ('163', 'MatrixBlock', '1', '0', '2017-09-04 16:49:37', '2017-11-03 18:01:50', 'ff8e7c7d-b5ea-4d34-85ad-5e6ca186c917'),
 ('164', 'Entry', '1', '0', '2017-09-11 21:46:06', '2017-09-11 21:46:06', '2c1a78a7-184b-4353-943d-bbac65306ff4'),
 ('165', 'Entry', '1', '0', '2017-09-11 21:46:21', '2017-09-11 21:46:21', '98d695e8-9f3c-4d1f-828a-603dfe91a2b6'),
 ('166', 'Entry', '1', '0', '2017-09-11 21:46:34', '2017-09-11 21:46:34', '33041ec6-26dc-4112-b3c5-e86ac7df1fef'),
 ('167', 'Entry', '1', '0', '2017-09-11 21:46:44', '2017-09-11 21:46:44', '6ae07a92-2c85-4b08-a2c8-fd887f6128f1'),
 ('168', 'Entry', '1', '0', '2017-09-11 21:46:55', '2017-09-11 21:46:55', '13d40aea-1fa9-45cd-908d-94c1bbf8c713'),
 ('169', 'Entry', '1', '0', '2017-09-11 21:47:05', '2017-09-11 21:47:05', '269f41c2-b613-4b2f-80da-1c769a406220'),
 ('170', 'Entry', '1', '0', '2017-09-11 21:47:17', '2017-09-11 21:47:17', 'faca6c13-96d1-49d6-ae5d-cd74c27202a2'),
 ('171', 'Entry', '1', '0', '2017-09-11 21:47:32', '2017-09-11 21:47:32', '01b33326-bc52-46d6-bef6-6d407c109b04'),
 ('172', 'Entry', '1', '0', '2017-09-11 21:47:45', '2017-09-11 21:47:45', '9e10cea2-384f-40cb-b999-e2d36de0d4d3'),
 ('173', 'Entry', '1', '0', '2017-09-11 21:47:54', '2017-09-18 22:02:46', '272d4c9f-f7eb-47fe-ac63-3faa6b91a5ce'),
 ('174', 'Entry', '1', '0', '2017-09-11 21:48:06', '2017-09-18 22:02:28', '9ac3d6c9-973f-46e5-add3-e51c762d0e16'),
 ('175', 'Entry', '1', '0', '2017-09-11 21:48:44', '2017-11-10 19:11:29', 'd939b70f-9158-4274-868d-a170587c77d9'),
 ('178', 'MatrixBlock', '1', '0', '2017-09-18 19:41:11', '2017-11-02 21:40:17', '799cfff9-e8f9-41c2-917e-c7355dffa319'),
 ('179', 'MatrixBlock', '1', '0', '2017-09-18 19:41:11', '2017-11-02 21:40:17', '7aa93c21-58f1-4a9b-b9d1-ab9c2df2d378'),
 ('180', 'MatrixBlock', '1', '0', '2017-09-18 19:41:11', '2017-11-02 21:40:17', 'a886dd17-0b91-492c-8ef0-778c6eaee3a8'),
 ('181', 'MatrixBlock', '1', '0', '2017-09-18 19:41:11', '2017-11-02 21:40:17', '017e3303-2fac-4238-8fd8-df8ca105cc96'),
 ('182', 'MatrixBlock', '1', '0', '2017-09-18 19:41:11', '2017-11-02 21:40:17', 'e297efc7-f643-4a1c-967f-ee304c0663c3'),
 ('183', 'MatrixBlock', '1', '0', '2017-09-18 19:41:11', '2017-11-02 21:40:17', 'b30e9265-309d-4578-b651-5a1f57a9e5bf'),
 ('184', 'MatrixBlock', '1', '0', '2017-09-18 19:41:11', '2017-11-02 21:40:17', 'fb0c3f81-04c3-430c-9ef3-7210d823ff11'),
 ('185', 'MatrixBlock', '1', '0', '2017-09-18 19:41:11', '2017-11-02 21:40:17', '239d4166-f302-4d5f-bfd4-de1195adc1c9'),
 ('186', 'MatrixBlock', '1', '0', '2017-09-18 19:41:11', '2017-11-02 21:40:17', '904c4bb9-180a-4c7a-99f9-087069740edd'),
 ('187', 'Category', '1', '0', '2017-09-18 21:17:15', '2017-09-18 21:17:15', 'c2a450f0-52d0-4a1c-9415-e9ff3969d29d'),
 ('188', 'Category', '1', '0', '2017-09-18 21:17:26', '2017-09-18 21:17:26', '4e8f859b-8f5f-48ed-9977-fa63179be9f3'),
 ('189', 'Category', '1', '0', '2017-09-18 21:17:34', '2017-09-18 21:17:34', 'a8be33e5-c426-4868-860d-fe1fe3df3cc5'),
 ('190', 'MatrixBlock', '1', '0', '2017-10-16 20:27:39', '2017-10-25 21:10:47', '1634579a-f072-45cd-9288-4e21fbbce002'),
 ('191', 'MatrixBlock', '1', '0', '2017-10-16 20:27:39', '2017-10-25 21:10:47', '0a9ea506-7b12-49c7-ad2d-1aee7de29b76'),
 ('192', 'MatrixBlock', '1', '0', '2017-10-16 20:27:39', '2017-10-25 21:10:47', 'ffe325dd-baa3-411d-87fd-08025ba13e47'),
 ('193', 'MatrixBlock', '1', '0', '2017-10-16 20:27:39', '2017-10-25 21:10:47', 'c67a4d2e-9b83-4799-94f5-e5aeb69c5b79'),
 ('194', 'Asset', '1', '0', '2017-10-25 21:09:45', '2017-10-25 21:10:03', '9f4b39b7-3945-47bf-a8c9-f84e22ccdcb2'),
 ('195', 'Asset', '1', '0', '2017-10-25 21:09:52', '2017-10-25 21:09:52', '67892d6f-9fe8-4646-9a9f-1a9029c42845'),
 ('197', 'Asset', '1', '0', '2017-10-25 21:10:15', '2017-10-25 21:10:15', 'f03a4dc2-5c02-40ea-a45f-b8178debbd05'),
 ('198', 'Asset', '1', '0', '2017-10-25 21:10:21', '2017-10-25 21:10:21', 'cd63d52f-d44c-4afa-bc8c-d1779856b5ca'),
 ('199', 'Asset', '1', '0', '2017-10-25 21:10:28', '2017-10-25 21:10:28', '065b08c3-966c-4f3e-b2b9-1f1b099a2280'),
 ('200', 'Asset', '1', '0', '2017-10-25 21:10:35', '2017-10-25 21:10:35', '97c52117-3ea4-44c5-bd68-7c914ec7b97f'),
 ('201', 'Asset', '1', '0', '2017-10-25 21:10:43', '2017-10-25 21:10:43', '0e196a20-0c33-4f31-95f1-6b90b535c4a7'),
 ('202', 'MatrixBlock', '1', '0', '2017-11-02 22:41:27', '2017-11-02 22:41:27', '0de6ca36-b293-4598-882d-c755c78cc8d0'),
 ('203', 'MatrixBlock', '1', '0', '2017-11-02 22:41:27', '2017-11-02 22:41:27', 'da0e5b94-2801-46a2-bcf8-aa3fee1bcb26'),
 ('204', 'MatrixBlock', '1', '0', '2017-11-03 18:01:51', '2017-11-03 18:01:51', '3af608a8-907e-45c9-a418-ddb9b14d6236'),
 ('205', 'MatrixBlock', '1', '0', '2017-11-03 18:01:51', '2017-11-03 18:01:51', 'ad418712-166c-4550-b390-b2f3a4a33a60'),
 ('206', 'MatrixBlock', '1', '0', '2017-11-03 18:01:51', '2017-11-03 18:01:51', '555713c2-bc7d-4582-9217-6f090ff47d06'),
 ('207', 'GlobalSet', '1', '0', '2017-11-06 19:42:52', '2017-11-06 19:43:40', '00b5a95a-b589-49cb-a7a5-8cd016a3c500');



DROP TABLE IF EXISTS `craft_elements_i18n`;


--
-- Schema for table `craft_elements_i18n`
--
CREATE TABLE `craft_elements_i18n` (
  `id` int(11) NOT NULL AUTO_INCREMENT,
  `elementId` int(11) NOT NULL,
  `locale` char(12) COLLATE utf8_unicode_ci NOT NULL,
  `slug` varchar(255) COLLATE utf8_unicode_ci DEFAULT NULL,
  `uri` varchar(255) COLLATE utf8_unicode_ci DEFAULT NULL,
  `enabled` tinyint(1) unsigned NOT NULL DEFAULT '1',
  `dateCreated` datetime NOT NULL,
  `dateUpdated` datetime NOT NULL,
  `uid` char(36) COLLATE utf8_unicode_ci NOT NULL DEFAULT '0',
  PRIMARY KEY (`id`),
  UNIQUE KEY `craft_elements_i18n_elementId_locale_unq_idx` (`elementId`,`locale`),
  UNIQUE KEY `craft_elements_i18n_uri_locale_unq_idx` (`uri`,`locale`),
  KEY `craft_elements_i18n_slug_locale_idx` (`slug`,`locale`),
  KEY `craft_elements_i18n_enabled_idx` (`enabled`),
  KEY `craft_elements_i18n_locale_fk` (`locale`)
) ENGINE=InnoDB AUTO_INCREMENT=208 DEFAULT CHARSET=utf8 COLLATE=utf8_unicode_ci;

--
-- Data for table `craft_elements_i18n`
--

INSERT INTO `craft_elements_i18n` (`id`, `elementId`, `locale`, `slug`, `uri`, `enabled`, `dateCreated`, `dateUpdated`, `uid`) VALUES
 ('1', '1', 'en_us', '', NULL, '1', '2017-04-18 15:33:01', '2017-05-10 16:34:40', 'a5773b46-7e46-4269-b9e7-1c7265aaf976'),
 ('2', '2', 'en_us', 'homepage', '__home__', '1', '2017-04-18 15:33:03', '2017-09-04 21:24:42', 'edadb313-7912-4cfe-853a-0111ca79daae'),
 ('3', '3', 'en_us', 'we-just-installed-craft', 'news/2017/we-just-installed-craft', '1', '2017-04-18 15:33:03', '2017-09-04 18:16:17', '78cb4933-ca3e-4c36-a74e-ee4694292a5e'),
 ('4', '4', 'en_us', 'programs-landing-page', 'programs', '1', '2017-04-20 13:30:32', '2017-10-23 22:11:36', '5fe3ca00-70f9-4eeb-bca2-cf9779bcaa33'),
 ('5', '5', 'en_us', 'faculty-staff-landing-page', 'faculty', '1', '2017-04-20 13:30:45', '2017-08-10 15:34:57', 'b1eb32e5-c28b-4651-ab6d-a0b8d56791a5'),
 ('6', '6', 'en_us', 'news-calendars-landing-page', 'news', '1', '2017-04-20 13:31:02', '2017-08-17 17:31:22', '71bbc156-0491-448d-b87a-ddb04bf9798d'),
 ('7', '7', 'en_us', '', NULL, '1', '2017-04-20 13:46:52', '2017-10-04 20:44:36', '93e73423-2f74-4dea-8fef-2ea9cfac8e00'),
 ('8', '8', 'en_us', '', NULL, '1', '2017-04-20 13:46:56', '2017-11-02 21:40:17', 'd786005e-b0f5-4b4b-819f-8f23ad3b501e'),
 ('9', '9', 'en_us', 'admissions', 'admissions', '1', '2017-04-20 14:32:28', '2017-10-23 18:30:49', 'b15e520e-43fd-43bf-a6a3-36c2f704d3de'),
 ('35', '35', 'en_us', 'form', 'forms', '1', '2017-04-27 14:59:34', '2017-11-03 18:01:50', '36fad0b3-2b1b-442d-bf30-1386d071b1f0'),
 ('36', '36', 'en_us', 'idea-base-logo-horizontal-color', NULL, '1', '2017-05-02 13:37:27', '2017-05-02 13:37:27', '0af7ba1c-e936-4bdc-a633-b9ce2d8cce63'),
 ('37', '37', 'en_us', 'more-news', 'news/2017/more-news', '1', '2017-05-02 13:50:46', '2017-09-08 16:16:52', '43f3e8dc-4808-47c0-b31c-736e173d8062'),
 ('38', '38', 'en_us', 'trhs-image', NULL, '1', '2017-05-02 14:52:59', '2017-05-02 14:52:59', 'e7f09c59-5693-40f8-a95c-78e42e4c28b8'),
 ('43', '43', 'en_us', '', NULL, '1', '2017-05-04 14:25:04', '2017-10-23 18:30:49', 'b7c04d53-86df-4ba9-bc71-7061551313a1'),
 ('44', '44', 'en_us', '', NULL, '1', '2017-05-04 14:25:04', '2017-10-23 18:30:49', 'a152caf2-e70a-41f6-954a-61ad5f5e7991'),
 ('50', '50', 'en_us', 'teacher', 'faculty-type/teacher', '1', '2017-05-05 14:09:25', '2017-08-10 13:33:08', '2ad2e107-820c-4f23-803e-e4fc6c5a2e22'),
 ('51', '51', 'en_us', 'jon-doe', 'faculty/jon-doe', '1', '2017-05-05 14:12:39', '2017-07-05 16:44:27', '5a8f2cd4-28b9-4c67-a939-865b12d01a4d'),
 ('52', '52', 'en_us', 'first-event', 'news/first-event', '1', '2017-05-10 15:28:24', '2017-09-18 22:01:32', 'bc4f3eda-65a5-406e-a59c-136d9de8f9b3'),
 ('53', '53', 'en_us', 'agriculture-environmental-services', 'pathways/agriculture-environmental-services', '1', '2017-05-10 16:16:17', '2017-09-13 21:54:26', 'ca48a5f1-e052-46a4-a8d4-43fbf572857f'),
 ('54', '54', 'en_us', 'business-marketing', 'pathways/business-marketing', '1', '2017-05-10 16:16:24', '2017-09-13 21:54:37', 'dbe55598-60dc-42ac-a035-1308845d87b5'),
 ('55', '55', 'en_us', 'construction-technologies', 'pathways/construction-technologies', '1', '2017-05-10 16:16:32', '2017-08-10 15:18:52', 'ba46d902-da13-4f7f-91b9-101323e8dd00'),
 ('56', '56', 'en_us', 'education-and-training', 'pathways/education-and-training', '1', '2017-05-10 16:16:41', '2017-08-28 19:41:54', '4e197c3e-2a6d-4e59-86f7-09ae7ae64979'),
 ('57', '57', 'en_us', 'engineering-and-science-technologies', 'pathways/engineering-and-science-technologies', '1', '2017-05-10 16:16:51', '2017-08-28 19:42:22', 'e65a2252-e9ba-413c-96ec-5a23fc58e767'),
 ('58', '58', 'en_us', 'health-science', 'pathways/health-science', '1', '2017-05-10 16:16:58', '2017-08-10 16:22:45', '702c3a8e-ad2d-4ac6-a827-5afe639aa224'),
 ('59', '59', 'en_us', 'human-services', 'pathways/human-services', '1', '2017-05-10 16:17:09', '2017-08-28 19:42:39', '5aea8196-47c6-419a-bffd-70ba5404eb60'),
 ('60', '60', 'en_us', 'forestry-and-landscape-management', 'programs/forestry-and-landscape-management', '1', '2017-05-10 16:18:30', '2017-08-07 17:10:56', 'aa77db5b-b2b2-4f76-be88-30ce56152682'),
 ('62', '62', 'en_us', 'business-and-sports-management', 'programs/business-and-sports-management', '1', '2017-05-10 16:19:00', '2017-08-28 19:41:00', 'e508e4d0-d549-4578-8cb2-9d27117c0eb8'),
 ('63', '63', 'en_us', 'marketing-management', 'programs/marketing-management', '1', '2017-05-10 16:19:20', '2017-08-07 17:09:19', '8e9b3f06-d090-42b4-8279-41c458674a0a'),
 ('64', '64', 'en_us', 'construction-technologies', 'programs/construction-technologies', '1', '2017-05-10 16:19:43', '2017-08-07 17:08:24', 'ff43f558-cec4-4f68-8b2a-f5198ecc9e44'),
 ('65', '65', 'en_us', 'teaching-professions', 'programs/teaching-professions', '1', '2017-05-10 16:20:53', '2017-08-07 17:07:59', '05d68c27-50b1-4244-829f-c1ee3934987b'),
 ('66', '66', 'en_us', 'electronics-robotics-and-programming', 'programs/electronics-robotics-and-programming', '1', '2017-05-10 16:21:20', '2017-08-07 17:09:35', '6cfd15b2-116e-4d05-92a7-87dbd730f15d'),
 ('67', '67', 'en_us', 'engineering-academy', 'programs/engineering-academy', '1', '2017-05-10 16:21:42', '2017-08-07 17:09:24', 'e5f722fe-382c-4a00-8a27-9c5fe4dc6243'),
 ('68', '68', 'en_us', 'computer-aided-design-and-engineering-technologies', 'programs/computer-aided-design-and-engineering-technologies', '1', '2017-05-10 16:22:06', '2017-08-07 17:07:11', '611c9cee-bc82-4d73-acf7-a99b544d3a13'),
 ('69', '69', 'en_us', 'athletic-health-care-fitness', 'programs/athletic-health-care-fitness', '1', '2017-05-10 16:22:32', '2017-08-07 17:10:37', 'e85b6c24-6b97-4c2c-a77d-efc560a1089f'),
 ('70', '70', 'en_us', 'health-care-and-technologies', 'programs/health-care-and-technologies', '1', '2017-05-10 16:22:54', '2017-08-07 17:07:21', '4eeb3b77-805b-46cc-a316-20a768067219'),
 ('71', '71', 'en_us', 'cosmetology', 'programs/cosmetology', '1', '2017-05-10 16:23:20', '2017-10-25 21:10:47', '6c5f89ca-83ff-423c-a288-85d3b4f6f795'),
 ('72', '72', 'en_us', 'forestry-and-landscape-management-i', 'classes/forestry-and-landscape-management-i', '1', '2017-05-10 16:24:25', '2017-07-05 17:03:29', '282555a4-337b-4b6b-8fd0-22dba597a494'),
 ('73', '73', 'en_us', 'forestry-and-landscape-management-ii', 'classes/forestry-and-landscape-management-ii', '1', '2017-05-10 16:24:57', '2017-07-05 17:03:29', '121d654d-799b-492a-a88b-ea3c109b1ece'),
 ('75', '75', 'en_us', 'business-and-sports-management-ii', 'classes/business-and-sports-management-ii', '1', '2017-05-10 16:42:37', '2017-07-05 17:03:29', '84fa2406-b362-4700-87bf-54247aec17b6'),
 ('76', '76', 'en_us', 'marketing-management-deca', 'classes/marketing-management-deca', '1', '2017-05-10 16:43:18', '2017-07-05 17:03:29', 'e0887a73-ee9b-47d4-aae2-ec93a5f919b8'),
 ('77', '77', 'en_us', 'construction-technologies', 'classes/construction-technologies', '1', '2017-05-10 16:43:40', '2017-07-05 17:03:29', 'ca26bdce-bf0f-48a3-92b3-94cc4ee26ff7'),
 ('78', '78', 'en_us', 'teaching-professions', 'classes/teaching-professions', '1', '2017-05-10 16:44:07', '2017-07-05 17:03:29', '1b56046e-62e8-491a-b1c6-6cbf869d5ba8'),
 ('79', '79', 'en_us', 'electronics-robotics-professions', 'classes/electronics-robotics-professions', '1', '2017-05-10 16:44:31', '2017-07-05 17:03:29', 'f10566fc-61ae-4a6d-ae4f-29532163b297'),
 ('80', '80', 'en_us', 'engineering-academy', 'classes/engineering-academy', '1', '2017-05-10 16:44:52', '2017-07-05 17:03:29', '5fdbde64-e3fe-4b83-9203-264d4b9fe5b0'),
 ('81', '81', 'en_us', 'engineering-academy-computer-aided-design-math', 'classes/engineering-academy-computer-aided-design-math', '1', '2017-05-10 16:45:26', '2017-07-05 17:03:29', 'f63295fa-22ab-4674-8ddc-e95c628ce323'),
 ('82', '82', 'en_us', 'computer-aided-design-and-engineering-technologies-i', 'classes/computer-aided-design-and-engineering-technologies-i', '1', '2017-05-10 16:46:11', '2017-07-05 17:03:29', '5753a145-b152-4e0f-9eb6-4ab734b363d5'),
 ('83', '83', 'en_us', 'computer-aided-design-and-engineering-technologies-i-1', 'classes/computer-aided-design-and-engineering-technologies-i-1', '1', '2017-05-10 16:46:52', '2017-07-05 17:03:29', '24b36f2a-0411-44da-99ed-5c008eca42ee'),
 ('84', '84', 'en_us', 'athletic-healthcare-and-fitness', 'classes/athletic-healthcare-and-fitness', '1', '2017-05-10 16:47:12', '2017-07-05 17:03:29', 'aa054c41-ef98-41c8-a7df-0bbdc7e78297'),
 ('86', '86', 'en_us', 'health-career-technologies-1', 'classes/health-career-technologies-1', '1', '2017-05-10 16:47:53', '2017-07-05 17:03:29', 'ad560a3e-c283-4ae5-84fb-d8c75c2b176d'),
 ('87', '87', 'en_us', 'cosmetology-i', 'classes/cosmetology-i', '1', '2017-05-10 16:48:16', '2017-07-05 17:03:29', 'e0059461-0ff3-4f0e-bbfb-d2745611477e'),
 ('88', '88', 'en_us', 'cosmetology-ii', 'classes/cosmetology-ii', '1', '2017-05-10 16:48:36', '2017-07-05 17:03:29', 'f04fbaff-960f-40c2-b427-0dfd8f1cb697'),
 ('89', '89', 'en_us', 'mj-smiling-6', NULL, '1', '2017-06-07 15:23:22', '2017-06-07 15:23:22', '26f6cd85-43e6-4665-89fc-d6c430c6b36f'),
 ('90', '90', 'en_us', 'mj-smiling-8', NULL, '1', '2017-06-07 15:54:37', '2017-06-07 15:54:37', 'ed7dc0fe-3ed8-4e3c-9780-974dae621fb9'),
 ('91', '91', 'en_us', 'robert', 'faculty/robert', '1', '2017-06-07 15:54:56', '2017-08-07 17:15:56', '5730598d-15e0-49bf-9a7e-c13308910a71'),
 ('92', '92', 'en_us', '', NULL, '1', '2017-06-19 15:33:20', '2017-06-19 15:33:39', 'c1769551-2798-4749-b60a-7fe9b25c0c16'),
 ('93', '93', 'en_us', 'lorem-ipsum', 'projects/lorem-ipsum', '1', '2017-06-27 16:51:09', '2017-10-23 22:06:38', '09fe3771-c67a-48e6-9767-eabf1a9c4c00'),
 ('94', '94', 'en_us', 'cuva', NULL, '1', '2017-06-27 17:31:53', '2017-06-27 17:31:53', '9b289a27-6f41-4e26-8186-e779b2ee3a75'),
 ('95', '95', 'en_us', 'franek', NULL, '1', '2017-06-27 17:33:32', '2017-06-27 17:33:32', '5b23e164-8db1-43e4-b253-f55c5611213f'),
 ('96', '96', 'en_us', 'mr-tom-franek', 'faculty/mr-tom-franek', '1', '2017-06-27 17:33:59', '2017-08-07 17:16:04', '9d3006c7-c877-4412-a445-3ecb1959f657'),
 ('97', '97', 'en_us', '1-white-red-condensed', NULL, '1', '2017-06-27 19:20:39', '2017-06-28 19:58:49', 'fe46ad97-f8bc-4f1a-b9ea-7dda829626a7'),
 ('99', '99', 'en_us', 'terry-slattery', 'faculty/terry-slattery', '1', '2017-07-05 16:31:38', '2017-09-25 18:43:19', '3acdd628-503f-48e2-9d12-46921ee9e47a'),
 ('100', '100', 'en_us', 'ben-dunlap', 'faculty/ben-dunlap', '1', '2017-07-05 16:32:18', '2017-08-07 17:15:44', '99330ee8-c0e6-4568-ae99-21360b4228cd'),
 ('101', '101', 'en_us', 'troy-spear', 'faculty/troy-spear', '1', '2017-07-05 16:33:25', '2017-08-07 17:15:36', 'db6abf0c-3bdf-4d20-8967-bea0c67b18e7'),
 ('102', '102', 'en_us', 'don-titko', 'faculty/don-titko', '1', '2017-07-05 16:34:01', '2017-08-07 17:15:16', '98688d09-d744-4a9f-aa6a-3ffec00232f1'),
 ('103', '103', 'en_us', 'sandi-melucci', 'faculty/sandi-melucci', '1', '2017-07-05 16:34:30', '2017-08-07 17:15:23', '00215515-2e41-4bf6-9c0e-14015b074294'),
 ('104', '104', 'en_us', 'danielle-wardell', 'faculty/danielle-wardell', '1', '2017-07-05 16:34:58', '2017-08-07 17:15:30', '7e597dad-d3eb-4f23-8b05-9e9a7ca9e291'),
 ('105', '105', 'en_us', 'jeff-lesueur', 'faculty/jeff-lesueur', '1', '2017-07-05 16:35:31', '2017-08-07 17:14:46', 'bceb94b2-7e2c-47a3-ad84-bd60d828e5cf'),
 ('106', '106', 'en_us', 'ed-borsuk', 'faculty/ed-borsuk', '1', '2017-07-05 16:36:14', '2017-08-07 17:14:36', 'ecda8357-0494-4a81-827a-7685ef1e312c'),
 ('107', '107', 'en_us', 'laura-eyring', 'faculty/laura-eyring', '1', '2017-07-05 16:36:43', '2017-08-07 17:14:40', '14cdc712-0190-4736-a0b8-cbb82ba8ed67'),
 ('108', '108', 'en_us', 'kasey-adelman', 'faculty/kasey-adelman', '1', '2017-07-05 16:37:29', '2017-08-07 17:14:20', 'cf23d677-71d2-4238-8090-a5c150345c85'),
 ('109', '109', 'en_us', 'david-helmick-st-helmick-smfcsd-org', 'faculty/david-helmick-st-helmick-smfcsd-org', '1', '2017-07-05 16:37:59', '2017-08-07 17:14:25', 'bc89db09-63dc-415c-a94c-521501d89f21'),
 ('110', '110', 'en_us', 'sarah-kaplan', 'faculty/sarah-kaplan', '1', '2017-07-05 16:38:39', '2017-08-07 17:14:16', '519714aa-b0ed-4f40-b05b-795cdc9fbbc8'),
 ('111', '111', 'en_us', 'aaron-morris', 'faculty/aaron-morris', '1', '2017-07-05 16:39:03', '2017-07-05 16:39:03', '390fc79e-c9f6-45bc-884c-ab2d054c0278'),
 ('112', '112', 'en_us', 'john-seabolt', 'faculty/john-seabolt', '1', '2017-07-05 16:39:33', '2017-08-07 17:14:10', 'edb5829a-47f8-44de-a906-e59fdb5c9e01'),
 ('113', '113', 'en_us', 'dan-syvanych', 'faculty/dan-syvanych', '1', '2017-07-05 16:40:12', '2017-08-07 17:14:06', '272c98b6-f4d2-4615-bb91-6081c9bbc104'),
 ('114', '114', 'en_us', 'john-lang', 'faculty/john-lang', '1', '2017-07-05 16:41:31', '2017-08-07 17:14:01', '9d50e07c-b4a2-46ad-9772-388856938540'),
 ('115', '115', 'en_us', 'catie-milton', 'faculty/catie-milton', '1', '2017-07-05 16:42:27', '2017-07-05 16:42:27', '51dd70ac-1aec-4958-be64-274bd75efa1e'),
 ('116', '116', 'en_us', 'angela-textor', 'faculty/angela-textor', '1', '2017-07-05 16:42:56', '2017-08-07 17:13:57', '108e778b-e5c1-4794-9b36-5b5c85bbddbe'),
 ('117', '117', 'en_us', 'brent-pfeiffer', 'faculty/brent-pfeiffer', '1', '2017-07-05 16:43:26', '2017-11-02 22:41:27', '370e4323-af3f-4b1b-b710-37830deb9fd6'),
 ('118', '118', 'en_us', 'rhonda-butler-carson-ke-rbulter-kentschools-net', 'faculty/rhonda-butler-carson-ke-rbulter-kentschools-net', '1', '2017-07-05 16:43:53', '2017-08-07 17:13:52', '9386123e-e087-4487-89fc-3571b5a1137c'),
 ('120', '120', 'en_us', 'staff', 'faculty-type/staff', '1', '2017-08-07 14:12:03', '2017-08-10 13:33:23', '93ec7032-7230-47f3-9951-64adfc7df73b'),
 ('121', '121', 'en_us', 'wp-or-man', NULL, '1', '2017-08-07 14:28:52', '2017-08-07 14:28:52', '24875700-a74e-469e-ba1e-d12bf6d61165'),
 ('122', '122', 'en_us', '3-white-red-expanded', NULL, '1', '2017-08-07 14:32:04', '2017-08-07 14:32:04', 'ab474ef7-bd16-4e2e-8cd2-516726148411'),
 ('124', '124', 'en_us', '3-black-red-expanded', NULL, '1', '2017-08-07 16:53:01', '2017-08-07 16:53:01', 'e374a0da-6006-4deb-a8ba-49443cd90ec0'),
 ('128', '128', 'en_us', 'cos2', NULL, '1', '2017-08-07 17:06:16', '2017-08-07 17:06:16', '1edabb77-2455-4ab1-98b6-1eefb2467076'),
 ('129', '129', 'en_us', 'teaching', NULL, '1', '2017-08-07 17:06:52', '2017-08-07 17:06:52', 'db79dc57-5f55-4209-8d3b-bd07c75e1001'),
 ('130', '130', 'en_us', 'engineering-academy', NULL, '1', '2017-08-07 17:07:08', '2017-08-07 17:07:08', 'e84d9e6d-f3cd-422d-89fb-c17089c50a96'),
 ('131', '131', 'en_us', 'eng-man', NULL, '1', '2017-08-07 17:07:38', '2017-08-07 17:07:38', '0655476c-a2e9-4a9b-bbfb-21dfbdaa39fb'),
 ('132', '132', 'en_us', 'teaching-3', NULL, '1', '2017-08-07 17:07:56', '2017-08-07 17:07:56', '6f7f03ed-cfb4-4a44-9e1f-c280a2967112'),
 ('133', '133', 'en_us', '20151208-085642', NULL, '1', '2017-08-07 17:08:43', '2017-08-07 17:08:43', '8bafe201-1159-498f-a4ea-f5f7216d06d1'),
 ('134', '134', 'en_us', 'ele2', NULL, '1', '2017-08-07 17:08:57', '2017-08-07 17:08:57', 'f35d7b6e-54f1-45ec-9c83-f1b007d0c122'),
 ('136', '136', 'en_us', 'titko', NULL, '1', '2017-08-07 17:15:13', '2017-08-07 17:15:13', '254b9e0e-6bdd-49d1-8d5a-52e8cb1426ac'),
 ('137', '137', 'en_us', '', NULL, '1', '2017-08-07 17:17:20', '2017-08-07 18:37:52', '89a86b69-32d3-4fa9-8b4b-a5d1bd64a4ba'),
 ('139', '139', 'en_us', 'doughboy', NULL, '1', '2017-08-07 17:17:41', '2017-08-07 17:17:41', '7b9efa34-550b-4c05-97cd-11b32a633df3'),
 ('140', '140', 'en_us', 'kentcte-full-white-red', NULL, '1', '2017-08-09 19:18:12', '2017-08-09 19:18:29', 'd75e5bae-b4e5-4127-b2f4-038933cf3d96'),
 ('141', '141', 'en_us', 'kentcte-full-blackred', NULL, '1', '2017-08-09 19:18:40', '2017-08-10 03:12:08', '20bd6657-1d33-4be1-8e87-6d5d6e8ac914'),
 ('142', '142', 'en_us', 'kentcte-condensed-whitered', NULL, '1', '2017-08-09 19:19:04', '2017-08-09 19:19:14', 'b71f33c4-3b9e-4e92-81be-794cce041a7f'),
 ('143', '143', 'en_us', 'kentcte-05', NULL, '1', '2017-08-09 20:30:24', '2017-08-10 03:13:56', '132e408b-1cb7-4788-a3c7-6ec3858b0195'),
 ('144', '144', 'en_us', 'cte-white-red-full-08', NULL, '1', '2017-08-09 20:35:41', '2017-08-09 20:35:41', '86432e68-8e1f-4e20-b53f-22aa18bb3119'),
 ('145', '145', 'en_us', 'cte-white-red-full2-08', NULL, '1', '2017-08-09 20:36:55', '2017-08-10 03:11:32', 'e78687ab-efa7-4c60-b253-1fbd9db629cc');
INSERT INTO `craft_elements_i18n` (`id`, `elementId`, `locale`, `slug`, `uri`, `enabled`, `dateCreated`, `dateUpdated`, `uid`) VALUES
 ('146', '146', 'en_us', 'practice', NULL, '1', '2017-08-09 20:40:52', '2017-08-09 20:40:52', '1204bb7d-3275-45be-b730-9fafd1dfe657'),
 ('147', '147', 'en_us', '28', NULL, '1', '2017-08-10 03:07:36', '2017-08-10 03:07:36', '29c0d7e8-d6c3-4c27-8dc1-a47ac1634fc8'),
 ('151', '151', 'en_us', 'img-4470', NULL, '1', '2017-08-10 13:20:18', '2017-08-10 13:20:18', '468a1899-8c0c-4638-a8f4-769d0cdb5574'),
 ('152', '152', 'en_us', 'story-about-marketing-management', 'news/story-about-marketing-management', '1', '2017-08-10 13:26:51', '2017-09-13 21:09:53', 'eac9b45d-0520-4374-9e3b-b615de9a371f'),
 ('155', '155', 'en_us', 'type-1', 'event-type/type-1', '1', '2017-08-28 18:52:42', '2017-08-28 18:52:42', '495454c8-9fd6-4d32-846f-d07a7bb85aa9'),
 ('156', '156', 'en_us', 'type-2', 'event-type/type-2', '1', '2017-08-28 18:52:50', '2017-08-28 18:52:50', 'f664ebb4-36ad-45e1-9a37-c1b7cdf398f7'),
 ('157', '157', 'en_us', 'type-3', 'event-type/type-3', '1', '2017-08-28 18:52:59', '2017-08-28 18:53:00', '864b0ce3-a787-4f64-8bf7-e1b8968f1254'),
 ('158', '158', 'en_us', 'event-two', 'news/event-two', '1', '2017-08-30 15:16:52', '2017-09-18 22:01:42', 'f9ec49a8-751b-4c3a-bde6-1b0e2bb20bed'),
 ('159', '159', 'en_us', 'event-three', 'news/event-three', '1', '2017-08-30 15:17:22', '2017-09-18 22:01:50', '1469f7c9-fa3e-4690-b2c2-6ad5f093dfe1'),
 ('160', '160', 'en_us', 'fourth-event', 'news/fourth-event', '1', '2017-08-30 15:18:06', '2017-09-18 22:01:58', '0930e69c-8b3a-4f06-be3c-85865720b919'),
 ('161', '161', 'en_us', '', NULL, '1', '2017-09-04 16:49:37', '2017-11-03 18:01:50', 'c46401b7-b169-4402-b073-e153d365549a'),
 ('162', '162', 'en_us', '', NULL, '1', '2017-09-04 16:49:37', '2017-11-03 18:01:50', 'c0dadfcc-5948-4a4f-9bad-78f7f63fec68'),
 ('163', '163', 'en_us', '', NULL, '1', '2017-09-04 16:49:37', '2017-11-03 18:01:50', '3770153c-8688-4d47-8214-e8fbc0eb2179'),
 ('164', '164', 'en_us', 'fdsfsdfds', 'news/2017/fdsfsdfds', '1', '2017-09-11 21:46:06', '2017-09-11 21:46:06', '186d3757-e915-4995-96a1-b53281b5f3b1'),
 ('165', '165', 'en_us', 'dfdsfsdfds', 'news/2017/dfdsfsdfds', '1', '2017-09-11 21:46:22', '2017-09-11 21:46:22', '193ff5a4-befa-46d9-9bd7-8cf04f953082'),
 ('166', '166', 'en_us', 'dfsdfds', 'news/2017/dfsdfds', '1', '2017-09-11 21:46:34', '2017-09-11 21:46:34', 'a380ec8a-d7b6-4d98-b1fb-de9059ea156d'),
 ('167', '167', 'en_us', 'gfhfhf', 'news/2017/gfhfhf', '1', '2017-09-11 21:46:44', '2017-09-11 21:46:44', 'ffe71e2b-4b67-42df-94c3-38aa63f6a2e8'),
 ('168', '168', 'en_us', 'ghfghfghgfhf', 'news/2017/ghfghfghgfhf', '1', '2017-09-11 21:46:55', '2017-09-11 21:46:55', '3644961d-9cb9-40b6-9cc4-67cb76b45ef3'),
 ('169', '169', 'en_us', 'ghfghfghfghgf', 'news/2017/ghfghfghfghgf', '1', '2017-09-11 21:47:05', '2017-09-11 21:47:05', 'd2414261-4067-4b3c-98ad-7c0884a7430f'),
 ('170', '170', 'en_us', 'jkjhkhjkhj', 'news/2017/jkjhkhjkhj', '1', '2017-09-11 21:47:17', '2017-09-11 21:47:17', 'd4238acb-0d90-4eea-9856-3afbd9e31587'),
 ('171', '171', 'en_us', 'kjhhkhjk', 'news/2017/kjhhkhjk', '1', '2017-09-11 21:47:32', '2017-09-11 21:47:32', '4397841a-46b2-4da8-8d27-6d07e09ddadb'),
 ('172', '172', 'en_us', 'nj-yklioituerybevbnmn', 'news/2017/nj-yklioituerybevbnmn', '1', '2017-09-11 21:47:45', '2017-09-11 21:47:45', '6cc43c68-6998-4394-9860-036580f5a4b5'),
 ('173', '173', 'en_us', 'vbjnkmmnbrvfcsafvdgbhnjj', 'news/2017/vbjnkmmnbrvfcsafvdgbhnjj', '1', '2017-09-11 21:47:54', '2017-09-18 22:02:46', 'd8415c8e-c65a-4c44-b2a5-51bb64eebad3'),
 ('174', '174', 'en_us', 'df-ghnbdfg-bvc', 'news/2017/df-ghnbdfg-bvc', '1', '2017-09-11 21:48:06', '2017-09-18 22:02:28', '47363d7b-5970-4037-a1de-c6d97745604b'),
 ('175', '175', 'en_us', 'sddvscads-ggces', 'news/2017/sddvscads-ggces', '1', '2017-09-11 21:48:44', '2017-11-10 19:11:29', '303c3027-de14-4094-9931-53a36d9ddbc9'),
 ('178', '178', 'en_us', '', NULL, '1', '2017-09-18 19:41:11', '2017-11-02 21:40:17', 'd462d0ca-f244-40fd-b7f7-e2b5d144418a'),
 ('179', '179', 'en_us', '', NULL, '1', '2017-09-18 19:41:11', '2017-11-02 21:40:17', '208a0514-03a8-42b8-99e3-4c349b3c0c7d'),
 ('180', '180', 'en_us', '', NULL, '1', '2017-09-18 19:41:11', '2017-11-02 21:40:17', 'cfc4c6e1-e132-4d71-9f8c-380844564541'),
 ('181', '181', 'en_us', '', NULL, '1', '2017-09-18 19:41:11', '2017-11-02 21:40:17', '2a68289a-34e2-4854-aea1-2b847542cff2'),
 ('182', '182', 'en_us', '', NULL, '1', '2017-09-18 19:41:11', '2017-11-02 21:40:17', '41f171d0-dd03-4b88-aab6-0e0103d9198b'),
 ('183', '183', 'en_us', '', NULL, '1', '2017-09-18 19:41:11', '2017-11-02 21:40:17', 'ed83b7e1-adc9-46a4-babd-f2974159a434'),
 ('184', '184', 'en_us', '', NULL, '1', '2017-09-18 19:41:11', '2017-11-02 21:40:17', '64a7272f-75f0-4bf2-81d4-96ff5b03b36c'),
 ('185', '185', 'en_us', '', NULL, '1', '2017-09-18 19:41:11', '2017-11-02 21:40:17', 'ea852ab8-aee8-48b1-ab7f-9f9ad4ecee33'),
 ('186', '186', 'en_us', '', NULL, '1', '2017-09-18 19:41:11', '2017-11-02 21:40:17', 'f67e35d4-defa-4350-8739-97a20067ae9e'),
 ('187', '187', 'en_us', 'news-1', 'story-type/news-1', '1', '2017-09-18 21:17:16', '2017-09-18 21:17:16', '01881c10-34d6-4722-b514-31299fff776f'),
 ('188', '188', 'en_us', 'news-2', 'story-type/news-2', '1', '2017-09-18 21:17:26', '2017-09-18 21:17:27', '99b8335a-f8ec-4822-8dba-33c0a7676356'),
 ('189', '189', 'en_us', 'news-3', 'story-type/news-3', '1', '2017-09-18 21:17:34', '2017-09-18 21:17:35', 'a77fe31c-39fd-4b8f-bc19-4637e676a110'),
 ('190', '190', 'en_us', '', NULL, '1', '2017-10-16 20:27:39', '2017-10-25 21:10:47', 'f71a1c74-ec24-4014-9a82-1d3de6093fa4'),
 ('191', '191', 'en_us', '', NULL, '1', '2017-10-16 20:27:39', '2017-10-25 21:10:47', '18db551d-237c-42e3-8498-83d39549bec4'),
 ('192', '192', 'en_us', '', NULL, '1', '2017-10-16 20:27:39', '2017-10-25 21:10:47', 'f5ef942e-9774-48f3-92a7-8bb6e3b10b8b'),
 ('193', '193', 'en_us', '', NULL, '1', '2017-10-16 20:27:39', '2017-10-25 21:10:47', '5752b2b9-f831-4c57-8471-58f74dc1a94a'),
 ('194', '194', 'en_us', '2013-12-10-13-55-53', NULL, '1', '2017-10-25 21:09:45', '2017-10-25 21:10:03', 'ef14cc9e-9608-470b-88d1-093190183bdc'),
 ('195', '195', 'en_us', '2014-10-14-12-29-15', NULL, '1', '2017-10-25 21:09:52', '2017-10-25 21:09:52', '19052253-b5e2-45c0-b900-9907a9f5260f'),
 ('197', '197', 'en_us', 'ahcf1c', NULL, '1', '2017-10-25 21:10:15', '2017-10-25 21:10:15', 'ecfba0d7-822e-407d-b1b8-b5225c83becb'),
 ('198', '198', 'en_us', 'ahcf2', NULL, '1', '2017-10-25 21:10:21', '2017-10-25 21:10:21', 'a4d94b3d-7056-4817-b823-1b8c97b7495a'),
 ('199', '199', 'en_us', 'hct-3', NULL, '1', '2017-10-25 21:10:28', '2017-10-25 21:10:28', '00ccec9b-b096-442e-b259-ae8250186867'),
 ('200', '200', 'en_us', 'hct-1', NULL, '1', '2017-10-25 21:10:35', '2017-10-25 21:10:35', '51eccfd4-b252-4fba-b26d-dfa68846538a'),
 ('201', '201', 'en_us', '20160114-084112', NULL, '1', '2017-10-25 21:10:43', '2017-10-25 21:10:43', '2eb30111-6a29-4d59-b536-c51c4ee4af09'),
 ('202', '202', 'en_us', '', NULL, '1', '2017-11-02 22:41:27', '2017-11-02 22:41:27', 'ecfdda55-38ec-4183-ac6b-d7ad71936768'),
 ('203', '203', 'en_us', '', NULL, '1', '2017-11-02 22:41:27', '2017-11-02 22:41:27', 'd5670099-b4e2-4a1d-a13e-2e0310a969e2'),
 ('204', '204', 'en_us', '', NULL, '1', '2017-11-03 18:01:51', '2017-11-03 18:01:51', '26914dc2-c6c2-4084-9219-a6234ece9c2b'),
 ('205', '205', 'en_us', '', NULL, '1', '2017-11-03 18:01:51', '2017-11-03 18:01:51', 'ab6fc168-0097-4366-bb6f-975ec7b2740c'),
 ('206', '206', 'en_us', '', NULL, '1', '2017-11-03 18:01:51', '2017-11-03 18:01:51', '22a1d25f-c5a2-4113-984d-1006bfd8e187'),
 ('207', '207', 'en_us', '', NULL, '1', '2017-11-06 19:42:52', '2017-11-06 19:43:40', '12d9c7f2-8957-43e7-9e22-7bf5b64fa6a8');



DROP TABLE IF EXISTS `craft_emailmessages`;


--
-- Schema for table `craft_emailmessages`
--
CREATE TABLE `craft_emailmessages` (
  `id` int(11) NOT NULL AUTO_INCREMENT,
  `key` char(150) COLLATE utf8_unicode_ci NOT NULL,
  `locale` char(12) COLLATE utf8_unicode_ci NOT NULL,
  `subject` varchar(1000) COLLATE utf8_unicode_ci NOT NULL,
  `body` text COLLATE utf8_unicode_ci NOT NULL,
  `dateCreated` datetime NOT NULL,
  `dateUpdated` datetime NOT NULL,
  `uid` char(36) COLLATE utf8_unicode_ci NOT NULL DEFAULT '0',
  PRIMARY KEY (`id`),
  UNIQUE KEY `craft_emailmessages_key_locale_unq_idx` (`key`,`locale`),
  KEY `craft_emailmessages_locale_fk` (`locale`)
) ENGINE=InnoDB DEFAULT CHARSET=utf8 COLLATE=utf8_unicode_ci;

DROP TABLE IF EXISTS `craft_entries`;


--
-- Schema for table `craft_entries`
--
CREATE TABLE `craft_entries` (
  `id` int(11) NOT NULL,
  `sectionId` int(11) NOT NULL,
  `typeId` int(11) DEFAULT NULL,
  `authorId` int(11) DEFAULT NULL,
  `postDate` datetime DEFAULT NULL,
  `expiryDate` datetime DEFAULT NULL,
  `dateCreated` datetime NOT NULL,
  `dateUpdated` datetime NOT NULL,
  `uid` char(36) COLLATE utf8_unicode_ci NOT NULL DEFAULT '0',
  PRIMARY KEY (`id`),
  KEY `craft_entries_sectionId_idx` (`sectionId`),
  KEY `craft_entries_typeId_idx` (`typeId`),
  KEY `craft_entries_postDate_idx` (`postDate`),
  KEY `craft_entries_expiryDate_idx` (`expiryDate`),
  KEY `craft_entries_authorId_fk` (`authorId`)
) ENGINE=InnoDB DEFAULT CHARSET=utf8 COLLATE=utf8_unicode_ci;

--
-- Data for table `craft_entries`
--

INSERT INTO `craft_entries` (`id`, `sectionId`, `typeId`, `authorId`, `postDate`, `expiryDate`, `dateCreated`, `dateUpdated`, `uid`) VALUES
 ('2', '1', NULL, NULL, '2017-04-18 15:33:03', NULL, '2017-04-18 15:33:03', '2017-09-04 21:24:42', '8e0d28c4-5ce9-4166-9ec7-722b86c020b3'),
 ('3', '2', '2', '1', '2017-04-18 15:33:00', NULL, '2017-04-18 15:33:03', '2017-09-04 18:16:17', '389ca01d-3487-4b55-be76-74038990a0ac'),
 ('4', '10', '10', NULL, '2017-10-23 22:09:22', NULL, '2017-04-20 13:30:32', '2017-10-23 22:11:36', 'e00a5d7a-4762-4772-9f03-1b3cad9fc3da'),
 ('5', '11', '11', NULL, '2017-04-20 14:08:04', NULL, '2017-04-20 13:30:45', '2017-08-10 15:34:57', '22c0da8c-897f-467f-a50a-bb4ecde9d6b8'),
 ('6', '12', '12', NULL, '2017-08-17 17:31:22', NULL, '2017-04-20 13:31:02', '2017-08-17 17:31:22', '1b7d864e-5c6f-42c9-9001-30c618c57b69'),
 ('9', '13', '13', NULL, '2017-09-08 16:42:30', NULL, '2017-04-20 14:32:28', '2017-10-23 18:30:49', 'b283b166-e43d-4b1b-9441-b3ec8924b227'),
 ('35', '14', '14', NULL, '2017-09-04 16:31:51', NULL, '2017-04-27 14:59:34', '2017-11-03 18:01:51', '26c585c8-dc4e-49e6-a34a-48a5b71c7eeb'),
 ('37', '2', '2', '1', '2017-05-02 13:50:00', NULL, '2017-05-02 13:50:46', '2017-09-08 16:16:52', '1a871fec-0118-4ba2-9770-3cb09e4623f8'),
 ('51', '7', '7', '1', '2017-05-05 14:12:00', NULL, '2017-05-05 14:12:39', '2017-07-05 16:44:27', '3ada1648-d91b-4175-9ea0-93646a731023'),
 ('52', '8', '8', '1', '2017-05-10 15:28:00', NULL, '2017-05-10 15:28:24', '2017-09-18 22:01:32', '24931cd1-4976-47d0-817a-ab138002e4fc'),
 ('60', '3', '3', '1', '2017-05-10 16:18:00', NULL, '2017-05-10 16:18:30', '2017-08-07 17:10:56', '4ce50e76-77e6-42e5-a262-e5fe88b1a490'),
 ('62', '3', '3', '1', '2017-05-10 16:19:00', NULL, '2017-05-10 16:19:00', '2017-08-28 19:41:00', '1a68b729-be7f-471d-bd46-77728af60bae'),
 ('63', '3', '3', '1', '2017-05-10 16:19:00', NULL, '2017-05-10 16:19:20', '2017-08-07 17:09:19', '2653d372-9c5a-4ffb-bd29-f7701bf71e89'),
 ('64', '3', '3', '1', '2017-05-10 16:19:00', NULL, '2017-05-10 16:19:43', '2017-08-07 17:08:24', '17becb35-ce9b-438d-8f62-4891e1852782'),
 ('65', '3', '3', '1', '2017-05-10 16:20:00', NULL, '2017-05-10 16:20:53', '2017-08-07 17:07:59', 'f6ef5d80-65ca-4a04-a7a3-a8452d075d45'),
 ('66', '3', '3', '1', '2017-05-10 16:21:00', NULL, '2017-05-10 16:21:20', '2017-08-07 17:09:35', 'df201c86-e92c-4634-9975-d785c8e4260d'),
 ('67', '3', '3', '1', '2017-05-10 16:21:00', NULL, '2017-05-10 16:21:42', '2017-08-07 17:09:24', 'd35e7632-58d4-4627-85d3-8a36785163ec'),
 ('68', '3', '3', '1', '2017-05-10 16:22:00', NULL, '2017-05-10 16:22:06', '2017-08-07 17:07:11', 'a7cf43ec-0f70-4241-be09-1e1ec25bcb3f'),
 ('69', '3', '3', '1', '2017-05-10 16:22:00', NULL, '2017-05-10 16:22:32', '2017-08-07 17:10:37', 'ddd6003d-2c3c-4371-8386-924013d7eb65'),
 ('70', '3', '3', '1', '2017-05-10 16:22:00', NULL, '2017-05-10 16:22:54', '2017-08-07 17:07:21', 'd47bc8ad-001f-4bdc-8156-686fc1f4b7ef'),
 ('71', '3', '3', '1', '2017-05-10 16:23:00', NULL, '2017-05-10 16:23:20', '2017-10-25 21:10:47', 'bd3406df-3472-41a0-be4c-371d23876671'),
 ('72', '4', '4', '1', '2017-05-10 16:24:00', NULL, '2017-05-10 16:24:25', '2017-07-05 16:56:42', '4db44068-5cf4-44b6-820f-b2423827e81a'),
 ('73', '4', '4', '1', '2017-05-10 16:24:00', NULL, '2017-05-10 16:24:57', '2017-07-05 16:56:58', 'c2fa007c-cea8-4667-941a-3177b0b93d23'),
 ('75', '4', '4', '1', '2017-05-10 16:42:00', NULL, '2017-05-10 16:42:37', '2017-07-05 16:55:44', '79444c1b-4bbd-4068-a5fe-a7af829997c6'),
 ('76', '4', '4', '1', '2017-05-10 16:43:00', NULL, '2017-05-10 16:43:18', '2017-07-05 16:54:56', 'fd3a7761-62f0-4dca-9aff-d05b139ebb8f'),
 ('77', '4', '4', '1', '2017-05-10 16:43:00', NULL, '2017-05-10 16:43:40', '2017-07-05 16:54:15', 'fb64b658-8fdf-49e5-ac8b-0e01e91e40af'),
 ('78', '4', '4', '1', '2017-05-10 16:44:00', NULL, '2017-05-10 16:44:07', '2017-07-05 16:53:52', '8a4cc139-f3fe-4e3b-8162-ee404f60fa3c'),
 ('79', '4', '4', '1', '2017-05-10 16:44:00', NULL, '2017-05-10 16:44:31', '2017-07-05 16:58:11', 'a64a7b37-5654-48bf-84a8-8fa0da2e62d6'),
 ('80', '4', '4', '1', '2017-05-10 16:44:00', NULL, '2017-05-10 16:44:52', '2017-07-05 16:53:04', 'd9aea9a9-7bfd-49db-8ce4-aa3ad2590395'),
 ('81', '4', '4', '1', '2017-05-10 16:45:00', NULL, '2017-05-10 16:45:26', '2017-07-05 16:52:46', '89de18c7-a9d1-47de-ae23-5a151bf9b72b'),
 ('82', '4', '4', '1', '2017-05-10 16:46:00', NULL, '2017-05-10 16:46:11', '2017-07-05 16:57:43', '145f3aed-f5df-41bb-abff-019101561ee4'),
 ('83', '4', '4', '1', '2017-05-10 16:46:00', NULL, '2017-05-10 16:46:52', '2017-07-05 16:49:47', '23e63615-ae7a-4882-83cc-b4089d4850e1'),
 ('84', '4', '4', '1', '2017-05-10 16:47:00', NULL, '2017-05-10 16:47:12', '2017-07-05 16:48:26', 'd02b9a13-9ea6-4e07-a79e-e45c9535a0c4'),
 ('86', '4', '4', '1', '2017-05-10 16:47:00', NULL, '2017-05-10 16:47:53', '2017-07-05 16:47:46', 'c114214d-433e-4dfa-9d7f-79a0f74a6b0c'),
 ('87', '4', '4', '1', '2017-05-10 16:48:00', NULL, '2017-05-10 16:48:16', '2017-07-05 16:45:19', '98d1eeb1-9503-44b4-b99a-44e775b6cf05'),
 ('88', '4', '4', '1', '2017-05-10 16:48:00', NULL, '2017-05-10 16:48:36', '2017-07-05 16:45:40', 'b7559285-ee5d-44fe-8422-867145786eba'),
 ('91', '7', '7', '1', '2017-06-07 15:54:00', NULL, '2017-06-07 15:54:56', '2017-08-07 17:15:56', 'a526a258-2016-4599-aac5-d8af272366b9'),
 ('93', '6', '6', '1', '2017-06-27 16:51:00', NULL, '2017-06-27 16:51:09', '2017-09-08 15:41:32', 'fb7bf849-ddc3-47c5-b7ce-040f70aa2ed5'),
 ('96', '7', '7', '1', '2017-06-27 17:33:00', NULL, '2017-06-27 17:33:59', '2017-08-07 17:16:04', '5060aa2b-9153-48a3-aa6a-bef142c1c88c'),
 ('99', '7', '7', '1', '2017-07-05 16:31:00', NULL, '2017-07-05 16:31:38', '2017-09-25 18:43:19', '1a3d226b-bc8c-4df1-893c-f3dbb78ab7e5'),
 ('100', '7', '7', '1', '2017-07-05 16:32:00', NULL, '2017-07-05 16:32:18', '2017-08-07 17:15:44', '2c6981ff-4dd7-48a1-aa2a-a422f12afc5a'),
 ('101', '7', '7', '1', '2017-07-05 16:33:00', NULL, '2017-07-05 16:33:25', '2017-08-07 17:15:36', '1ada6757-cd54-4e4e-a08b-59d8a91a3795'),
 ('102', '7', '7', '1', '2017-07-05 16:34:00', NULL, '2017-07-05 16:34:01', '2017-08-07 17:15:17', 'db252aec-53d5-47f8-bf65-4fb84d84b4f9'),
 ('103', '7', '7', '1', '2017-07-05 16:34:00', NULL, '2017-07-05 16:34:30', '2017-08-07 17:15:23', '85e00ad2-6c7f-4fd7-9dca-7ae52f87ae5e'),
 ('104', '7', '7', '1', '2017-07-05 16:34:00', NULL, '2017-07-05 16:34:58', '2017-08-07 17:15:30', 'c2b3af74-c79d-413e-83ee-51c15a44772d'),
 ('105', '7', '7', '1', '2017-07-05 16:35:00', NULL, '2017-07-05 16:35:31', '2017-08-07 17:14:46', 'a3934c9f-f187-4846-a9a6-a9d5f57ce6da'),
 ('106', '7', '7', '1', '2017-07-05 16:36:00', NULL, '2017-07-05 16:36:14', '2017-08-07 17:14:36', 'd0134425-426b-4080-b4b3-f184343376b4'),
 ('107', '7', '7', '1', '2017-07-05 16:36:00', NULL, '2017-07-05 16:36:43', '2017-08-07 17:14:41', '4b95f26d-372d-4aa3-bb0f-a053ccbcbbf2'),
 ('108', '7', '7', '1', '2017-07-05 16:37:00', NULL, '2017-07-05 16:37:29', '2017-08-07 17:14:20', '0eb6134b-e265-4cb9-92d2-dc1714053a01'),
 ('109', '7', '7', '1', '2017-07-05 16:37:00', NULL, '2017-07-05 16:37:59', '2017-08-07 17:14:25', '85eb29c5-ddcc-4ac8-a70b-53aa20863291'),
 ('110', '7', '7', '1', '2017-07-05 16:38:00', NULL, '2017-07-05 16:38:39', '2017-08-07 17:14:16', '1e49daa0-c18d-48f1-bc19-53e0fd147878'),
 ('111', '7', '7', '1', '2017-07-05 16:39:03', NULL, '2017-07-05 16:39:03', '2017-07-05 16:39:03', '607c6fb5-4649-4088-b03f-ed79f4952b22'),
 ('112', '7', '7', '1', '2017-07-05 16:39:00', NULL, '2017-07-05 16:39:33', '2017-08-07 17:14:10', '34d88482-7f0d-46e8-b7f3-ea422cb4426d'),
 ('113', '7', '7', '1', '2017-07-05 16:40:00', NULL, '2017-07-05 16:40:12', '2017-08-07 17:14:06', 'c17235e4-2369-42b9-b50f-79000df6d91c'),
 ('114', '7', '7', '1', '2017-07-05 16:41:00', NULL, '2017-07-05 16:41:31', '2017-08-07 17:14:01', '5e9056f9-3d96-4981-b861-d821121a6894'),
 ('115', '7', '7', '1', '2017-07-05 16:42:27', NULL, '2017-07-05 16:42:27', '2017-07-05 16:42:27', '37b1e844-440f-4b76-86ee-0c044773fbae'),
 ('116', '7', '7', '1', '2017-07-05 16:42:00', NULL, '2017-07-05 16:42:56', '2017-08-07 17:13:57', '7b0f5571-6fc1-41cc-a2e3-a8659a166fca'),
 ('117', '7', '7', '1', '2017-07-05 16:43:00', NULL, '2017-07-05 16:43:26', '2017-11-02 22:41:27', '8e4357a4-4980-40c2-b1ba-8e4b1612ad68'),
 ('118', '7', '7', '1', '2017-07-05 16:43:00', NULL, '2017-07-05 16:43:53', '2017-08-07 17:13:52', 'd22a3b19-d7f1-45ac-afb9-23d94dd1bc25'),
 ('152', '5', '5', '1', '2017-08-10 13:26:00', NULL, '2017-08-10 13:26:51', '2017-09-13 21:09:53', '1f1e7cef-4085-467c-ac78-80d81ef18071'),
 ('158', '8', '8', '1', '2017-08-30 15:16:00', NULL, '2017-08-30 15:16:52', '2017-09-18 22:01:42', 'f520e3a0-dae9-448c-af8e-8f64931347d5'),
 ('159', '8', '8', '1', '2017-08-30 15:17:00', NULL, '2017-08-30 15:17:22', '2017-09-18 22:01:50', '90949ac7-d27e-464b-a813-aee3d6b7958f'),
 ('160', '8', '8', '1', '2017-08-30 15:18:00', NULL, '2017-08-30 15:18:06', '2017-09-18 22:01:58', '92ae9de5-06cf-42a1-94da-41641bca2d82'),
 ('164', '2', '2', '1', '2017-09-11 21:46:06', NULL, '2017-09-11 21:46:06', '2017-09-11 21:46:06', 'fcc7d28b-e561-4934-8c8e-8ebb4803fe47'),
 ('165', '2', '2', '1', '2017-09-11 21:46:21', NULL, '2017-09-11 21:46:22', '2017-09-11 21:46:22', '11d85a90-6b11-4763-b88e-9dcc18ecf5ea'),
 ('166', '2', '2', '1', '2017-09-11 21:46:34', NULL, '2017-09-11 21:46:34', '2017-09-11 21:46:34', 'af1d99d8-218f-44ee-b9cf-775112e5f9d0'),
 ('167', '2', '2', '1', '2017-09-11 21:46:44', NULL, '2017-09-11 21:46:44', '2017-09-11 21:46:44', '8121af70-0240-4ff7-9eca-6a9d33e2da17'),
 ('168', '2', '2', '1', '2017-09-11 21:46:55', NULL, '2017-09-11 21:46:55', '2017-09-11 21:46:55', '12ec83a9-e9c1-4fb7-b7ac-73b2c97039a5'),
 ('169', '2', '2', '1', '2017-09-11 21:47:05', NULL, '2017-09-11 21:47:05', '2017-09-11 21:47:05', '4410f868-aa54-4203-98ee-3faa2e63196c'),
 ('170', '2', '2', '1', '2017-09-11 21:47:17', NULL, '2017-09-11 21:47:17', '2017-09-11 21:47:17', 'e60e7cfc-3435-405e-8749-fe2006e0245a'),
 ('171', '2', '2', '1', '2017-09-11 21:47:32', NULL, '2017-09-11 21:47:32', '2017-09-11 21:47:32', '4e401610-bec7-4d35-8a53-a42d7df32b08'),
 ('172', '2', '2', '1', '2017-09-11 21:47:45', NULL, '2017-09-11 21:47:45', '2017-09-11 21:47:45', 'edf18132-51b5-444e-ab81-15bf274998e4'),
 ('173', '2', '2', '1', '2017-09-11 21:47:00', NULL, '2017-09-11 21:47:54', '2017-09-18 22:02:46', 'c37b7733-8208-4f05-9162-6a1a0512fab3'),
 ('174', '2', '2', '1', '2017-09-11 21:48:00', NULL, '2017-09-11 21:48:06', '2017-09-18 22:02:28', '540249b8-d041-49cc-97ac-57958996881f'),
 ('175', '2', '2', '1', '2017-09-11 21:48:00', NULL, '2017-09-11 21:48:44', '2017-11-10 19:11:29', '7b145523-d186-4dd2-b2e9-9892dae8b20d');



DROP TABLE IF EXISTS `craft_entrydrafts`;


--
-- Schema for table `craft_entrydrafts`
--
CREATE TABLE `craft_entrydrafts` (
  `id` int(11) NOT NULL AUTO_INCREMENT,
  `entryId` int(11) NOT NULL,
  `sectionId` int(11) NOT NULL,
  `creatorId` int(11) NOT NULL,
  `locale` char(12) COLLATE utf8_unicode_ci NOT NULL,
  `name` varchar(255) COLLATE utf8_unicode_ci NOT NULL,
  `notes` tinytext COLLATE utf8_unicode_ci,
  `data` mediumtext COLLATE utf8_unicode_ci NOT NULL,
  `dateCreated` datetime NOT NULL,
  `dateUpdated` datetime NOT NULL,
  `uid` char(36) COLLATE utf8_unicode_ci NOT NULL DEFAULT '0',
  PRIMARY KEY (`id`),
  KEY `craft_entrydrafts_entryId_locale_idx` (`entryId`,`locale`),
  KEY `craft_entrydrafts_sectionId_fk` (`sectionId`),
  KEY `craft_entrydrafts_creatorId_fk` (`creatorId`),
  KEY `craft_entrydrafts_locale_fk` (`locale`)
) ENGINE=InnoDB DEFAULT CHARSET=utf8 COLLATE=utf8_unicode_ci;

DROP TABLE IF EXISTS `craft_entrytypes`;


--
-- Schema for table `craft_entrytypes`
--
CREATE TABLE `craft_entrytypes` (
  `id` int(11) NOT NULL AUTO_INCREMENT,
  `sectionId` int(11) NOT NULL,
  `fieldLayoutId` int(11) DEFAULT NULL,
  `name` varchar(255) COLLATE utf8_unicode_ci NOT NULL,
  `handle` varchar(255) COLLATE utf8_unicode_ci NOT NULL,
  `hasTitleField` tinyint(1) unsigned NOT NULL DEFAULT '1',
  `titleLabel` varchar(255) COLLATE utf8_unicode_ci DEFAULT 'Title',
  `titleFormat` varchar(255) COLLATE utf8_unicode_ci DEFAULT NULL,
  `sortOrder` smallint(6) unsigned DEFAULT NULL,
  `dateCreated` datetime NOT NULL,
  `dateUpdated` datetime NOT NULL,
  `uid` char(36) COLLATE utf8_unicode_ci NOT NULL DEFAULT '0',
  PRIMARY KEY (`id`),
  UNIQUE KEY `craft_entrytypes_name_sectionId_unq_idx` (`name`,`sectionId`),
  UNIQUE KEY `craft_entrytypes_handle_sectionId_unq_idx` (`handle`,`sectionId`),
  KEY `craft_entrytypes_sectionId_fk` (`sectionId`),
  KEY `craft_entrytypes_fieldLayoutId_fk` (`fieldLayoutId`)
) ENGINE=InnoDB AUTO_INCREMENT=17 DEFAULT CHARSET=utf8 COLLATE=utf8_unicode_ci;

--
-- Data for table `craft_entrytypes`
--

INSERT INTO `craft_entrytypes` (`id`, `sectionId`, `fieldLayoutId`, `name`, `handle`, `hasTitleField`, `titleLabel`, `titleFormat`, `sortOrder`, `dateCreated`, `dateUpdated`, `uid`) VALUES
 ('1', '1', '97', 'Homepage', 'homepage', '1', 'Title', NULL, '1', '2017-04-18 15:33:03', '2017-08-10 03:00:20', '352fa8f6-a04d-4645-a9ee-1b303fd2c9e3'),
 ('2', '2', '130', 'News', 'news', '1', 'Title', NULL, '1', '2017-04-18 15:33:03', '2017-09-18 21:21:48', '72099c15-3ea4-43d7-9d77-ecd0b426e208'),
 ('3', '3', '137', 'Programs', 'programs', '1', 'Title', NULL, '1', '2017-04-20 13:29:33', '2017-10-23 19:39:27', 'cee8d742-ed82-4ba6-b9af-e573e8e40f35'),
 ('4', '4', '89', 'Classes', 'classes', '1', 'Title', NULL, '1', '2017-04-20 13:29:43', '2017-07-05 17:03:48', 'f93db830-30ed-4f1b-84d5-1712f0a80a52'),
 ('5', '5', '121', 'Success Story', 'successStory', '1', 'Title', NULL, '1', '2017-04-20 13:29:54', '2017-09-13 21:11:40', 'd8152f74-7efe-4bb4-b6bd-e5de1a7b1298'),
 ('6', '6', '122', 'Projects', 'projects', '1', 'Title', NULL, '1', '2017-04-20 13:29:58', '2017-09-13 21:11:57', '92ab029f-aed9-4cc0-9c51-99fe46f319b5'),
 ('7', '7', '140', 'Faculty/Staff', 'facultyStaff', '1', 'Title', NULL, '1', '2017-04-20 13:30:04', '2017-11-02 22:41:11', '48159d04-1659-42fa-af9c-697e70e29874'),
 ('8', '8', '131', 'Events', 'events', '1', 'Title', NULL, '1', '2017-04-20 13:30:10', '2017-09-18 21:22:17', '7707cd2e-4412-4666-a19b-c70ba6d8686d'),
 ('10', '10', '138', 'Programs Landing Page', 'programsLandingPage', '1', 'Title', NULL, '1', '2017-04-20 13:30:32', '2017-10-23 22:09:36', '416a8f14-740d-44d0-b7ef-044804653f22'),
 ('11', '11', '99', 'Faculty/Staff Landing Page', 'facultyStaffLandingPage', '1', '', NULL, '1', '2017-04-20 13:30:45', '2017-08-10 15:34:44', 'bd1950dd-226e-4019-9dfb-3a4957005147'),
 ('12', '12', '37', 'News/Calendars Landing Page', 'newsCalendarsLandingPage', '1', 'Title', NULL, '1', '2017-04-20 13:31:02', '2017-04-20 14:02:02', 'f611df7b-13b3-425f-a780-4d7f2e7f7e8f'),
 ('13', '13', '117', 'Admissions', 'admissions', '1', '', NULL, '1', '2017-04-20 14:32:28', '2017-09-08 16:44:06', 'a5710171-5c92-45af-ba3a-236428850cb0'),
 ('14', '14', '142', 'Forms', 'form', '0', NULL, '{section.name|raw}', '1', '2017-04-27 14:59:34', '2017-11-03 17:57:27', '807e0fbf-7a6f-446a-8df6-f9a0b5a62e3a'),
 ('16', '16', '118', 'Electives', 'electives', '1', 'Title', NULL, '1', '2017-07-05 17:00:17', '2017-09-08 16:44:29', '3c3f088f-0893-419d-b437-60b7004f51f5');



DROP TABLE IF EXISTS `craft_entryversions`;


--
-- Schema for table `craft_entryversions`
--
CREATE TABLE `craft_entryversions` (
  `id` int(11) NOT NULL AUTO_INCREMENT,
  `entryId` int(11) NOT NULL,
  `sectionId` int(11) NOT NULL,
  `creatorId` int(11) DEFAULT NULL,
  `locale` char(12) COLLATE utf8_unicode_ci NOT NULL,
  `num` smallint(6) unsigned NOT NULL,
  `notes` tinytext COLLATE utf8_unicode_ci,
  `data` mediumtext COLLATE utf8_unicode_ci NOT NULL,
  `dateCreated` datetime NOT NULL,
  `dateUpdated` datetime NOT NULL,
  `uid` char(36) COLLATE utf8_unicode_ci NOT NULL DEFAULT '0',
  PRIMARY KEY (`id`),
  KEY `craft_entryversions_entryId_locale_idx` (`entryId`,`locale`),
  KEY `craft_entryversions_sectionId_fk` (`sectionId`),
  KEY `craft_entryversions_creatorId_fk` (`creatorId`),
  KEY `craft_entryversions_locale_fk` (`locale`)
) ENGINE=InnoDB AUTO_INCREMENT=306 DEFAULT CHARSET=utf8 COLLATE=utf8_unicode_ci;

--
-- Data for table `craft_entryversions`
--

INSERT INTO `craft_entryversions` (`id`, `entryId`, `sectionId`, `creatorId`, `locale`, `num`, `notes`, `data`, `dateCreated`, `dateUpdated`, `uid`) VALUES
 ('1', '2', '1', '1', 'en_us', '1', NULL, '{\"typeId\":\"1\",\"authorId\":null,\"title\":\"Homepage\",\"slug\":\"homepage\",\"postDate\":1492529583,\"expiryDate\":null,\"enabled\":1,\"parentId\":null,\"fields\":[]}', '2017-04-18 15:33:03', '2017-04-18 15:33:03', '787040da-8f81-4bf0-b5d4-2bd4b6b63128'),
 ('2', '2', '1', '1', 'en_us', '2', NULL, '{\"typeId\":null,\"authorId\":null,\"title\":\"Welcome to Careertech.web!\",\"slug\":\"homepage\",\"postDate\":1492529583,\"expiryDate\":null,\"enabled\":\"1\",\"parentId\":null,\"fields\":{\"1\":\"<p>It\\u2019s true, this site doesn\\u2019t have a whole lot of content yet, but don\\u2019t worry. Our web developers have just installed the CMS, and they\\u2019re setting things up for the content editors this very moment. Soon Careertech.web will be an oasis of fresh perspectives, sharp analyses, and astute opinions that will keep you coming back again and again.<\\/p>\"}}', '2017-04-18 15:33:03', '2017-04-18 15:33:03', 'd3277286-0efe-4ed4-a82f-45a4ddaeba52'),
 ('3', '3', '2', '1', 'en_us', '1', NULL, '{\"typeId\":\"2\",\"authorId\":\"1\",\"title\":\"We just installed Craft!\",\"slug\":\"we-just-installed-craft\",\"postDate\":1492529583,\"expiryDate\":null,\"enabled\":1,\"parentId\":null,\"fields\":[]}', '2017-04-18 15:33:03', '2017-04-18 15:33:03', '912f632c-b2e1-4c2a-9db0-e93cbcda02d1'),
 ('4', '4', '10', '1', 'en_us', '1', NULL, '{\"typeId\":\"10\",\"authorId\":null,\"title\":\"Programs Landing Page\",\"slug\":\"programs-landing-page\",\"postDate\":1492695032,\"expiryDate\":null,\"enabled\":1,\"parentId\":null,\"fields\":[]}', '2017-04-20 13:30:32', '2017-04-20 13:30:32', '1b21adf6-852c-4219-9e83-d4011bcd09d4'),
 ('5', '5', '11', '1', 'en_us', '1', NULL, '{\"typeId\":\"11\",\"authorId\":null,\"title\":\"Faculty\\/Staff Landing Page\",\"slug\":\"faculty-staff-landing-page\",\"postDate\":1492695045,\"expiryDate\":null,\"enabled\":1,\"parentId\":null,\"fields\":[]}', '2017-04-20 13:30:45', '2017-04-20 13:30:45', 'b6f88a6a-ec6a-45ec-8dfa-3460536eb1ba'),
 ('6', '6', '12', '1', 'en_us', '1', NULL, '{\"typeId\":\"12\",\"authorId\":null,\"title\":\"News\\/Calendars Landing Page\",\"slug\":\"news-calendars-landing-page\",\"postDate\":1492695062,\"expiryDate\":null,\"enabled\":1,\"parentId\":null,\"fields\":[]}', '2017-04-20 13:31:02', '2017-04-20 13:31:02', '89528b85-9fff-4d27-85e2-accc2dfc204e'),
 ('7', '2', '1', '1', 'en_us', '3', '', '{\"typeId\":null,\"authorId\":null,\"title\":\"Home\",\"slug\":\"homepage\",\"postDate\":1492529583,\"expiryDate\":null,\"enabled\":1,\"parentId\":null,\"fields\":{\"22\":\"\",\"23\":\"\",\"24\":\"\",\"1\":\"<p>It\\u2019s true, this site doesn\\u2019t have a whole lot of content yet, but don\\u2019t worry. Our web developers have just installed the CMS, and they\\u2019re setting things up for the content editors this very moment. Soon Careertech.web will be an oasis of fresh perspectives, sharp analyses, and astute opinions that will keep you coming back again and again.<\\/p>\",\"31\":\"\",\"32\":\"\",\"33\":\"\",\"34\":\"\",\"35\":\"\",\"36\":\"\"}}', '2017-04-20 14:10:10', '2017-04-20 14:10:10', '707015e9-a4b7-4410-8c09-0b7cd77f1dcc'),
 ('8', '2', '1', '1', 'en_us', '4', '', '{\"typeId\":null,\"authorId\":null,\"title\":\"Home\",\"slug\":\"homepage\",\"postDate\":1492529583,\"expiryDate\":null,\"enabled\":1,\"parentId\":null,\"fields\":{\"22\":\"\",\"23\":\"Lorem ipsum dolor sit amet, consectetuer adipiscing elit. Aenean commodo ligula eget dolor. Aenean massa. Cum sociis natoque penatibus et magnis dis parturient montes, nascetur ridiculus mus.\",\"24\":\"Admissions\",\"1\":\"<p>It\\u2019s true, this site doesn\\u2019t have a whole lot of content yet, but don\\u2019t worry. Our web developers have just installed the CMS, and they\\u2019re setting things up for the content editors this very moment. Soon Careertech.web will be an oasis of fresh perspectives, sharp analyses, and astute opinions that will keep you coming back again and again.<\\/p>\",\"31\":\"1\",\"32\":\"News\",\"33\":\"Explore Pathways\",\"34\":[\"4\"],\"35\":\"\",\"36\":\"Welcome\"}}', '2017-04-20 14:11:54', '2017-04-20 14:11:54', '9e2314e7-19cc-496d-8d94-48b10f08b5ef'),
 ('9', '9', '13', '1', 'en_us', '1', NULL, '{\"typeId\":\"13\",\"authorId\":null,\"title\":\"Admissions\",\"slug\":\"admissions\",\"postDate\":1492698748,\"expiryDate\":null,\"enabled\":1,\"parentId\":null,\"fields\":[]}', '2017-04-20 14:32:28', '2017-04-20 14:32:28', '10955289-f314-4e80-8b02-1032d5edd82d'),
 ('10', '2', '1', '1', 'en_us', '5', '', '{\"typeId\":null,\"authorId\":null,\"title\":\"Home\",\"slug\":\"homepage\",\"postDate\":1492529583,\"expiryDate\":null,\"enabled\":1,\"parentId\":null,\"fields\":{\"37\":[\"9\"],\"22\":\"\",\"23\":\"Lorem ipsum dolor sit amet, consectetuer adipiscing elit. Aenean commodo ligula eget dolor. Aenean massa. Cum sociis natoque penatibus et magnis dis parturient montes, nascetur ridiculus mus.\",\"24\":\"Admissions\",\"1\":\"<p>It\\u2019s true, this site doesn\\u2019t have a whole lot of content yet, but don\\u2019t worry. Our web developers have just installed the CMS, and they\\u2019re setting things up for the content editors this very moment. Soon Careertech.web will be an oasis of fresh perspectives, sharp analyses, and astute opinions that will keep you coming back again and again.<\\/p>\",\"31\":\"1\",\"32\":\"News\",\"33\":\"Explore Pathways\",\"34\":[\"4\"],\"35\":\"\",\"36\":\"Welcome\"}}', '2017-04-20 14:33:36', '2017-04-20 14:33:36', 'b6a3dfbd-08be-418b-94af-4aecefb97682'),
 ('11', '2', '1', '1', 'en_us', '6', '', '{\"typeId\":null,\"authorId\":null,\"title\":\"Home\",\"slug\":\"homepage\",\"postDate\":1492529583,\"expiryDate\":null,\"enabled\":1,\"parentId\":null,\"fields\":{\"37\":[\"9\"],\"22\":\"\",\"23\":\"Lorem ipsum dolor sit amet, consectetuer adipiscing elit. Aenean commodo ligula eget dolor. Aenean massa. Cum sociis natoque penatibus et magnis dis parturient montes, nascetur ridiculus mus.\",\"24\":\"Admissions\",\"1\":\"<p>It\\u2019s true, this site doesn\\u2019t have a whole lot of content yet, but don\\u2019t worry. Our web developers have just installed the CMS, and they\\u2019re setting things up for the content editors this very moment. Soon Careertech.web will be an oasis of fresh perspectives, sharp analyses, and astute opinions that will keep you coming back again and again.<\\/p>\",\"31\":\"\",\"32\":\"News\",\"33\":\"Explore Pathways\",\"34\":[\"4\"],\"35\":\"\",\"36\":\"Welcome\"}}', '2017-04-20 14:37:12', '2017-04-20 14:37:12', '1df2c924-5b32-4294-96a4-14c02e567bfe'),
 ('12', '2', '1', '1', 'en_us', '7', '', '{\"typeId\":null,\"authorId\":null,\"title\":\"Home\",\"slug\":\"homepage\",\"postDate\":1492529583,\"expiryDate\":null,\"enabled\":1,\"parentId\":null,\"fields\":{\"37\":[\"9\"],\"22\":\"\",\"23\":\"Lorem ipsum dolor sit amet, consectetuer adipiscing elit. Aenean commodo ligula eget dolor. Aenean massa. Cum sociis natoque penatibus et magnis dis parturient montes, nascetur ridiculus mus.\",\"24\":\"Admissions\",\"1\":\"<p>It\\u2019s true, this site doesn\\u2019t have a whole lot of content yet, but don\\u2019t worry. Our web developers have just installed the CMS, and they\\u2019re setting things up for the content editors this very moment. Soon Careertech.web will be an oasis of fresh perspectives, sharp analyses, and astute opinions that will keep you coming back again and again.<\\/p>\",\"31\":\"1\",\"32\":\"News\",\"33\":\"Explore Pathways\",\"34\":[\"4\"],\"35\":\"\",\"36\":\"Welcome\"}}', '2017-04-20 14:38:57', '2017-04-20 14:38:57', '14646f7c-ca41-4b7c-8c49-f644f22d101e'),
 ('13', '2', '1', '1', 'en_us', '8', '', '{\"typeId\":null,\"authorId\":null,\"title\":\"Home\",\"slug\":\"homepage\",\"postDate\":1492529583,\"expiryDate\":null,\"enabled\":1,\"parentId\":null,\"fields\":{\"37\":[\"9\"],\"22\":\"\",\"23\":\"Lorem ipsum dolor sit amet, consectetuer adipiscing elit. Aenean commodo ligula eget dolor. Aenean massa. Cum sociis natoque penatibus et magnis dis parturient montes, nascetur ridiculus mus.\",\"24\":\"Admissions\",\"1\":\"<p>It\\u2019s true, this site doesn\\u2019t have a whole lot of content yet, but don\\u2019t worry. Our web developers have just installed the CMS, and they\\u2019re setting things up for the content editors this very moment. Soon Careertech.web will be an oasis of fresh perspectives, sharp analyses, and astute opinions that will keep you coming back again and again.<\\/p>\",\"31\":\"\",\"32\":\"News\",\"33\":\"Explore Pathways\",\"34\":[\"4\"],\"35\":\"\",\"36\":\"Welcome\"}}', '2017-04-20 14:41:58', '2017-04-20 14:41:58', '65d586a2-36c9-49f7-babc-77c3469f1f4f'),
 ('14', '2', '1', '1', 'en_us', '9', '', '{\"typeId\":null,\"authorId\":null,\"title\":\"Home\",\"slug\":\"homepage\",\"postDate\":1492529583,\"expiryDate\":null,\"enabled\":1,\"parentId\":null,\"fields\":{\"37\":[\"9\"],\"22\":\"\",\"23\":\"Lorem ipsum dolor sit amet, consectetuer adipiscing elit. Aenean commodo ligula eget dolor. Aenean massa. Cum sociis natoque penatibus et magnis dis parturient montes, nascetur ridiculus mus.\",\"24\":\"Admissions\",\"1\":\"<p>It\\u2019s true, this site doesn\\u2019t have a whole lot of content yet, but don\\u2019t worry. Our web developers have just installed the CMS, and they\\u2019re setting things up for the content editors this very moment. Soon Careertech.web will be an oasis of fresh perspectives, sharp analyses, and astute opinions that will keep you coming back again and again.<\\/p>\",\"31\":\"1\",\"32\":\"News\",\"33\":\"Explore Pathways\",\"34\":[\"4\"],\"35\":\"\",\"36\":\"Welcome\"}}', '2017-04-20 14:42:08', '2017-04-20 14:42:08', '81846b1e-5131-43e9-ad26-0b10fedded27'),
 ('15', '4', '10', '1', 'en_us', '2', '', '{\"typeId\":\"10\",\"authorId\":null,\"title\":\"Explore Programs\",\"slug\":\"programs-landing-page\",\"postDate\":1492697341,\"expiryDate\":null,\"enabled\":1,\"parentId\":null,\"fields\":{\"1\":\"<p>Lorem ipsum dolor sit amet, consectetuer adipiscing elit. Aenean commodo<br>ligula eget dolor. Aenean massa. Cum sociis natoque penatibus et<br>magnis dis parturient montes, nascetur ridiculus mus.<\\/p>\"}}', '2017-04-20 14:47:32', '2017-04-20 14:47:32', '1923a374-6eb7-439c-a18f-32fe42d5f701'),
 ('42', '35', '14', '1', 'en_us', '1', NULL, '{\"typeId\":\"14\",\"authorId\":null,\"title\":\"Form\",\"slug\":\"form\",\"postDate\":1493305174,\"expiryDate\":null,\"enabled\":1,\"parentId\":null,\"fields\":[]}', '2017-04-27 14:59:34', '2017-04-27 14:59:34', '5cc388d8-f7a6-4a7f-99aa-1cd68bbe3c6c'),
 ('43', '2', '1', '1', 'en_us', '10', '', '{\"typeId\":null,\"authorId\":null,\"title\":\"Home\",\"slug\":\"homepage\",\"postDate\":1492529583,\"expiryDate\":null,\"enabled\":1,\"parentId\":null,\"fields\":{\"37\":[\"9\"],\"22\":\"\",\"23\":\"Lorem ipsum dolor sit amet, consectetuer adipiscing elit. Aenean commodo ligula eget dolor. Aenean massa. Cum sociis natoque penatibus et magnis dis parturient montes, nascetur ridiculus mus.\",\"24\":\"Admissions\",\"1\":\"<p>It\\u2019s true, this site doesn\\u2019t have a whole lot of content yet, but don\\u2019t worry. Our web developers have just installed the CMS, and they\\u2019re setting things up for the content editors this very moment. Soon Careertech.web will be an oasis of fresh perspectives, sharp analyses, and astute opinions that will keep you coming back again and again.<\\/p>\",\"15\":[\"36\"],\"31\":\"1\",\"32\":\"News\",\"33\":\"Explore Pathways\",\"34\":[\"4\"],\"35\":\"\",\"36\":\"Welcome\"}}', '2017-05-02 13:37:32', '2017-05-02 13:37:32', '04b2b2d4-4e17-44a9-ac4a-d1b90d7aa7b5'),
 ('44', '2', '1', '1', 'en_us', '11', '', '{\"typeId\":null,\"authorId\":null,\"title\":\"Home\",\"slug\":\"homepage\",\"postDate\":1492529583,\"expiryDate\":null,\"enabled\":1,\"parentId\":null,\"fields\":{\"37\":[\"9\"],\"22\":\"\",\"23\":\"Lorem ipsum dolor sit amet, consectetuer adipiscing elit. Aenean commodo ligula eget dolor. Aenean massa. Cum sociis natoque penatibus et magnis dis parturient montes, nascetur ridiculus mus.\",\"24\":\"Admissions\",\"1\":\"<p>It\\u2019s true, this site doesn\\u2019t have a whole lot of content yet, but don\\u2019t worry. Our web developers have just installed the CMS, and they\\u2019re setting things up for the content editors this very moment. Soon Careertech.web will be an oasis of fresh perspectives, sharp analyses, and astute opinions that will keep you coming back again and again.<\\/p>\",\"15\":[\"36\"],\"31\":\"1\",\"32\":\"News\",\"33\":\"Explore Pathways\",\"34\":[\"4\"],\"35\":\"\",\"36\":\"Welcome\"}}', '2017-05-02 13:38:54', '2017-05-02 13:38:54', '1d02e6f3-8fb4-4761-8a49-4c8d67628cda'),
 ('45', '37', '2', '1', 'en_us', '1', '', '{\"typeId\":null,\"authorId\":\"1\",\"title\":\"More News\",\"slug\":\"more-news\",\"postDate\":1493733046,\"expiryDate\":null,\"enabled\":1,\"parentId\":null,\"fields\":{\"1\":\"<p>Here is another news entry&nbsp;<\\/p>\",\"2\":\"\"}}', '2017-05-02 13:50:46', '2017-05-02 13:50:46', 'fdfb8f2d-56d1-43f0-a48b-e230d010b6bc'),
 ('46', '4', '10', '1', 'en_us', '3', '', '{\"typeId\":\"10\",\"authorId\":null,\"title\":\"Explore Programs\",\"slug\":\"programs-landing-page\",\"postDate\":1492697341,\"expiryDate\":null,\"enabled\":1,\"parentId\":null,\"fields\":{\"1\":\"<p>Lorem ipsum dolor sit amet, consectetuer adipiscing elit. Aenean commodo<br>ligula eget dolor. Aenean massa. Cum sociis natoque penatibus et<br>magnis dis parturient montes, nascetur ridiculus mus.<\\/p>\"}}', '2017-05-02 14:13:10', '2017-05-02 14:13:10', '3f0fa617-7384-4a14-8de6-b62feccd9653'),
 ('47', '4', '10', '1', 'en_us', '4', '', '{\"typeId\":\"10\",\"authorId\":null,\"title\":\"Explore Programs\",\"slug\":\"programs-landing-page\",\"postDate\":1492697341,\"expiryDate\":null,\"enabled\":1,\"parentId\":null,\"fields\":{\"1\":\"<p>Lorem ipsum dolor sit amet, consectetuer adipiscing elit. Aenean commodo<br>ligula eget dolor. Aenean massa. Cum sociis natoque penatibus et<br>magnis dis parturient montes, nascetur ridiculus mus.<\\/p>\",\"15\":[\"36\"]}}', '2017-05-02 14:13:50', '2017-05-02 14:13:50', '0327c6f1-689e-4e10-a895-83708eeae7e0'),
 ('52', '9', '13', '1', 'en_us', '2', '', '{\"typeId\":\"13\",\"authorId\":null,\"title\":\"Admissions\",\"slug\":\"admissions\",\"postDate\":1492699082,\"expiryDate\":null,\"enabled\":1,\"parentId\":null,\"fields\":{\"16\":\"\",\"15\":\"\",\"47\":\"<p>Lorem ipsum dolor sit amet, consectetuer adipiscing elit. Aenean commodo ligula eget dolor. Aenean massa. Cum sociis natoque penatibus et magnis dis parturient montes, nascetur ridiculus mus.<\\/p>\",\"48\":\"<p>Lorem ipsum dolor sit amet, consectetuer adipiscing elit. Aenean commodo ligula eget dolor. Aenean massa. Cum sociis natoque penatibus et magnis dis parturient montes, nascetur ridiculus mus.<\\/p>\",\"49\":\"<p>Lorem ipsum dolor sit amet, consectetuer adipiscing elit. Aenean commodo ligula eget dolor. Aenean massa. Cum sociis natoque penatibus et magnis dis parturient montes, nascetur ridiculus mus.<\\/p>\"}}', '2017-05-02 16:03:00', '2017-05-02 16:03:00', 'f557d3b8-971a-4e47-b34c-3d01b7b09348'),
 ('53', '9', '13', '1', 'en_us', '3', '', '{\"typeId\":\"13\",\"authorId\":null,\"title\":\"Admissions\",\"slug\":\"admissions\",\"postDate\":1492699082,\"expiryDate\":null,\"enabled\":1,\"parentId\":null,\"fields\":{\"16\":\"1\",\"15\":\"\",\"47\":\"<p>Lorem ipsum dolor sit amet, consectetuer adipiscing elit. Aenean commodo ligula eget dolor. Aenean massa. Cum sociis natoque penatibus et magnis dis parturient montes, nascetur ridiculus mus.<\\/p>\",\"48\":\"<p>Lorem ipsum dolor sit amet, consectetuer adipiscing elit. Aenean commodo ligula eget dolor. Aenean massa. Cum sociis natoque penatibus et magnis dis parturient montes, nascetur ridiculus mus.<\\/p>\",\"49\":\"<p>Lorem ipsum dolor sit amet, consectetuer adipiscing elit. Aenean commodo ligula eget dolor. Aenean massa. Cum sociis natoque penatibus et magnis dis parturient montes, nascetur ridiculus mus.<\\/p>\"}}', '2017-05-02 16:08:11', '2017-05-02 16:08:11', '348dad48-5f65-4914-9d4c-8568b9f6413f'),
 ('54', '9', '13', '1', 'en_us', '4', '', '{\"typeId\":\"13\",\"authorId\":null,\"title\":\"Admissions\",\"slug\":\"admissions\",\"postDate\":1492699082,\"expiryDate\":null,\"enabled\":1,\"parentId\":null,\"fields\":{\"16\":\"\",\"15\":\"\",\"47\":\"<p>Lorem ipsum dolor sit amet, consectetuer adipiscing elit. Aenean commodo ligula eget dolor. Aenean massa. Cum sociis natoque penatibus et magnis dis parturient montes, nascetur ridiculus mus.<\\/p>\",\"48\":\"<p>Lorem ipsum dolor sit amet, consectetuer adipiscing elit. Aenean commodo ligula eget dolor. Aenean massa. Cum sociis natoque penatibus et magnis dis parturient montes, nascetur ridiculus mus.<\\/p>\",\"49\":\"<p>Lorem ipsum dolor sit amet, consectetuer adipiscing elit. Aenean commodo ligula eget dolor. Aenean massa. Cum sociis natoque penatibus et magnis dis parturient montes, nascetur ridiculus mus.<\\/p>\"}}', '2017-05-02 16:08:21', '2017-05-02 16:08:21', 'ea52363d-9794-48e9-8e9d-8ba60c2829b0'),
 ('55', '9', '13', '1', 'en_us', '5', '', '{\"typeId\":\"13\",\"authorId\":null,\"title\":\"Admissions\",\"slug\":\"admissions\",\"postDate\":1492699082,\"expiryDate\":null,\"enabled\":1,\"parentId\":null,\"fields\":{\"16\":\"\",\"50\":[{\"col1\":\"Program \",\"col2\":\"Fall 2017\",\"col3\":\"Spring 2017\"},{\"col1\":\"General\",\"col2\":\"May 1, 2017\",\"col3\":\"Dec 1, 2017\"},{\"col1\":\"Specific 1\",\"col2\":\"May 1, 2017\",\"col3\":\"Dec 1, 2017\"},{\"col1\":\"Specific 2\",\"col2\":\"May 1, 2017\",\"col3\":\"Dec 1, 2017\"}],\"15\":\"\",\"47\":\"<p>Lorem ipsum dolor sit amet, consectetuer adipiscing elit. Aenean commodo ligula eget dolor. Aenean massa. Cum sociis natoque penatibus et magnis dis parturient montes, nascetur ridiculus mus.<\\/p>\",\"48\":\"<p>Lorem ipsum dolor sit amet, consectetuer adipiscing elit. Aenean commodo ligula eget dolor. Aenean massa. Cum sociis natoque penatibus et magnis dis parturient montes, nascetur ridiculus mus.<\\/p>\",\"49\":\"<p>Lorem ipsum dolor sit amet, consectetuer adipiscing elit. Aenean commodo ligula eget dolor. Aenean massa. Cum sociis natoque penatibus et magnis dis parturient montes, nascetur ridiculus mus.<\\/p>\"}}', '2017-05-04 14:04:52', '2017-05-04 14:04:52', '9e03f86c-3602-4352-a51d-9933a2e027d3'),
 ('56', '9', '13', '1', 'en_us', '6', '', '{\"typeId\":\"13\",\"authorId\":null,\"title\":\"Admissions\",\"slug\":\"admissions\",\"postDate\":1492699082,\"expiryDate\":null,\"enabled\":1,\"parentId\":null,\"fields\":{\"16\":\"\",\"51\":{\"new1\":{\"type\":\"criteria\",\"enabled\":\"1\",\"fields\":{\"courseTitle\":\"Specific 1\",\"description\":\"<p>Lorem ipsum dolor sit amet, consectetuer adipiscing elit. Aenean commodo ligula eget dolor. Aenean massa. Cum sociis natoque penatibus et magnis dis parturient montes, nascetur ridiculus mus.<span class=\\\"Apple-tab-span\\\" style=\\\"white-space:pre\\\">\\t<\\/span><\\/p>\"}},\"new2\":{\"type\":\"criteria\",\"enabled\":\"1\",\"fields\":{\"courseTitle\":\"Specific 2\",\"description\":\"<p>Lorem ipsum dolor sit amet, consectetuer adipiscing elit. Aenean commodo ligula eget dolor. Aenean massa. Cum sociis natoque penatibus et magnis dis parturient montes, nascetur ridiculus mus.<\\/p>\"}}},\"50\":[{\"col1\":\"Program \",\"col2\":\"Fall 2017\",\"col3\":\"Spring 2017\"},{\"col1\":\"General\",\"col2\":\"May 1, 2017\",\"col3\":\"Dec 1, 2017\"},{\"col1\":\"Specific 1\",\"col2\":\"May 1, 2017\",\"col3\":\"Dec 1, 2017\"},{\"col1\":\"Specific 2\",\"col2\":\"May 1, 2017\",\"col3\":\"Dec 1, 2017\"}],\"15\":\"\",\"47\":\"<p>Lorem ipsum dolor sit amet, consectetuer adipiscing elit. Aenean commodo ligula eget dolor. Aenean massa. Cum sociis natoque penatibus et magnis dis parturient montes, nascetur ridiculus mus.<\\/p>\",\"48\":\"<p>Lorem ipsum dolor sit amet, consectetuer adipiscing elit. Aenean commodo ligula eget dolor. Aenean massa. Cum sociis natoque penatibus et magnis dis parturient montes, nascetur ridiculus mus.<\\/p>\",\"49\":\"<p>Lorem ipsum dolor sit amet, consectetuer adipiscing elit. Aenean commodo ligula eget dolor. Aenean massa. Cum sociis natoque penatibus et magnis dis parturient montes, nascetur ridiculus mus.<\\/p>\"}}', '2017-05-04 14:25:04', '2017-05-04 14:25:04', '7a61df38-57b9-4907-af0a-ce3fd6e3ce41'),
 ('57', '9', '13', '1', 'en_us', '7', '', '{\"typeId\":\"13\",\"authorId\":null,\"title\":\"Admissions\",\"slug\":\"admissions\",\"postDate\":1492699082,\"expiryDate\":null,\"enabled\":1,\"parentId\":null,\"fields\":{\"16\":\"\",\"51\":{\"43\":{\"type\":\"criteria\",\"enabled\":\"1\",\"fields\":{\"courseTitle\":\"Specific 1\",\"description\":\"<p>Lorem ipsum dolor sit amet, consectetuer adipiscing elit. Aenean commodo ligula eget dolor. Aenean massa. Cum sociis natoque penatibus et magnis dis parturient montes, nascetur ridiculus mus.\\t<\\/p>\"}},\"44\":{\"type\":\"criteria\",\"enabled\":\"1\",\"fields\":{\"courseTitle\":\"Specific 2\",\"description\":\"<p>Lorem ipsum dolor sit amet, consectetuer adipiscing elit. Aenean commodo ligula eget dolor. Aenean massa. Cum sociis natoque penatibus et magnis dis parturient montes, nascetur ridiculus mus.<\\/p>\"}}},\"50\":[{\"col1\":\"Program \",\"col2\":\"Fall 2017\",\"col3\":\"Spring 2017\"},{\"col1\":\"General\",\"col2\":\"May 1, 2017\",\"col3\":\"Dec 1, 2017\"},{\"col1\":\"Specific 1\",\"col2\":\"May 1, 2017\",\"col3\":\"Dec 1, 2017\"},{\"col1\":\"Specific 2\",\"col2\":\"May 1, 2017\",\"col3\":\"Dec 1, 2017\"}],\"15\":\"\",\"47\":\"<p>Lorem ipsum dolor sit amet, consectetuer adipiscing elit. Aenean commodo ligula eget dolor. Aenean massa. Cum sociis natoque penatibus et magnis dis parturient montes, nascetur ridiculus mus.<\\/p>\",\"48\":\"<p>Lorem ipsum dolor sit amet, consectetuer adipiscing elit. Aenean commodo ligula eget dolor. Aenean massa. Cum sociis natoque penatibus et magnis dis parturient montes, nascetur ridiculus mus.<\\/p>\",\"49\":\"<p>Lorem ipsum dolor sit amet, consectetuer adipiscing elit. Aenean commodo ligula eget dolor. Aenean massa. Cum sociis natoque penatibus et magnis dis parturient montes, nascetur ridiculus mus.<\\/p>\"}}', '2017-05-04 14:29:06', '2017-05-04 14:29:06', '5078e567-58e1-422a-875f-8e1f317665b3'),
 ('58', '9', '13', '1', 'en_us', '8', '', '{\"typeId\":\"13\",\"authorId\":null,\"title\":\"Admissions\",\"slug\":\"admissions\",\"postDate\":1492699082,\"expiryDate\":null,\"enabled\":1,\"parentId\":null,\"fields\":{\"16\":\"\",\"51\":{\"43\":{\"type\":\"criteria\",\"enabled\":\"1\",\"fields\":{\"courseTitle\":\"Specific 1\",\"description\":\"<p>Lorem ipsum dolor sit amet, consectetuer adipiscing elit. Aenean commodo ligula eget dolor. Aenean massa. Cum sociis natoque penatibus et magnis dis parturient montes, nascetur ridiculus mus.\\t<\\/p>\"}},\"44\":{\"type\":\"criteria\",\"enabled\":\"1\",\"fields\":{\"courseTitle\":\"Specific 2\",\"description\":\"<p>Lorem ipsum dolor sit amet, consectetuer adipiscing elit. Aenean commodo ligula eget dolor. Aenean massa. Cum sociis natoque penatibus et magnis dis parturient montes, nascetur ridiculus mus.<\\/p>\"}}},\"50\":[{\"col1\":\"Program \",\"col2\":\"Fall 2017\",\"col3\":\"Spring 2017\"},{\"col1\":\"General\",\"col2\":\"May 1, 2017\",\"col3\":\"Dec 1, 2017\"},{\"col1\":\"Specific 1\",\"col2\":\"May 1, 2017\",\"col3\":\"Dec 1, 2017\"},{\"col1\":\"Specific 2\",\"col2\":\"May 1, 2017\",\"col3\":\"Dec 1, 2017\"}],\"15\":\"\",\"47\":\"<p>Lorem ipsum dolor sit amet, consectetuer adipiscing elit. Aenean commodo ligula eget dolor. Aenean massa. Cum sociis natoque penatibus et magnis dis parturient montes, nascetur ridiculus mus.<\\/p>\"}}', '2017-05-04 14:30:29', '2017-05-04 14:30:29', 'bff0ae11-49aa-4be0-b46c-57e931b5cc78'),
 ('59', '9', '13', '1', 'en_us', '9', '', '{\"typeId\":\"13\",\"authorId\":null,\"title\":\"Admissions\",\"slug\":\"admissions\",\"postDate\":1492699082,\"expiryDate\":null,\"enabled\":1,\"parentId\":null,\"fields\":{\"16\":\"\",\"51\":{\"43\":{\"type\":\"criteria\",\"enabled\":\"1\",\"fields\":{\"courseTitle\":\"Specific 1\",\"description\":\"<p>Lorem ipsum dolor sit amet, consectetuer adipiscing elit. Aenean commodo ligula eget dolor. Aenean massa. Cum sociis natoque penatibus et magnis dis parturient montes, nascetur ridiculus mus.\\t<\\/p>\"}},\"44\":{\"type\":\"criteria\",\"enabled\":\"1\",\"fields\":{\"courseTitle\":\"Specific 2\",\"description\":\"<p>Lorem ipsum dolor sit amet, consectetuer adipiscing elit. Aenean commodo ligula eget dolor. Aenean massa. Cum sociis natoque penatibus et magnis dis parturient montes, nascetur ridiculus mus.<\\/p>\"}}},\"50\":[{\"col1\":\"Program \",\"col2\":\"Fall 2017\",\"col3\":\"Spring 2017\"},{\"col1\":\"General\",\"col2\":\"May 1, 2017\",\"col3\":\"Dec 1, 2017\"},{\"col1\":\"Specific 1\",\"col2\":\"May 1, 2017\",\"col3\":\"Dec 1, 2017\"},{\"col1\":\"Specific 2\",\"col2\":\"May 1, 2017\",\"col3\":\"Dec 1, 2017\"}],\"15\":[\"38\"],\"47\":\"<p>Lorem ipsum dolor sit amet, consectetuer adipiscing elit. Aenean commodo ligula eget dolor. Aenean massa. Cum sociis natoque penatibus et magnis dis parturient montes, nascetur ridiculus mus.<\\/p>\"}}', '2017-05-04 14:32:05', '2017-05-04 14:32:05', 'fae73433-3ecd-47f9-9571-9bd11bab4ff7'),
 ('60', '9', '13', '1', 'en_us', '10', '', '{\"typeId\":\"13\",\"authorId\":null,\"title\":\"Admissions\",\"slug\":\"admissions\",\"postDate\":1492699082,\"expiryDate\":null,\"enabled\":1,\"parentId\":null,\"fields\":{\"16\":\"\",\"51\":{\"43\":{\"type\":\"criteria\",\"enabled\":\"1\",\"fields\":{\"courseTitle\":\"Specific 1\",\"description\":\"<p>Lorem ipsum dolor sit amet, consectetuer adipiscing elit. Aenean commodo ligula eget dolor. Aenean massa. Cum sociis natoque penatibus et magnis dis parturient montes, nascetur ridiculus mus.\\t<\\/p>\",\"matrixLightswitch\":\"1\"}},\"44\":{\"type\":\"criteria\",\"enabled\":\"1\",\"fields\":{\"courseTitle\":\"Specific 2\",\"description\":\"<p>Lorem ipsum dolor sit amet, consectetuer adipiscing elit. Aenean commodo ligula eget dolor. Aenean massa. Cum sociis natoque penatibus et magnis dis parturient montes, nascetur ridiculus mus.<\\/p>\",\"matrixLightswitch\":\"1\"}}},\"50\":[{\"col1\":\"Program \",\"col2\":\"Fall 2017\",\"col3\":\"Spring 2017\"},{\"col1\":\"General\",\"col2\":\"May 1, 2017\",\"col3\":\"Dec 1, 2017\"},{\"col1\":\"Specific 1\",\"col2\":\"May 1, 2017\",\"col3\":\"Dec 1, 2017\"},{\"col1\":\"Specific 2\",\"col2\":\"May 1, 2017\",\"col3\":\"Dec 1, 2017\"}],\"15\":[\"38\"],\"47\":\"<p>Lorem ipsum dolor sit amet, consectetuer adipiscing elit. Aenean commodo ligula eget dolor. Aenean massa. Cum sociis natoque penatibus et magnis dis parturient montes, nascetur ridiculus mus.<\\/p>\"}}', '2017-05-04 14:47:04', '2017-05-04 14:47:04', 'a0bff53e-f5d3-4dd9-83f6-a3a92a2ab644'),
 ('61', '9', '13', '1', 'en_us', '11', '', '{\"typeId\":\"13\",\"authorId\":null,\"title\":\"Admissions\",\"slug\":\"admissions\",\"postDate\":1492699082,\"expiryDate\":null,\"enabled\":1,\"parentId\":null,\"fields\":{\"16\":\"\",\"55\":\"<p>Lorem ipsum dolor sit amet, consectetuer adipiscing elit. Aenean commodo ligula eget dolor. Aenean massa. Cum sociis natoque penatibus et magnis dis parturient montes, nascetur ridiculus mus.<\\/p>\",\"51\":{\"43\":{\"type\":\"criteria\",\"enabled\":\"1\",\"fields\":{\"courseTitle\":\"Specific 1\",\"description\":\"<p>Lorem ipsum dolor sit amet, consectetuer adipiscing elit. Aenean commodo ligula eget dolor. Aenean massa. Cum sociis natoque penatibus et magnis dis parturient montes, nascetur ridiculus mus.\\t<\\/p>\",\"matrixLightswitch\":\"1\"}},\"44\":{\"type\":\"criteria\",\"enabled\":\"1\",\"fields\":{\"courseTitle\":\"Specific 2\",\"description\":\"<p>Lorem ipsum dolor sit amet, consectetuer adipiscing elit. Aenean commodo ligula eget dolor. Aenean massa. Cum sociis natoque penatibus et magnis dis parturient montes, nascetur ridiculus mus.<\\/p>\",\"matrixLightswitch\":\"1\"}}},\"50\":[{\"col1\":\"Program \",\"col2\":\"Fall 2017\",\"col3\":\"Spring 2017\"},{\"col1\":\"General\",\"col2\":\"May 1, 2017\",\"col3\":\"Dec 1, 2017\"},{\"col1\":\"Specific 1\",\"col2\":\"May 1, 2017\",\"col3\":\"Dec 1, 2017\"},{\"col1\":\"Specific 2\",\"col2\":\"May 1, 2017\",\"col3\":\"Dec 1, 2017\"}],\"15\":[\"38\"],\"47\":\"<p>Lorem ipsum dolor sit amet, consectetuer adipiscing elit. Aenean commodo ligula eget dolor. Aenean massa. Cum sociis natoque penatibus et magnis dis parturient montes, nascetur ridiculus mus.<\\/p>\"}}', '2017-05-04 14:57:23', '2017-05-04 14:57:23', '0fd12348-3d15-41b6-bc4a-291582f77338'),
 ('72', '9', '13', '1', 'en_us', '12', '', '{\"typeId\":\"13\",\"authorId\":null,\"title\":\"Admissions\",\"slug\":\"admissions\",\"postDate\":1492699082,\"expiryDate\":null,\"enabled\":1,\"parentId\":null,\"fields\":{\"16\":\"1\",\"55\":\"<p>Lorem ipsum dolor sit amet, consectetuer adipiscing elit. Aenean commodo ligula eget dolor. Aenean massa. Cum sociis natoque penatibus et magnis dis parturient montes, nascetur ridiculus mus.<\\/p>\",\"51\":{\"43\":{\"type\":\"criteria\",\"enabled\":\"1\",\"fields\":{\"courseTitle\":\"Specific 1\",\"description\":\"<p>Lorem ipsum dolor sit amet, consectetuer adipiscing elit. Aenean commodo ligula eget dolor. Aenean massa. Cum sociis natoque penatibus et magnis dis parturient montes, nascetur ridiculus mus.\\t<\\/p>\",\"matrixLightswitch\":\"1\"}},\"44\":{\"type\":\"criteria\",\"enabled\":\"1\",\"fields\":{\"courseTitle\":\"Specific 2\",\"description\":\"<p>Lorem ipsum dolor sit amet, consectetuer adipiscing elit. Aenean commodo ligula eget dolor. Aenean massa. Cum sociis natoque penatibus et magnis dis parturient montes, nascetur ridiculus mus.<\\/p>\",\"matrixLightswitch\":\"1\"}}},\"50\":[{\"col1\":\"Program \",\"col2\":\"Fall 2017\",\"col3\":\"Spring 2017\"},{\"col1\":\"General\",\"col2\":\"May 1, 2017\",\"col3\":\"Dec 1, 2017\"},{\"col1\":\"Specific 1\",\"col2\":\"May 1, 2017\",\"col3\":\"Dec 1, 2017\"},{\"col1\":\"Specific 2\",\"col2\":\"May 1, 2017\",\"col3\":\"Dec 1, 2017\"}],\"15\":[\"38\"],\"47\":\"<p>Lorem ipsum dolor sit amet, consectetuer adipiscing elit. Aenean commodo ligula eget dolor. Aenean massa. Cum sociis natoque penatibus et magnis dis parturient montes, nascetur ridiculus mus.<\\/p>\"}}', '2017-05-05 13:06:28', '2017-05-05 13:06:28', '5ba51373-33d4-4e2b-9d50-c240ad25e5ae'),
 ('76', '51', '7', '1', 'en_us', '1', '', '{\"typeId\":null,\"authorId\":\"1\",\"title\":\"Jon Doe\",\"slug\":\"jon-doe\",\"postDate\":1493993559,\"expiryDate\":null,\"enabled\":1,\"parentId\":null,\"fields\":{\"1\":\"<p>Lorem ipsum dolor sit amet, consectetuer adipiscing elit. Aenean commodo ligula eget dolor. Aenean massa. Cum sociis natoque penatibus et magnis dis parturient montes, nascetur ridiculus mus.<\\/p>\",\"26\":\"\",\"56\":[\"50\"],\"15\":\"\",\"9\":\"\"}}', '2017-05-05 14:12:39', '2017-05-05 14:12:39', '9f40a44b-f479-4bc6-a90f-c116d2812629'),
 ('77', '52', '8', '1', 'en_us', '1', '', '{\"typeId\":null,\"authorId\":\"1\",\"title\":\"First Event\",\"slug\":\"first-event\",\"postDate\":1494430104,\"expiryDate\":null,\"enabled\":1,\"parentId\":null,\"fields\":{\"25\":{\"date\":\"5\\/18\\/2017\"},\"27\":\"<p>Lorem ipsum dolor sit amet, consectetuer adipiscing elit. Aenean commodo ligula eget dolor. Aenean massa. Cum sociis natoque penatibus et magnis dis parturient montes, nascetur ridiculus mus.<\\/p>\",\"21\":[\"29\"]}}', '2017-05-10 15:28:24', '2017-05-10 15:28:24', 'da873949-b8b2-4b40-bcdc-9054489fb528'),
 ('79', '60', '3', '1', 'en_us', '1', '', '{\"typeId\":null,\"authorId\":\"1\",\"title\":\"Forestry and Landscape Management\",\"slug\":\"forestry-and-landscape-management\",\"postDate\":1494433110,\"expiryDate\":null,\"enabled\":1,\"parentId\":null,\"fields\":{\"16\":\"1\",\"1\":\"<p>Lorem ipsum dolor sit amet, consectetuer adipiscing elit. Aenean commodo ligula eget dolor. Aenean massa. Cum sociis natoque penatibus et magnis dis parturient montes, nascetur ridiculus mus.<\\/p>\",\"11\":\"<p>Lorem ipsum dolor sit amet, consectetuer adipiscing elit. Aenean commodo ligula eget dolor. Aenean massa. Cum sociis natoque penatibus et magnis dis parturient montes, nascetur ridiculus mus.<\\/p>\",\"15\":\"\",\"12\":\"10\",\"14\":\"2\",\"38\":[\"53\"],\"35\":{\"new1\":{\"type\":\"programOverview\",\"enabled\":\"1\",\"fields\":{\"heading\":\"\",\"text\":[{\"col1\":\"\"}]}}},\"13\":\"Kent\"}}', '2017-05-10 16:18:30', '2017-05-10 16:18:30', '4a65a8ba-2a34-4faa-802e-54570f977549'),
 ('80', '62', '3', '1', 'en_us', '1', '', '{\"typeId\":null,\"authorId\":\"1\",\"title\":\"Business and Sports Management\",\"slug\":\"business-and-sports-management\",\"postDate\":1494433140,\"expiryDate\":null,\"enabled\":1,\"parentId\":null,\"fields\":{\"16\":\"1\",\"1\":\"<p>Lorem ipsum dolor sit amet, consectetuer adipiscing elit. Aenean commodo ligula eget dolor. Aenean massa. Cum sociis natoque penatibus et magnis dis parturient montes, nascetur ridiculus mus.<\\/p>\",\"11\":\"<p>Lorem ipsum dolor sit amet, consectetuer adipiscing elit. Aenean commodo ligula eget dolor. Aenean massa. Cum sociis natoque penatibus et magnis dis parturient montes, nascetur ridiculus mus.<\\/p>\",\"15\":\"\",\"12\":\"10\",\"14\":\"2\",\"38\":[\"54\"],\"35\":\"\",\"13\":\"Kent\"}}', '2017-05-10 16:19:00', '2017-05-10 16:19:00', '29d34366-df24-4ee4-9962-3bcc4cdfbadd'),
 ('81', '63', '3', '1', 'en_us', '1', '', '{\"typeId\":null,\"authorId\":\"1\",\"title\":\"Marketing Management\",\"slug\":\"marketing-management\",\"postDate\":1494433160,\"expiryDate\":null,\"enabled\":1,\"parentId\":null,\"fields\":{\"16\":\"1\",\"1\":\"<p>Lorem ipsum dolor sit amet, consectetuer adipiscing elit. Aenean commodo ligula eget dolor. Aenean massa. Cum sociis natoque penatibus et magnis dis parturient montes, nascetur ridiculus mus.<\\/p>\",\"11\":\"<p>Lorem ipsum dolor sit amet, consectetuer adipiscing elit. Aenean commodo ligula eget dolor. Aenean massa. Cum sociis natoque penatibus et magnis dis parturient montes, nascetur ridiculus mus.<\\/p>\",\"15\":\"\",\"12\":\"10\",\"14\":\"2\",\"38\":[\"54\"],\"35\":\"\",\"13\":\"Kent\"}}', '2017-05-10 16:19:20', '2017-05-10 16:19:20', '1b98728a-5941-4e9f-973b-a0e5f66e9012'),
 ('82', '64', '3', '1', 'en_us', '1', '', '{\"typeId\":null,\"authorId\":\"1\",\"title\":\"Construction Technologies\",\"slug\":\"construction-technologies\",\"postDate\":1494433183,\"expiryDate\":null,\"enabled\":1,\"parentId\":null,\"fields\":{\"16\":\"1\",\"1\":\"<p>Lorem ipsum dolor sit amet, consectetuer adipiscing elit. Aenean commodo ligula eget dolor. Aenean massa. Cum sociis natoque penatibus et magnis dis parturient montes, nascetur ridiculus mus.<\\/p>\",\"11\":\"<p>Lorem ipsum dolor sit amet, consectetuer adipiscing elit. Aenean commodo ligula eget dolor. Aenean massa. Cum sociis natoque penatibus et magnis dis parturient montes, nascetur ridiculus mus.<\\/p>\",\"15\":\"\",\"12\":\"10\",\"14\":\"10\",\"38\":[\"55\"],\"35\":\"\",\"13\":\"Kent\"}}', '2017-05-10 16:19:43', '2017-05-10 16:19:43', 'a6af8ec9-d802-4590-8eee-5dd861d84ca5'),
 ('83', '65', '3', '1', 'en_us', '1', '', '{\"typeId\":null,\"authorId\":\"1\",\"title\":\"Teaching Professions\",\"slug\":\"teaching-professions\",\"postDate\":1494433253,\"expiryDate\":null,\"enabled\":1,\"parentId\":null,\"fields\":{\"16\":\"1\",\"1\":\"<p>Lorem ipsum dolor sit amet, consectetuer adipiscing elit. Aenean commodo ligula eget dolor. Aenean massa. Cum sociis natoque penatibus et magnis dis parturient montes, nascetur ridiculus mus.<\\/p>\",\"11\":\"<p>Lorem ipsum dolor sit amet, consectetuer adipiscing elit. Aenean commodo ligula eget dolor. Aenean massa. Cum sociis natoque penatibus et magnis dis parturient montes, nascetur ridiculus mus.<\\/p>\",\"15\":\"\",\"12\":\"10\",\"14\":\"2\",\"38\":[\"56\"],\"35\":\"\",\"13\":\"Kent\"}}', '2017-05-10 16:20:53', '2017-05-10 16:20:53', '5603d1f1-c544-4a7e-9725-2269dc1624aa'),
 ('84', '66', '3', '1', 'en_us', '1', '', '{\"typeId\":null,\"authorId\":\"1\",\"title\":\"Electronics, Robotics, and Programming\",\"slug\":\"electronics-robotics-and-programming\",\"postDate\":1494433280,\"expiryDate\":null,\"enabled\":1,\"parentId\":null,\"fields\":{\"16\":\"1\",\"1\":\"<p>Lorem ipsum dolor sit amet, consectetuer adipiscing elit. Aenean commodo ligula eget dolor. Aenean massa. Cum sociis natoque penatibus et magnis dis parturient montes, nascetur ridiculus mus.<\\/p>\",\"11\":\"<p>Lorem ipsum dolor sit amet, consectetuer adipiscing elit. Aenean commodo ligula eget dolor. Aenean massa. Cum sociis natoque penatibus et magnis dis parturient montes, nascetur ridiculus mus.<\\/p>\",\"15\":\"\",\"12\":\"10\",\"14\":\"2\",\"38\":[\"57\"],\"35\":\"\",\"13\":\"Kent\"}}', '2017-05-10 16:21:20', '2017-05-10 16:21:20', '6979f41e-cf19-4551-8f5e-d11b67200959'),
 ('85', '67', '3', '1', 'en_us', '1', '', '{\"typeId\":null,\"authorId\":\"1\",\"title\":\"Engineering Academy\",\"slug\":\"engineering-academy\",\"postDate\":1494433302,\"expiryDate\":null,\"enabled\":1,\"parentId\":null,\"fields\":{\"16\":\"1\",\"1\":\"<p>Lorem ipsum dolor sit amet, consectetuer adipiscing elit. Aenean commodo ligula eget dolor. Aenean massa. Cum sociis natoque penatibus et magnis dis parturient montes, nascetur ridiculus mus.<\\/p>\",\"11\":\"<p>Lorem ipsum dolor sit amet, consectetuer adipiscing elit. Aenean commodo ligula eget dolor. Aenean massa. Cum sociis natoque penatibus et magnis dis parturient montes, nascetur ridiculus mus.<\\/p>\",\"15\":\"\",\"12\":\"10\",\"14\":\"2\",\"38\":[\"57\"],\"35\":\"\",\"13\":\"Kent\"}}', '2017-05-10 16:21:42', '2017-05-10 16:21:42', 'f101c706-a6ba-46d8-bcf5-aceb94bd21ea'),
 ('86', '68', '3', '1', 'en_us', '1', '', '{\"typeId\":null,\"authorId\":\"1\",\"title\":\"Computer Aided Design and Engineering Technologies\",\"slug\":\"computer-aided-design-and-engineering-technologies\",\"postDate\":1494433326,\"expiryDate\":null,\"enabled\":1,\"parentId\":null,\"fields\":{\"16\":\"1\",\"1\":\"<p>Lorem ipsum dolor sit amet, consectetuer adipiscing elit. Aenean commodo ligula eget dolor. Aenean massa. Cum sociis natoque penatibus et magnis dis parturient montes, nascetur ridiculus mus.<\\/p>\",\"11\":\"<p>Lorem ipsum dolor sit amet, consectetuer adipiscing elit. Aenean commodo ligula eget dolor. Aenean massa. Cum sociis natoque penatibus et magnis dis parturient montes, nascetur ridiculus mus.<\\/p>\",\"15\":\"\",\"12\":\"10\",\"14\":\"2\",\"38\":[\"57\"],\"35\":\"\",\"13\":\"Kent\"}}', '2017-05-10 16:22:06', '2017-05-10 16:22:06', '6a1ac863-3f99-4305-80d9-afb2d0100ebd'),
 ('87', '69', '3', '1', 'en_us', '1', '', '{\"typeId\":null,\"authorId\":\"1\",\"title\":\"Athletic Health Care Fitness\",\"slug\":\"athletic-health-care-fitness\",\"postDate\":1494433352,\"expiryDate\":null,\"enabled\":1,\"parentId\":null,\"fields\":{\"16\":\"1\",\"1\":\"<p>Lorem ipsum dolor sit amet, consectetuer adipiscing elit. Aenean commodo ligula eget dolor. Aenean massa. Cum sociis natoque penatibus et magnis dis parturient montes, nascetur ridiculus mus.<\\/p>\",\"11\":\"<p>Lorem ipsum dolor sit amet, consectetuer adipiscing elit. Aenean commodo ligula eget dolor. Aenean massa. Cum sociis natoque penatibus et magnis dis parturient montes, nascetur ridiculus mus.<\\/p>\",\"15\":\"\",\"12\":\"10\",\"14\":\"2\",\"38\":[\"58\"],\"35\":\"\",\"13\":\"Kent\"}}', '2017-05-10 16:22:32', '2017-05-10 16:22:32', 'a3c58ed3-d358-48d5-af46-ce2deaea8a01'),
 ('88', '70', '3', '1', 'en_us', '1', '', '{\"typeId\":null,\"authorId\":\"1\",\"title\":\"Health Care and Technologies\",\"slug\":\"health-care-and-technologies\",\"postDate\":1494433374,\"expiryDate\":null,\"enabled\":1,\"parentId\":null,\"fields\":{\"16\":\"1\",\"1\":\"<p>Lorem ipsum dolor sit amet, consectetuer adipiscing elit. Aenean commodo ligula eget dolor. Aenean massa. Cum sociis natoque penatibus et magnis dis parturient montes, nascetur ridiculus mus.<\\/p>\",\"11\":\"<p>Lorem ipsum dolor sit amet, consectetuer adipiscing elit. Aenean commodo ligula eget dolor. Aenean massa. Cum sociis natoque penatibus et magnis dis parturient montes, nascetur ridiculus mus.<\\/p>\",\"15\":\"\",\"12\":\"10\",\"14\":\"2\",\"38\":[\"58\"],\"35\":\"\",\"13\":\"Kent\"}}', '2017-05-10 16:22:54', '2017-05-10 16:22:54', '5585fb65-55c4-4f1f-bf8b-53e21ba2c451'),
 ('89', '71', '3', '1', 'en_us', '1', '', '{\"typeId\":null,\"authorId\":\"1\",\"title\":\"Cosmetology\",\"slug\":\"cosmetology\",\"postDate\":1494433400,\"expiryDate\":null,\"enabled\":1,\"parentId\":null,\"fields\":{\"16\":\"1\",\"1\":\"<p>Lorem ipsum dolor sit amet, consectetuer adipiscing elit. Aenean commodo ligula eget dolor. Aenean massa. Cum sociis natoque penatibus et magnis dis parturient montes, nascetur ridiculus mus.<\\/p>\",\"11\":\"<p>Lorem ipsum dolor sit amet, consectetuer adipiscing elit. Aenean commodo ligula eget dolor. Aenean massa. Cum sociis natoque penatibus et magnis dis parturient montes, nascetur ridiculus mus.<\\/p>\",\"15\":\"\",\"12\":\"10\",\"14\":\"2\",\"38\":[\"59\"],\"35\":\"\",\"13\":\"Kent\"}}', '2017-05-10 16:23:20', '2017-05-10 16:23:20', 'edfd1213-b01b-4148-9222-353700cdb788'),
 ('90', '72', '4', '1', 'en_us', '1', '', '{\"typeId\":null,\"authorId\":\"1\",\"title\":\"Forestry and Landscape Management I\",\"slug\":\"forestry-and-landscape-management-i\",\"postDate\":1494433465,\"expiryDate\":null,\"enabled\":1,\"parentId\":null,\"fields\":{\"1\":\"<p>Lorem ipsum dolor sit amet, consectetuer adipiscing elit. Aenean commodo ligula eget dolor. Aenean massa. Cum sociis natoque penatibus et magnis dis parturient montes, nascetur ridiculus mus.<\\/p>\",\"20\":\"\",\"15\":\"\",\"19\":[\"51\"],\"21\":[\"60\"],\"18\":\"\"}}', '2017-05-10 16:24:25', '2017-05-10 16:24:25', 'f350e601-200b-4e8f-a998-d806445f878c'),
 ('91', '73', '4', '1', 'en_us', '1', '', '{\"typeId\":null,\"authorId\":\"1\",\"title\":\"Forestry and Landscape Management II\",\"slug\":\"forestry-and-landscape-management-ii\",\"postDate\":1494433497,\"expiryDate\":null,\"enabled\":1,\"parentId\":null,\"fields\":{\"1\":\"<p>Lorem ipsum dolor sit amet, consectetuer adipiscing elit. Aenean commodo ligula eget dolor. Aenean massa. Cum sociis natoque penatibus et magnis dis parturient montes, nascetur ridiculus mus.<\\/p>\",\"20\":\"\",\"15\":\"\",\"19\":[\"51\"],\"21\":[\"60\"],\"18\":\"\"}}', '2017-05-10 16:24:57', '2017-05-10 16:24:57', 'a55f232b-57a1-4218-8b2c-b56599b166d1'),
 ('92', '60', '3', '1', 'en_us', '2', '', '{\"typeId\":\"3\",\"authorId\":\"1\",\"title\":\"Forestry and Landscape Management\",\"slug\":\"forestry-and-landscape-management\",\"postDate\":1494433080,\"expiryDate\":null,\"enabled\":1,\"parentId\":null,\"fields\":{\"16\":\"1\",\"1\":\"<p>Lorem ipsum dolor sit amet, consectetuer adipiscing elit. Aenean commodo ligula eget dolor. Aenean massa. Cum sociis natoque penatibus et magnis dis parturient montes, nascetur ridiculus mus.<\\/p>\",\"11\":\"<p>Lorem ipsum dolor sit amet, consectetuer adipiscing elit. Aenean commodo ligula eget dolor. Aenean massa. Cum sociis natoque penatibus et magnis dis parturient montes, nascetur ridiculus mus.<\\/p>\",\"15\":\"\",\"12\":\"10\",\"14\":\"2\",\"38\":[\"53\"],\"35\":\"\",\"13\":\"Kent\"}}', '2017-05-10 16:25:42', '2017-05-10 16:25:42', '0c192b16-9cd1-44bc-b860-08f174fb4e1b'),
 ('94', '75', '4', '1', 'en_us', '1', '', '{\"typeId\":null,\"authorId\":\"1\",\"title\":\"Business and Sports Management II\",\"slug\":\"business-and-sports-management-ii\",\"postDate\":1494434557,\"expiryDate\":null,\"enabled\":1,\"parentId\":null,\"fields\":{\"1\":\"<p>Lorem ipsum dolor sit amet, consectetuer adipiscing elit. Aenean commodo<br>ligula eget dolor. Aenean massa. Cum sociis natoque penatibus et<br>magnis dis parturient montes, nascetur ridiculus mus.<\\/p>\",\"20\":\"\",\"15\":\"\",\"19\":\"\",\"21\":[\"62\"],\"18\":\"\"}}', '2017-05-10 16:42:37', '2017-05-10 16:42:37', 'a4caf0f7-4df9-4a77-867e-860bae20d5f1'),
 ('96', '76', '4', '1', 'en_us', '1', '', '{\"typeId\":null,\"authorId\":\"1\",\"title\":\"Marketing Management (DECA)\",\"slug\":\"marketing-management-deca\",\"postDate\":1494434598,\"expiryDate\":null,\"enabled\":1,\"parentId\":null,\"fields\":{\"1\":\"<p>Lorem ipsum dolor sit amet, consectetuer adipiscing elit. Aenean commodo<br>ligula eget dolor. Aenean massa. Cum sociis natoque penatibus et<br>magnis dis parturient montes, nascetur ridiculus mus.<\\/p>\",\"20\":\"\",\"15\":\"\",\"19\":[\"51\"],\"21\":[\"63\"],\"18\":\"\"}}', '2017-05-10 16:43:18', '2017-05-10 16:43:18', '9f62393e-654b-4e6f-ac09-ff5c2d23beb6'),
 ('97', '77', '4', '1', 'en_us', '1', '', '{\"typeId\":null,\"authorId\":\"1\",\"title\":\"Construction Technologies\",\"slug\":\"construction-technologies\",\"postDate\":1494434620,\"expiryDate\":null,\"enabled\":1,\"parentId\":null,\"fields\":{\"1\":\"<p>Lorem ipsum dolor sit amet, consectetuer adipiscing elit. Aenean commodo<br>ligula eget dolor. Aenean massa. Cum sociis natoque penatibus et<br>magnis dis parturient montes, nascetur ridiculus mus.<\\/p>\",\"20\":\"\",\"15\":\"\",\"19\":\"\",\"21\":[\"64\"],\"18\":\"\"}}', '2017-05-10 16:43:40', '2017-05-10 16:43:40', '9701ecaa-b7bc-4b36-bc95-c8f8121d0fd3'),
 ('98', '78', '4', '1', 'en_us', '1', '', '{\"typeId\":null,\"authorId\":\"1\",\"title\":\"Teaching Professions\",\"slug\":\"teaching-professions\",\"postDate\":1494434647,\"expiryDate\":null,\"enabled\":1,\"parentId\":null,\"fields\":{\"1\":\"<p>Lorem ipsum dolor sit amet, consectetuer adipiscing elit. Aenean commodo<br>ligula eget dolor. Aenean massa. Cum sociis natoque penatibus et<br>magnis dis parturient montes, nascetur ridiculus mus.<\\/p>\",\"20\":\"\",\"15\":\"\",\"19\":\"\",\"21\":[\"65\"],\"18\":\"\"}}', '2017-05-10 16:44:07', '2017-05-10 16:44:07', '5caf32af-3810-4026-be37-bc9358b345d2'),
 ('99', '79', '4', '1', 'en_us', '1', '', '{\"typeId\":null,\"authorId\":\"1\",\"title\":\"Electronics, Robotics & Professions\",\"slug\":\"electronics-robotics-professions\",\"postDate\":1494434670,\"expiryDate\":null,\"enabled\":1,\"parentId\":null,\"fields\":{\"1\":\"<p>Lorem ipsum dolor sit amet, consectetuer adipiscing elit. Aenean commodo<br>ligula eget dolor. Aenean massa. Cum sociis natoque penatibus et<br>magnis dis parturient montes, nascetur ridiculus mus.<\\/p>\",\"20\":\"\",\"15\":\"\",\"19\":\"\",\"21\":[\"66\"],\"18\":\"\"}}', '2017-05-10 16:44:31', '2017-05-10 16:44:31', 'd90ffc75-1871-42e3-9de8-f3bac27a0339'),
 ('100', '80', '4', '1', 'en_us', '1', '', '{\"typeId\":null,\"authorId\":\"1\",\"title\":\"Engineering Academy\",\"slug\":\"engineering-academy\",\"postDate\":1494434691,\"expiryDate\":null,\"enabled\":1,\"parentId\":null,\"fields\":{\"1\":\"<p>Lorem ipsum dolor sit amet, consectetuer adipiscing elit. Aenean commodo<br>ligula eget dolor. Aenean massa. Cum sociis natoque penatibus et<br>magnis dis parturient montes, nascetur ridiculus mus.<\\/p>\",\"20\":\"\",\"15\":\"\",\"19\":\"\",\"21\":[\"67\"],\"18\":\"\"}}', '2017-05-10 16:44:52', '2017-05-10 16:44:52', '96e9960e-47a6-410c-bae1-e71b508565f7'),
 ('101', '81', '4', '1', 'en_us', '1', '', '{\"typeId\":null,\"authorId\":\"1\",\"title\":\"Engineering Academy: Computer Aided Design\\/Math\",\"slug\":\"engineering-academy-computer-aided-design-math\",\"postDate\":1494434726,\"expiryDate\":null,\"enabled\":1,\"parentId\":null,\"fields\":{\"1\":\"<p>Lorem ipsum dolor sit amet, consectetuer adipiscing elit. Aenean commodo<br>ligula eget dolor. Aenean massa. Cum sociis natoque penatibus et<br>magnis dis parturient montes, nascetur ridiculus mus.<\\/p>\",\"20\":\"\",\"15\":\"\",\"19\":\"\",\"21\":[\"67\"],\"18\":\"\"}}', '2017-05-10 16:45:26', '2017-05-10 16:45:26', '61568bb7-0d2c-401e-bd49-839c796a88ce'),
 ('102', '82', '4', '1', 'en_us', '1', '', '{\"typeId\":null,\"authorId\":\"1\",\"title\":\"Computer Aided Design and Engineering Technologies I\",\"slug\":\"computer-aided-design-and-engineering-technologies-i\",\"postDate\":1494434771,\"expiryDate\":null,\"enabled\":1,\"parentId\":null,\"fields\":{\"1\":\"<p>Lorem ipsum dolor sit amet, consectetuer adipiscing elit. Aenean commodo<br>ligula eget dolor. Aenean massa. Cum sociis natoque penatibus et<br>magnis dis parturient montes, nascetur ridiculus mus.<\\/p>\",\"20\":\"\",\"15\":\"\",\"19\":\"\",\"21\":[\"68\"],\"18\":\"\"}}', '2017-05-10 16:46:11', '2017-05-10 16:46:11', 'a137c94d-686d-4681-a9e6-f4ac40421527'),
 ('103', '83', '4', '1', 'en_us', '1', '', '{\"typeId\":null,\"authorId\":\"1\",\"title\":\"Computer Aided Design and Engineering Technologies I\",\"slug\":\"computer-aided-design-and-engineering-technologies-i-1\",\"postDate\":1494434812,\"expiryDate\":null,\"enabled\":1,\"parentId\":null,\"fields\":{\"1\":\"<p>Lorem ipsum dolor sit amet, consectetuer adipiscing elit. Aenean commodo<br>ligula eget dolor. Aenean massa. Cum sociis natoque penatibus et<br>magnis dis parturient montes, nascetur ridiculus mus.<\\/p>\",\"20\":\"\",\"15\":\"\",\"19\":\"\",\"21\":[\"68\"],\"18\":\"\"}}', '2017-05-10 16:46:52', '2017-05-10 16:46:52', '1c4c28c6-a050-49f9-b9a8-0656965c1ac9'),
 ('104', '84', '4', '1', 'en_us', '1', '', '{\"typeId\":null,\"authorId\":\"1\",\"title\":\"Athletic Healthcare and Fitness\",\"slug\":\"athletic-healthcare-and-fitness\",\"postDate\":1494434832,\"expiryDate\":null,\"enabled\":1,\"parentId\":null,\"fields\":{\"1\":\"<p>Lorem ipsum dolor sit amet, consectetuer adipiscing elit. Aenean commodo<br>ligula eget dolor. Aenean massa. Cum sociis natoque penatibus et<br>magnis dis parturient montes, nascetur ridiculus mus.<\\/p>\",\"20\":\"\",\"15\":\"\",\"19\":\"\",\"21\":[\"69\"],\"18\":\"\"}}', '2017-05-10 16:47:12', '2017-05-10 16:47:12', '76393026-d580-4498-9e63-8a7535d98bbb'),
 ('106', '86', '4', '1', 'en_us', '1', '', '{\"typeId\":null,\"authorId\":\"1\",\"title\":\"Health Career Technologies\",\"slug\":\"health-career-technologies-1\",\"postDate\":1494434873,\"expiryDate\":null,\"enabled\":1,\"parentId\":null,\"fields\":{\"1\":\"<p>Lorem ipsum dolor sit amet, consectetuer adipiscing elit. Aenean commodo<br>ligula eget dolor. Aenean massa. Cum sociis natoque penatibus et<br>magnis dis parturient montes, nascetur ridiculus mus.<\\/p>\",\"20\":\"\",\"15\":\"\",\"19\":\"\",\"21\":[\"70\"],\"18\":\"\"}}', '2017-05-10 16:47:53', '2017-05-10 16:47:53', '5dd957d8-6bed-48d0-beed-1367093587da'),
 ('107', '87', '4', '1', 'en_us', '1', '', '{\"typeId\":null,\"authorId\":\"1\",\"title\":\"Cosmetology I\",\"slug\":\"cosmetology-i\",\"postDate\":1494434896,\"expiryDate\":null,\"enabled\":1,\"parentId\":null,\"fields\":{\"1\":\"<p>Lorem ipsum dolor sit amet, consectetuer adipiscing elit. Aenean commodo<br>ligula eget dolor. Aenean massa. Cum sociis natoque penatibus et<br>magnis dis parturient montes, nascetur ridiculus mus.<\\/p>\",\"20\":\"\",\"15\":\"\",\"19\":\"\",\"21\":[\"71\"],\"18\":\"\"}}', '2017-05-10 16:48:16', '2017-05-10 16:48:16', '349291d3-23e4-4713-aacf-46a0cd4edc5b'),
 ('108', '88', '4', '1', 'en_us', '1', '', '{\"typeId\":null,\"authorId\":\"1\",\"title\":\"Cosmetology II\",\"slug\":\"cosmetology-ii\",\"postDate\":1494434916,\"expiryDate\":null,\"enabled\":1,\"parentId\":null,\"fields\":{\"1\":\"<p>Lorem ipsum dolor sit amet, consectetuer adipiscing elit. Aenean commodo<br>ligula eget dolor. Aenean massa. Cum sociis natoque penatibus et<br>magnis dis parturient montes, nascetur ridiculus mus.<\\/p>\",\"20\":\"\",\"15\":\"\",\"19\":\"\",\"21\":[\"71\"],\"18\":\"\"}}', '2017-05-10 16:48:36', '2017-05-10 16:48:36', '4a05a87f-ef2a-4876-9b82-eb3fcbc349d1'),
 ('109', '9', '13', '1', 'en_us', '13', '', '{\"typeId\":\"13\",\"authorId\":null,\"title\":\"Admissions\",\"slug\":\"admissions\",\"postDate\":1492699082,\"expiryDate\":null,\"enabled\":1,\"parentId\":null,\"fields\":{\"16\":\"1\",\"55\":\"<p>Lorem ipsum dolor sit amet, consectetuer adipiscing elit. Aenean commodo ligula eget dolor. Aenean massa. Cum sociis natoque penatibus et magnis dis parturient montes, nascetur ridiculus mus.<\\/p>\",\"51\":{\"43\":{\"type\":\"criteria\",\"enabled\":\"1\",\"fields\":{\"courseTitle\":\"Specific 1\",\"description\":\"<p>Lorem ipsum dolor sit amet, consectetuer adipiscing elit. Aenean commodo ligula eget dolor. Aenean massa. Cum sociis natoque penatibus et magnis dis parturient montes, nascetur ridiculus mus.\\t<\\/p>\",\"matrixLightswitch\":\"1\"}},\"44\":{\"type\":\"criteria\",\"enabled\":\"1\",\"fields\":{\"courseTitle\":\"Specific 2\",\"description\":\"<p>Lorem ipsum dolor sit amet, consectetuer adipiscing elit. Aenean commodo ligula eget dolor. Aenean massa. Cum sociis natoque penatibus et magnis dis parturient montes, nascetur ridiculus mus.<\\/p>\",\"matrixLightswitch\":\"1\"}}},\"50\":[{\"col1\":\"Program \",\"col2\":\"Fall 2017\",\"col3\":\"Spring 2017\"},{\"col1\":\"General\",\"col2\":\"May 1, 2017\",\"col3\":\"Dec 1, 2017\"},{\"col1\":\"Specific 1\",\"col2\":\"May 1, 2017\",\"col3\":\"Dec 1, 2017\"},{\"col1\":\"Specific 2\",\"col2\":\"May 1, 2017\",\"col3\":\"Dec 1, 2017\"}],\"15\":[\"38\"],\"47\":\"<p>Lorem ipsum dolor sit amet, consectetuer adipiscing elit. Aenean commodo ligula eget dolor. Aenean massa. Cum sociis natoque penatibus et magnis dis parturient montes, nascetur ridiculus mus.<\\/p>\"}}', '2017-05-30 18:23:38', '2017-05-30 18:23:38', '651c2986-dd18-4cae-8fca-34e472912ce0'),
 ('110', '9', '13', '1', 'en_us', '14', '', '{\"typeId\":\"13\",\"authorId\":null,\"title\":\"Admissions\",\"slug\":\"admissions\",\"postDate\":1492699082,\"expiryDate\":null,\"enabled\":1,\"parentId\":null,\"fields\":{\"16\":\"1\",\"55\":\"<p>Lorem ipsum dolor sit amet, consectetuer adipiscing elit. Aenean commodo ligula eget dolor. Aenean massa. Cum sociis natoque penatibus et magnis dis parturient montes, nascetur ridiculus mus.<\\/p>\",\"51\":{\"43\":{\"type\":\"criteria\",\"enabled\":\"1\",\"fields\":{\"courseTitle\":\"Specific 1\",\"description\":\"<p>Lorem ipsum dolor sit amet, consectetuer adipiscing elit. Aenean commodo ligula eget dolor. Aenean massa. Cum sociis natoque penatibus et magnis dis parturient montes, nascetur ridiculus mus.\\t<\\/p>\",\"matrixLightswitch\":\"1\"}},\"44\":{\"type\":\"criteria\",\"enabled\":\"1\",\"fields\":{\"courseTitle\":\"Specific 2\",\"description\":\"<p>Lorem ipsum dolor sit amet, consectetuer adipiscing elit. Aenean commodo ligula eget dolor. Aenean massa. Cum sociis natoque penatibus et magnis dis parturient montes, nascetur ridiculus mus.<\\/p>\",\"matrixLightswitch\":\"1\"}}},\"50\":[{\"col1\":\"Program \",\"col2\":\"Fall 2017\",\"col3\":\"Spring 2017\"},{\"col1\":\"General\",\"col2\":\"May 1, 2017\",\"col3\":\"Dec 1, 2017\"},{\"col1\":\"Specific 1\",\"col2\":\"May 1, 2017\",\"col3\":\"Dec 1, 2017\"},{\"col1\":\"Specific 2\",\"col2\":\"May 1, 2017\",\"col3\":\"Dec 1, 2017\"}],\"15\":[\"38\"],\"47\":\"<p>Lorem ipsum dolor sit amet, consectetuer adipiscing elit. Aenean commodo ligula eget dolor. Aenean massa. Cum sociis natoque penatibus et magnis dis parturient montes, nascetur ridiculus mus.<\\/p>\"}}', '2017-05-30 18:23:42', '2017-05-30 18:23:42', '2c6120a7-53f9-4756-a77f-eb1e2fcf97f1'),
 ('111', '9', '13', '1', 'en_us', '15', '', '{\"typeId\":\"13\",\"authorId\":null,\"title\":\"Applications\",\"slug\":\"admissions\",\"postDate\":1492699082,\"expiryDate\":null,\"enabled\":1,\"parentId\":null,\"fields\":{\"16\":\"1\",\"55\":\"<p>Lorem ipsum dolor sit amet, consectetuer adipiscing elit. Aenean commodo ligula eget dolor. Aenean massa. Cum sociis natoque penatibus et magnis dis parturient montes, nascetur ridiculus mus.<\\/p>\",\"51\":{\"43\":{\"type\":\"criteria\",\"enabled\":\"1\",\"fields\":{\"courseTitle\":\"Specific 1\",\"description\":\"<p>Lorem ipsum dolor sit amet, consectetuer adipiscing elit. Aenean commodo ligula eget dolor. Aenean massa. Cum sociis natoque penatibus et magnis dis parturient montes, nascetur ridiculus mus.\\t<\\/p>\",\"matrixLightswitch\":\"1\"}},\"44\":{\"type\":\"criteria\",\"enabled\":\"1\",\"fields\":{\"courseTitle\":\"Specific 2\",\"description\":\"<p>Lorem ipsum dolor sit amet, consectetuer adipiscing elit. Aenean commodo ligula eget dolor. Aenean massa. Cum sociis natoque penatibus et magnis dis parturient montes, nascetur ridiculus mus.<\\/p>\",\"matrixLightswitch\":\"1\"}}},\"50\":[{\"col1\":\"Program \",\"col2\":\"Fall 2017\",\"col3\":\"Spring 2017\"},{\"col1\":\"General\",\"col2\":\"May 1, 2017\",\"col3\":\"Dec 1, 2017\"},{\"col1\":\"Specific 1\",\"col2\":\"May 1, 2017\",\"col3\":\"Dec 1, 2017\"},{\"col1\":\"Specific 2\",\"col2\":\"May 1, 2017\",\"col3\":\"Dec 1, 2017\"}],\"15\":[\"38\"],\"47\":\"<p>Lorem ipsum dolor sit amet, consectetuer adipiscing elit. Aenean commodo ligula eget dolor. Aenean massa. Cum sociis natoque penatibus et magnis dis parturient montes, nascetur ridiculus mus.<\\/p>\"}}', '2017-05-30 18:24:29', '2017-05-30 18:24:29', '00b25e98-2b13-4b4e-961f-86e85437e40a'),
 ('112', '9', '13', '1', 'en_us', '16', '', '{\"typeId\":\"13\",\"authorId\":null,\"title\":\"How to Apply\",\"slug\":\"admissions\",\"postDate\":1492699082,\"expiryDate\":null,\"enabled\":1,\"parentId\":null,\"fields\":{\"16\":\"1\",\"55\":\"<p>Lorem ipsum dolor sit amet, consectetuer adipiscing elit. Aenean commodo ligula eget dolor. Aenean massa. Cum sociis natoque penatibus et magnis dis parturient montes, nascetur ridiculus mus.<\\/p>\",\"51\":{\"43\":{\"type\":\"criteria\",\"enabled\":\"1\",\"fields\":{\"courseTitle\":\"Specific 1\",\"description\":\"<p>Lorem ipsum dolor sit amet, consectetuer adipiscing elit. Aenean commodo ligula eget dolor. Aenean massa. Cum sociis natoque penatibus et magnis dis parturient montes, nascetur ridiculus mus.\\t<\\/p>\",\"matrixLightswitch\":\"1\"}},\"44\":{\"type\":\"criteria\",\"enabled\":\"1\",\"fields\":{\"courseTitle\":\"Specific 2\",\"description\":\"<p>Lorem ipsum dolor sit amet, consectetuer adipiscing elit. Aenean commodo ligula eget dolor. Aenean massa. Cum sociis natoque penatibus et magnis dis parturient montes, nascetur ridiculus mus.<\\/p>\",\"matrixLightswitch\":\"1\"}}},\"50\":[{\"col1\":\"Program \",\"col2\":\"Fall 2017\",\"col3\":\"Spring 2017\"},{\"col1\":\"General\",\"col2\":\"May 1, 2017\",\"col3\":\"Dec 1, 2017\"},{\"col1\":\"Specific 1\",\"col2\":\"May 1, 2017\",\"col3\":\"Dec 1, 2017\"},{\"col1\":\"Specific 2\",\"col2\":\"May 1, 2017\",\"col3\":\"Dec 1, 2017\"}],\"15\":[\"38\"],\"47\":\"<p>Lorem ipsum dolor sit amet, consectetuer adipiscing elit. Aenean commodo ligula eget dolor. Aenean massa. Cum sociis natoque penatibus et magnis dis parturient montes, nascetur ridiculus mus.<\\/p>\"}}', '2017-06-06 14:12:04', '2017-06-06 14:12:04', 'a5418cf2-da41-45e0-bf4a-7ad3e27e7d5a'),
 ('113', '51', '7', '1', 'en_us', '2', '', '{\"typeId\":\"7\",\"authorId\":\"1\",\"title\":\"Jon Doe\",\"slug\":\"jon-doe\",\"postDate\":1493993520,\"expiryDate\":null,\"enabled\":1,\"parentId\":null,\"fields\":{\"1\":\"<p>Lorem ipsum dolor sit amet, consectetuer adipiscing elit. Aenean commodo ligula eget dolor. Aenean massa. Cum sociis natoque penatibus et magnis dis parturient montes, nascetur ridiculus mus.<\\/p>\",\"26\":\"\",\"56\":[\"50\"],\"15\":\"\",\"9\":\"\"}}', '2017-06-07 15:17:05', '2017-06-07 15:17:05', 'a8fdf08d-10c6-4be7-9e76-c89bdaad40b4'),
 ('114', '51', '7', '1', 'en_us', '3', '', '{\"typeId\":\"7\",\"authorId\":\"1\",\"title\":\"Jon Doe\",\"slug\":\"jon-doe\",\"postDate\":1493993520,\"expiryDate\":null,\"enabled\":1,\"parentId\":null,\"fields\":{\"1\":\"<p>Lorem ipsum dolor sit amet, consectetuer adipiscing elit. Aenean commodo ligula eget dolor. Aenean massa. Cum sociis natoque penatibus et magnis dis parturient montes, nascetur ridiculus mus.<\\/p>\",\"26\":\"dsalkjdsala@kent.edu\",\"56\":[\"50\"],\"15\":[\"89\"],\"9\":\"5555112248646\"}}', '2017-06-07 15:25:43', '2017-06-07 15:25:43', '1bb54ad5-b421-4252-aee7-e9aee0e76fbb'),
 ('115', '51', '7', '1', 'en_us', '4', '', '{\"typeId\":\"7\",\"authorId\":\"1\",\"title\":\"Jon Doe\",\"slug\":\"jon-doe\",\"postDate\":1493993520,\"expiryDate\":null,\"enabled\":1,\"parentId\":null,\"fields\":{\"1\":\"<p>Lorem ipsum dolor sit amet, consectetuer adipiscing elit. Aenean commodo ligula eget dolor. Aenean massa. Cum sociis natoque penatibus et magnis dis parturient montes, nascetur ridiculus mus.<\\/p>\",\"26\":\"dsalkjdsala@kent.edu\",\"56\":[\"50\"],\"15\":[\"89\"],\"9\":\"5555112248646\"}}', '2017-06-07 15:30:32', '2017-06-07 15:30:32', '19c22a3c-3bc4-435a-81d5-e2d2575662e5'),
 ('116', '51', '7', '1', 'en_us', '5', '', '{\"typeId\":\"7\",\"authorId\":\"1\",\"title\":\"Jon Doe\",\"slug\":\"jon-doe\",\"postDate\":1493993520,\"expiryDate\":null,\"enabled\":1,\"parentId\":null,\"fields\":{\"1\":\"<p>Lorem ipsum dolor sit amet, consectetuer adipiscing elit. Aenean commodo ligula eget dolor. Aenean massa. Cum sociis natoque penatibus et magnis dis parturient montes, nascetur ridiculus mus.<\\/p>\",\"26\":\"dsalkjdsala@kent.edu\",\"56\":[\"50\"],\"15\":[\"89\"],\"9\":\"5555112248646\"}}', '2017-06-07 15:37:03', '2017-06-07 15:37:03', '379f6075-aae1-406e-99c1-c14ac0e081d3'),
 ('117', '91', '7', '1', 'en_us', '1', '', '{\"typeId\":null,\"authorId\":\"1\",\"title\":\"Robert\",\"slug\":\"robert\",\"postDate\":1496850896,\"expiryDate\":null,\"enabled\":1,\"parentId\":null,\"fields\":{\"1\":\"<p>The standard chunk of Lorem Ipsum used since the 1500s is reproduced below for those interested. Sections 1.10.32 and 1.10.33 from \\\"de Finibus Bonorum et Malorum\\\" by Cicero are also reproduced in their exact original form, accompanied by English versions from the 1914 translation by H. Rackham.<\\/p>\",\"26\":\"asdasfas@kent.edu\",\"56\":[\"50\"],\"15\":[\"90\"],\"9\":\"6464611666165\"}}', '2017-06-07 15:54:56', '2017-06-07 15:54:56', 'd22516ef-c0ae-4bd7-b267-8c27761166bf'),
 ('118', '71', '3', '1', 'en_us', '2', '', '{\"typeId\":\"3\",\"authorId\":\"1\",\"title\":\"Cosmetology\",\"slug\":\"cosmetology\",\"postDate\":1494433380,\"expiryDate\":null,\"enabled\":1,\"parentId\":null,\"fields\":{\"16\":\"1\",\"57\":\"\",\"1\":\"<p>Lorem ipsum dolor sit amet, consectetuer adipiscing elit. Aenean commodo ligula eget dolor. Aenean massa. Cum sociis natoque penatibus et magnis dis parturient montes, nascetur ridiculus mus.<\\/p>\",\"11\":\"<p>Lorem ipsum dolor sit amet, consectetuer adipiscing elit. Aenean commodo ligula eget dolor. Aenean massa. Cum sociis natoque penatibus et magnis dis parturient montes, nascetur ridiculus mus.<\\/p>\",\"15\":\"\",\"12\":\"10\",\"14\":\"2\",\"38\":[\"59\"],\"35\":\"\",\"13\":\"Kent\"}}', '2017-06-07 16:16:46', '2017-06-07 16:16:46', 'faa6be3e-f01e-4c59-9690-f432268eeafe'),
 ('119', '87', '4', '1', 'en_us', '2', '', '{\"typeId\":\"4\",\"authorId\":\"1\",\"title\":\"Cosmetology I\",\"slug\":\"cosmetology-i\",\"postDate\":1494434880,\"expiryDate\":null,\"enabled\":1,\"parentId\":null,\"fields\":{\"1\":\"<p>Lorem ipsum dolor sit amet, consectetuer adipiscing elit. Aenean commodo<br>ligula eget dolor. Aenean massa. Cum sociis natoque penatibus et<br>magnis dis parturient montes, nascetur ridiculus mus.<\\/p>\",\"20\":\"\",\"15\":\"\",\"19\":[\"91\"],\"21\":[\"71\"],\"18\":\"\"}}', '2017-06-12 14:40:48', '2017-06-12 14:40:48', '881abfd5-3a13-4291-8214-73d1b442550e'),
 ('120', '87', '4', '1', 'en_us', '3', '', '{\"typeId\":\"4\",\"authorId\":\"1\",\"title\":\"Cosmetology I\",\"slug\":\"cosmetology-i\",\"postDate\":1494434880,\"expiryDate\":null,\"enabled\":1,\"parentId\":null,\"fields\":{\"1\":\"<p>Lorem ipsum dolor sit amet, consectetuer adipiscing elit. Aenean commodo<br>ligula eget dolor. Aenean massa. Cum sociis natoque penatibus et<br>magnis dis parturient montes, nascetur ridiculus mus.<\\/p>\",\"20\":\"\",\"15\":\"\",\"19\":[\"91\"],\"21\":[\"71\"],\"18\":\"\"}}', '2017-06-12 15:01:46', '2017-06-12 15:01:46', '41037fa9-6e01-4246-a829-0dc760e96179'),
 ('121', '91', '7', '1', 'en_us', '2', '', '{\"typeId\":\"7\",\"authorId\":\"1\",\"title\":\"Robert\",\"slug\":\"robert\",\"postDate\":1496850840,\"expiryDate\":null,\"enabled\":1,\"parentId\":null,\"fields\":{\"1\":\"<p>The standard chunk of Lorem Ipsum used since the 1500s is reproduced below for those interested. Sections 1.10.32 and 1.10.33 from \\\"de Finibus Bonorum et Malorum\\\" by Cicero are also reproduced in their exact original form, accompanied by English versions from the 1914 translation by H. Rackham.<\\/p>\",\"26\":\"asdasfas@kent.edu\",\"56\":[\"50\"],\"15\":[\"90\"],\"9\":\"6464611666165\"}}', '2017-06-12 15:04:14', '2017-06-12 15:04:14', '445177b7-8092-4998-becb-862f6a66efff'),
 ('122', '2', '1', '1', 'en_us', '12', '', '{\"typeId\":null,\"authorId\":null,\"title\":\"Home\",\"slug\":\"homepage\",\"postDate\":1492529583,\"expiryDate\":null,\"enabled\":1,\"parentId\":null,\"fields\":{\"37\":[\"9\"],\"22\":\"\",\"23\":\"Lorem ipsum dolor sit amet, consectetuer adipiscing elit. Aenean commodo ligula eget dolor. Aenean massa. Cum sociis natoque penatibus et magnis dis parturient montes, nascetur ridiculus mus.\",\"24\":\"Admissions\",\"1\":\"<p>It\\u2019s true, this site doesn\\u2019t have a whole lot of content yet, but don\\u2019t worry. Our web developers have just installed the CMS, and they\\u2019re setting things up for the content editors this very moment. Soon Careertech.web will be an oasis of fresh perspectives, sharp analyses, and astute opinions that will keep you coming back again and again.<\\/p>\",\"15\":[\"36\"],\"31\":\"1\",\"32\":\"News\",\"33\":\"Explore Pathways\",\"34\":[\"4\"],\"35\":\"\",\"36\":\"Welcome to Kent Rosevelt\"}}', '2017-06-26 17:08:44', '2017-06-26 17:08:44', '1e098707-a166-48de-96e8-86acb014b1e2'),
 ('123', '93', '6', '1', 'en_us', '1', '', '{\"typeId\":null,\"authorId\":\"1\",\"title\":\"lorem ipsum\",\"slug\":\"lorem-ipsum\",\"postDate\":1498582269,\"expiryDate\":null,\"enabled\":1,\"parentId\":null,\"fields\":{\"1\":\"<p>Lorem ipsum dolor sit amet, facilisi nostra id fermentum, malesuada inceptos amet ut dui commodo elit. Et vel sed aliquam, est malesuada quis viverra vestibulum vel, volutpat nec aliquam vulputate nisl. Dui donec. Porta arcu nisl nulla praesent. Mauris odio pellentesque suspendisse mollis, dui nobis dictum auctor a sapien, torquent massa non id, cras cras donec pede, sollicitudin pulvinar mi. Eu lacus enim eleifend, eu sed consectetuer. Dignissim dolor at id maecenas velit mauris. Eget ultricies aliquam, ligula non per massa, dis urna tempus sagittis diam, mi ut sed pulvinar placerat felis. Ipsum sodales vulputate, magna vitae rhoncus lacinia justo ac sollicitudin, donec a aliquet ac.<\\/p><p>Lectus sit sem, magna vestibulum suscipit wisi cursus euismod vel, a venenatis odio curabitur in. Dapibus inceptos sit vestibulum quis id volutpat, donec aliquam blandit neque justo aliquam, iaculis eget ut praesent justo, nunc quam arcu dolor ullamcorper, congue massa. Suspendisse nec porttitor etiam. Integer cubilia quam sed suspendisse ut, adipiscing in congue, tristique ac dictumst quis vel in, mollis vel. Semper sodales nulla, enim amet hac felis sagittis arcu mollis, magna aliquet litora enim, aliquam in amet at aspernatur. Wisi ut eget eos, nam ac id. Pede in vestibulum urna eros ante morbi, dis sem, tristique tempor dictumst. Est luctus vel mollis cursus ipsum ipsum, pellentesque libero sodales duis metus dui ac, consectetuer diam volutpat risus sem, suspendisse magna morbi voluptas quis aenean, eros imperdiet non viverra nulla ad. Sem suscipit praesent phasellus vestibulum hac metus, ultrices eu aliquam elit sollicitudin, volutpat lacus nibh erat ante duis, nullam ac pellentesque in lorem, at suspendisse duis.<br><\\/p>\",\"15\":[\"90\"],\"21\":[\"60\"]}}', '2017-06-27 16:51:09', '2017-06-27 16:51:09', '99adb553-caf4-43b9-b8b5-f9fe788a0b57'),
 ('124', '71', '3', '1', 'en_us', '3', '', '{\"typeId\":\"3\",\"authorId\":\"1\",\"title\":\"Cosmetology\",\"slug\":\"cosmetology\",\"postDate\":1494433380,\"expiryDate\":null,\"enabled\":1,\"parentId\":null,\"fields\":{\"16\":\"1\",\"57\":\"\",\"1\":\"<p>Lorem ipsum dolor sit amet, consectetuer adipiscing elit. Aenean commodo ligula eget dolor. Aenean massa. Cum sociis natoque penatibus et magnis dis parturient montes, nascetur ridiculus mus.<\\/p>\",\"11\":\"<p>Lorem ipsum dolor sit amet, consectetuer adipiscing elit. Aenean commodo ligula eget dolor. Aenean massa. Cum sociis natoque penatibus et magnis dis parturient montes, nascetur ridiculus mus.<\\/p>\",\"15\":\"\",\"12\":\"10\",\"14\":\"2\",\"38\":[\"59\"],\"35\":\"\",\"13\":\"Kent\"}}', '2017-06-27 17:13:14', '2017-06-27 17:13:14', '9caaf9da-fe89-4a70-b169-163d06ea032e'),
 ('125', '91', '7', '1', 'en_us', '3', '', '{\"typeId\":\"7\",\"authorId\":\"1\",\"title\":\"Robert\",\"slug\":\"robert\",\"postDate\":1496850840,\"expiryDate\":null,\"enabled\":1,\"parentId\":null,\"fields\":{\"1\":\"<p>The standard chunk of Lorem Ipsum used since the 1500s is reproduced below for those interested. Sections 1.10.32 and 1.10.33 from \\\"de Finibus Bonorum et Malorum\\\" by Cicero are also reproduced in their exact original form, accompanied by English versions from the 1914 translation by H. Rackham.<\\/p>\",\"26\":\"asdasfas@kent.edu\",\"56\":[\"50\"],\"15\":[\"90\"],\"9\":\"6464611666165\"}}', '2017-06-27 17:13:43', '2017-06-27 17:13:43', '2c6b5782-df32-4a24-8bd1-70ff606bbc6e'),
 ('126', '91', '7', '1', 'en_us', '4', '', '{\"typeId\":\"7\",\"authorId\":\"1\",\"title\":\"Robert\",\"slug\":\"robert\",\"postDate\":1496850840,\"expiryDate\":null,\"enabled\":1,\"parentId\":null,\"fields\":{\"1\":\"<p>The standard chunk of Lorem Ipsum used since the 1500s is reproduced below for those interested. Sections 1.10.32 and 1.10.33 from \\\"de Finibus Bonorum et Malorum\\\" by Cicero are also reproduced in their exact original form, accompanied by English versions from the 1914 translation by H. Rackham.<\\/p>\",\"26\":\"asdasfas@kent.edu\",\"56\":[\"50\"],\"15\":[\"90\"],\"9\":\"6464611666165\"}}', '2017-06-27 17:24:15', '2017-06-27 17:24:15', '4b05b55f-d0de-4781-98cd-ca0cb6895f8b'),
 ('127', '91', '7', '1', 'en_us', '5', '', '{\"typeId\":\"7\",\"authorId\":\"1\",\"title\":\"Mr. Jeffrey Bee\",\"slug\":\"robert\",\"postDate\":1496850840,\"expiryDate\":null,\"enabled\":1,\"parentId\":null,\"fields\":{\"1\":\"<p>He is a Mechanical Engineer with a Bachelor of Science in Mechanical Engineering degree from The University of Akron. He earned a &nbsp;master\\u2019s degree in Career and Technical Education through Kent State University. He has worked as a mechanical designer, project engineer or product engineer on projects worth hundreds of thousands of dollars to multi-million dollar projects from New York City to Alaska and globally (Saudi Arabia and South Korea). He has had privilege to have taught and coached four Ohio Gold Medal Champions in Technical Drafting in the past six years. (2006-2012 &nbsp;all Portage County Students) Each student competed at the national level against the best in the country.<\\/p>\",\"26\":\"needed\",\"56\":[\"50\"],\"15\":[\"90\"],\"9\":\"needed\"}}', '2017-06-27 17:30:48', '2017-06-27 17:30:48', 'e700007b-fa95-4426-852a-5e608bbc753d'),
 ('128', '51', '7', '1', 'en_us', '6', '', '{\"typeId\":\"7\",\"authorId\":\"1\",\"title\":\"Mrs. Janelle Cuva\",\"slug\":\"jon-doe\",\"postDate\":1493993520,\"expiryDate\":null,\"enabled\":1,\"parentId\":null,\"fields\":{\"1\":\"<p>Mrs. Cuva has been a business teacher at Roosevelt for 16 years. She holds a bachelor\'s degree from Kent State University in Business Education, and also has a master\'s degree in Instructional Technology. &nbsp;She has been married for 14 years and has three beautiful children.<\\/p>\",\"26\":\"needed\",\"56\":[\"50\"],\"15\":[\"94\"],\"9\":\"needed\"}}', '2017-06-27 17:32:16', '2017-06-27 17:32:16', 'b33842a4-d8e7-4e77-9bc5-f92796c0e8f2'),
 ('129', '96', '7', '1', 'en_us', '1', '', '{\"typeId\":null,\"authorId\":\"1\",\"title\":\"Mr. Tom Franek\",\"slug\":\"mr-tom-franek\",\"postDate\":1498584839,\"expiryDate\":null,\"enabled\":1,\"parentId\":null,\"fields\":{\"1\":\"<p>As an instructor of &nbsp;Forestry and Landscape Management for 16 years at Kent Theodore Roosevelt High School, I\'ve enjoyed the mix of teaching new skills and knowledge along with providing the ability to apply these skills and knowledge on real job sites in the community. &nbsp;&nbsp;It provides for a very fulfilling career.<\\/p>\\r\\n<p>I believe that careers related to this field provide and promote an active, healthy and happy lifestyle and a very high quality of life. &nbsp;As part of the program, I advocate living healthy by emphasizing safe working habits, proper diet and sleep habits, and involvement in activities that promote fitness.<\\/p>\\r\\n\",\"26\":\"needed\",\"56\":[\"50\"],\"15\":[\"95\"],\"9\":\"needed\"}}', '2017-06-27 17:33:59', '2017-06-27 17:33:59', '40f13873-61f2-463f-b766-a23e759348f7'),
 ('130', '2', '1', '1', 'en_us', '13', '', '{\"typeId\":null,\"authorId\":null,\"title\":\"Home\",\"slug\":\"homepage\",\"postDate\":1492529583,\"expiryDate\":null,\"enabled\":1,\"parentId\":null,\"fields\":{\"37\":[\"9\"],\"22\":\"\",\"23\":\"Lorem ipsum dolor sit amet, consectetuer adipiscing elit. Aenean commodo ligula eget dolor. Aenean massa. Cum sociis natoque penatibus et magnis dis parturient montes, nascetur ridiculus mus.\",\"24\":\"Admissions\",\"1\":\"<p>It\\u2019s true, this site doesn\\u2019t have a whole lot of content yet, but don\\u2019t worry. Our web developers have just installed the CMS, and they\\u2019re setting things up for the content editors this very moment. Soon Careertech.web will be an oasis of fresh perspectives, sharp analyses, and astute opinions that will keep you coming back again and again.<\\/p>\",\"15\":[\"36\"],\"31\":\"1\",\"32\":\"News\",\"33\":\"Explore Pathways\",\"34\":[\"4\"],\"35\":\"\",\"36\":\"Welcome to Kent Rosevelt\"}}', '2017-06-27 17:36:08', '2017-06-27 17:36:08', '2f002516-92e2-4cb2-b327-acffc39cac60'),
 ('131', '2', '1', '1', 'en_us', '14', '', '{\"typeId\":null,\"authorId\":null,\"title\":\"Home\",\"slug\":\"homepage\",\"postDate\":1492529583,\"expiryDate\":null,\"enabled\":1,\"parentId\":null,\"fields\":{\"37\":[\"9\"],\"22\":\"\",\"23\":\"Lorem ipsum dolor sit amet, consectetuer adipiscing elit. Aenean commodo ligula eget dolor. Aenean massa. Cum sociis natoque penatibus et magnis dis parturient montes, nascetur ridiculus mus.\",\"24\":\"Admissions\",\"1\":\"<p>If you are a high school student planning your future, then Kent Roosevelt Career Technical programs is the place for you! &nbsp;Learn in our high-tech facility from instructors with real-world experience. The Kent Roosevelt High School Career Technical programs are open to students within the Six District Educational Compact. &nbsp;For an application, to schedule an individual tour, or request more information \\u2013call (330) 676-8740 or see your school counselor.<\\/p>\",\"15\":[\"36\"],\"31\":\"1\",\"32\":\"News\",\"33\":\"Explore Pathways\",\"34\":[\"4\"],\"35\":\"\",\"36\":\"Welcome to Kent Rosevelt\"}}', '2017-06-27 17:37:29', '2017-06-27 17:37:29', 'c5306fa9-2d4b-4db3-b25f-576e0e5dbd93'),
 ('132', '91', '7', '1', 'en_us', '6', '', '{\"typeId\":\"7\",\"authorId\":\"1\",\"title\":\"Mr. Jeffrey Bee\",\"slug\":\"robert\",\"postDate\":1496850840,\"expiryDate\":null,\"enabled\":1,\"parentId\":null,\"fields\":{\"1\":\"<p>He is a Mechanical Engineer with a Bachelor of Science in Mechanical Engineering degree from The University of Akron. He earned a &nbsp;master\\u2019s degree in Career and Technical Education through Kent State University. He has worked as a mechanical designer, project engineer or product engineer on projects worth hundreds of thousands of dollars to multi-million dollar projects from New York City to Alaska and globally (Saudi Arabia and South Korea). He has had privilege to have taught and coached four Ohio Gold Medal Champions in Technical Drafting in the past six years. (2006-2012 &nbsp;all Portage County Students) Each student competed at the national level against the best in the country.<\\/p>\",\"26\":\"needed\",\"56\":[\"50\"],\"15\":[\"90\"],\"9\":\"needed\"}}', '2017-06-27 17:47:22', '2017-06-27 17:47:22', 'ef548186-7ecb-4b4c-9480-2c972b261d24'),
 ('133', '96', '7', '1', 'en_us', '2', '', '{\"typeId\":\"7\",\"authorId\":\"1\",\"title\":\"Mr. Tom Franek\",\"slug\":\"mr-tom-franek\",\"postDate\":1498584780,\"expiryDate\":null,\"enabled\":1,\"parentId\":null,\"fields\":{\"1\":\"<p>As an instructor of &nbsp;Forestry and Landscape Management for 16 years at Kent Theodore Roosevelt High School, I\'ve enjoyed the mix of teaching new skills and knowledge along with providing the ability to apply these skills and knowledge on real job sites in the community. &nbsp;&nbsp;It provides for a very fulfilling career.<\\/p>\\r\\n<p>I believe that careers related to this field provide and promote an active, healthy and happy lifestyle and a very high quality of life. &nbsp;As part of the program, I advocate living healthy by emphasizing safe working habits, proper diet and sleep habits, and involvement in activities that promote fitness.<\\/p>\",\"26\":\"needed\",\"56\":[\"50\"],\"15\":[\"95\"],\"9\":\"needed\"}}', '2017-07-05 16:27:18', '2017-07-05 16:27:18', 'a1a09f7e-5b7c-430b-9314-b3e6619acdca'),
 ('134', '99', '7', '1', 'en_us', '1', '', '{\"typeId\":null,\"authorId\":\"1\",\"title\":\"Terry Slattery\",\"slug\":\"terry-slattery\",\"postDate\":1499272298,\"expiryDate\":null,\"enabled\":1,\"parentId\":null,\"fields\":{\"1\":\"<p>#<\\/p>\",\"26\":\"ke_tslattery@kentschools.net\",\"56\":[\"50\"],\"15\":\"\",\"9\":\"#\"}}', '2017-07-05 16:31:38', '2017-07-05 16:31:38', '51b83cba-ee59-4026-889f-5e0d4155e711'),
 ('135', '100', '7', '1', 'en_us', '1', '', '{\"typeId\":null,\"authorId\":\"1\",\"title\":\"Ben Dunlap\",\"slug\":\"ben-dunlap\",\"postDate\":1499272338,\"expiryDate\":null,\"enabled\":1,\"parentId\":null,\"fields\":{\"1\":\"<p>#<\\/p>\",\"26\":\"ke_bdunlap@kentschools.net\",\"56\":[\"50\"],\"15\":\"\",\"9\":\"#\"}}', '2017-07-05 16:32:18', '2017-07-05 16:32:18', '1e804c4e-1050-4334-9c91-573d82a066e6'),
 ('136', '51', '7', '1', 'en_us', '7', '', '{\"typeId\":\"7\",\"authorId\":\"1\",\"title\":\"Mrs. Janelle Cuva\",\"slug\":\"jon-doe\",\"postDate\":1493993520,\"expiryDate\":null,\"enabled\":1,\"parentId\":null,\"fields\":{\"1\":\"<p>Mrs. Cuva has been a business teacher at Roosevelt for 16 years. She holds a bachelor\'s degree from Kent State University in Business Education, and also has a master\'s degree in Instructional Technology. &nbsp;She has been married for 14 years and has three beautiful children.<\\/p>\",\"26\":\"ke_jcuva@kentschools.net\",\"56\":[\"50\"],\"15\":[\"94\"],\"9\":\"#\"}}', '2017-07-05 16:32:39', '2017-07-05 16:32:39', '8416179c-a406-4e35-9de1-62727c6fd138'),
 ('137', '101', '7', '1', 'en_us', '1', '', '{\"typeId\":null,\"authorId\":\"1\",\"title\":\"Troy Spear\",\"slug\":\"troy-spear\",\"postDate\":1499272405,\"expiryDate\":null,\"enabled\":1,\"parentId\":null,\"fields\":{\"1\":\"<p>#<\\/p>\",\"26\":\"ke_tspear@kentschools.net\",\"56\":[\"50\"],\"15\":\"\",\"9\":\"#\"}}', '2017-07-05 16:33:25', '2017-07-05 16:33:25', '4026b7bf-c4b4-4b7d-b1cc-30fb3b70bd98'),
 ('138', '102', '7', '1', 'en_us', '1', '', '{\"typeId\":null,\"authorId\":\"1\",\"title\":\"Don Titko\",\"slug\":\"don-titko\",\"postDate\":1499272441,\"expiryDate\":null,\"enabled\":1,\"parentId\":null,\"fields\":{\"1\":\"<p>#<\\/p>\",\"26\":\"ke_dtitko@kentschools.net\",\"56\":[\"50\"],\"15\":\"\",\"9\":\"#\"}}', '2017-07-05 16:34:01', '2017-07-05 16:34:01', 'b2e7ba28-763d-4359-ae3d-16d58d1e8eb0'),
 ('139', '103', '7', '1', 'en_us', '1', '', '{\"typeId\":null,\"authorId\":\"1\",\"title\":\"Sandi Melucci\",\"slug\":\"sandi-melucci\",\"postDate\":1499272470,\"expiryDate\":null,\"enabled\":1,\"parentId\":null,\"fields\":{\"1\":\"<p>#<\\/p>\",\"26\":\"ke_smelucci@kentschools.net\",\"56\":[\"50\"],\"15\":\"\",\"9\":\"#\"}}', '2017-07-05 16:34:30', '2017-07-05 16:34:30', 'c2dca2b1-c08e-4e5a-9a9f-b4aee8e52f9d'),
 ('140', '104', '7', '1', 'en_us', '1', '', '{\"typeId\":null,\"authorId\":\"1\",\"title\":\"Danielle Wardell\",\"slug\":\"danielle-wardell\",\"postDate\":1499272498,\"expiryDate\":null,\"enabled\":1,\"parentId\":null,\"fields\":{\"1\":\"<p>#<\\/p>\",\"26\":\"ke_dwardell@kentschools.net\",\"56\":\"\",\"15\":\"\",\"9\":\"#\"}}', '2017-07-05 16:34:58', '2017-07-05 16:34:58', 'bd38bb89-a8a0-4682-abfd-9b15d08a0fbb'),
 ('141', '105', '7', '1', 'en_us', '1', '', '{\"typeId\":null,\"authorId\":\"1\",\"title\":\"Jeff LeSueur\",\"slug\":\"jeff-lesueur\",\"postDate\":1499272531,\"expiryDate\":null,\"enabled\":1,\"parentId\":null,\"fields\":{\"1\":\"<p>#<\\/p>\",\"26\":\"ke_jlesueur@kentschools.net\",\"56\":[\"50\"],\"15\":\"\",\"9\":\"#\"}}', '2017-07-05 16:35:31', '2017-07-05 16:35:31', 'b1a94f91-25ec-40e6-8852-76c453f38916'),
 ('142', '104', '7', '1', 'en_us', '2', '', '{\"typeId\":\"7\",\"authorId\":\"1\",\"title\":\"Danielle Wardell\",\"slug\":\"danielle-wardell\",\"postDate\":1499272440,\"expiryDate\":null,\"enabled\":1,\"parentId\":null,\"fields\":{\"1\":\"<p>#<\\/p>\",\"26\":\"ke_dwardell@kentschools.net\",\"56\":[\"50\"],\"15\":\"\",\"9\":\"#\"}}', '2017-07-05 16:35:43', '2017-07-05 16:35:43', 'bbd13ba7-34fe-4f39-a795-d0987fe94b49'),
 ('143', '102', '7', '1', 'en_us', '2', '', '{\"typeId\":\"7\",\"authorId\":\"1\",\"title\":\"Don Titko\",\"slug\":\"don-titko\",\"postDate\":1499272440,\"expiryDate\":null,\"enabled\":1,\"parentId\":null,\"fields\":{\"1\":\"<p>#<\\/p>\",\"26\":\"ke_dtitko@kentschools.net\",\"56\":[\"50\"],\"15\":\"\",\"9\":\"#\"}}', '2017-07-05 16:35:47', '2017-07-05 16:35:47', '6c5dea80-8512-4505-abf7-b153391b3962'),
 ('144', '106', '7', '1', 'en_us', '1', '', '{\"typeId\":null,\"authorId\":\"1\",\"title\":\"Ed Borsuk\",\"slug\":\"ed-borsuk\",\"postDate\":1499272574,\"expiryDate\":null,\"enabled\":1,\"parentId\":null,\"fields\":{\"1\":\"<p>#<\\/p>\",\"26\":\"st_borsuk@smfcsd.org\",\"56\":[\"50\"],\"15\":\"\",\"9\":\"#\"}}', '2017-07-05 16:36:14', '2017-07-05 16:36:14', 'bed0cdb9-c640-494b-8ba7-bc6ce2f18e3e'),
 ('145', '107', '7', '1', 'en_us', '1', '', '{\"typeId\":null,\"authorId\":\"1\",\"title\":\"Laura Eyring\",\"slug\":\"laura-eyring\",\"postDate\":1499272603,\"expiryDate\":null,\"enabled\":1,\"parentId\":null,\"fields\":{\"1\":\"<p>#<\\/p>\",\"26\":\"ke_leyring@kentschools.net\",\"56\":[\"50\"],\"15\":\"\",\"9\":\"#\"}}', '2017-07-05 16:36:43', '2017-07-05 16:36:43', '96c5cf6b-c42a-4c2f-a150-849ddccdac84'),
 ('146', '108', '7', '1', 'en_us', '1', '', '{\"typeId\":null,\"authorId\":\"1\",\"title\":\"Kasey Adelman\",\"slug\":\"kasey-adelman\",\"postDate\":1499272649,\"expiryDate\":null,\"enabled\":1,\"parentId\":null,\"fields\":{\"1\":\"<p>#<\\/p>\",\"26\":\"ke_kadelman@kentschools.net\",\"56\":[\"50\"],\"15\":\"\",\"9\":\"#\"}}', '2017-07-05 16:37:29', '2017-07-05 16:37:29', 'ba1458d1-dc98-4567-aa19-1aedb06f536f'),
 ('147', '109', '7', '1', 'en_us', '1', '', '{\"typeId\":null,\"authorId\":\"1\",\"title\":\"David Helmick st_helmick@smfcsd.org \",\"slug\":\"david-helmick-st-helmick-smfcsd-org\",\"postDate\":1499272679,\"expiryDate\":null,\"enabled\":1,\"parentId\":null,\"fields\":{\"1\":\"<p>#<\\/p>\",\"26\":\"st_helmick@smfcsd.org\",\"56\":[\"50\"],\"15\":\"\",\"9\":\"#\"}}', '2017-07-05 16:37:59', '2017-07-05 16:37:59', '92e11812-d479-4602-b48b-fee8f0777792');
INSERT INTO `craft_entryversions` (`id`, `entryId`, `sectionId`, `creatorId`, `locale`, `num`, `notes`, `data`, `dateCreated`, `dateUpdated`, `uid`) VALUES
 ('148', '109', '7', '1', 'en_us', '2', '', '{\"typeId\":\"7\",\"authorId\":\"1\",\"title\":\"David Helmick\",\"slug\":\"david-helmick-st-helmick-smfcsd-org\",\"postDate\":1499272620,\"expiryDate\":null,\"enabled\":1,\"parentId\":null,\"fields\":{\"1\":\"<p>#<\\/p>\",\"26\":\"st_helmick@smfcsd.org\",\"56\":[\"50\"],\"15\":\"\",\"9\":\"#\"}}', '2017-07-05 16:38:10', '2017-07-05 16:38:10', '1d6a8776-1b8f-4717-8439-6d0317f000be'),
 ('149', '110', '7', '1', 'en_us', '1', '', '{\"typeId\":null,\"authorId\":\"1\",\"title\":\"Sarah Kaplan  \",\"slug\":\"sarah-kaplan\",\"postDate\":1499272719,\"expiryDate\":null,\"enabled\":1,\"parentId\":null,\"fields\":{\"1\":\"<p>#<\\/p>\",\"26\":\"ke_skaplan@kentschools.net\",\"56\":\"\",\"15\":\"\",\"9\":\"#\"}}', '2017-07-05 16:38:39', '2017-07-05 16:38:39', 'e04423a1-5c9f-4665-b853-eda966d19372'),
 ('150', '111', '7', '1', 'en_us', '1', '', '{\"typeId\":null,\"authorId\":\"1\",\"title\":\"Aaron Morris \",\"slug\":\"aaron-morris\",\"postDate\":1499272743,\"expiryDate\":null,\"enabled\":1,\"parentId\":null,\"fields\":{\"1\":\"<p>#<\\/p>\",\"26\":\"st_morris@smfcsd.org\",\"56\":[\"50\"],\"15\":\"\",\"9\":\"#\"}}', '2017-07-05 16:39:03', '2017-07-05 16:39:03', 'f4eee2b9-566e-40d6-8434-f1918266e7a9'),
 ('151', '112', '7', '1', 'en_us', '1', '', '{\"typeId\":null,\"authorId\":\"1\",\"title\":\"John Seabolt \",\"slug\":\"john-seabolt\",\"postDate\":1499272773,\"expiryDate\":null,\"enabled\":1,\"parentId\":null,\"fields\":{\"1\":\"<p>#<\\/p>\",\"26\":\"ke_jseabolt@kentschools.net\",\"56\":[\"50\"],\"15\":\"\",\"9\":\"#\"}}', '2017-07-05 16:39:33', '2017-07-05 16:39:33', 'b86a5691-5708-46ec-a690-dedcc84c7976'),
 ('152', '113', '7', '1', 'en_us', '1', '', '{\"typeId\":null,\"authorId\":\"1\",\"title\":\"Dan Syvanych \",\"slug\":\"dan-syvanych\",\"postDate\":1499272812,\"expiryDate\":null,\"enabled\":1,\"parentId\":null,\"fields\":{\"1\":\"<p>#<\\/p>\",\"26\":\"st_dsyvanych@smfcsd.org\",\"56\":[\"50\"],\"15\":\"\",\"9\":\"#\"}}', '2017-07-05 16:40:12', '2017-07-05 16:40:12', '35c984d5-13ed-441e-b9f0-16f9d4231998'),
 ('153', '96', '7', '1', 'en_us', '3', '', '{\"typeId\":\"7\",\"authorId\":\"1\",\"title\":\"Tom Franek\",\"slug\":\"mr-tom-franek\",\"postDate\":1498584780,\"expiryDate\":null,\"enabled\":1,\"parentId\":null,\"fields\":{\"1\":\"<p>As an instructor of &nbsp;Forestry and Landscape Management for 16 years at Kent Theodore Roosevelt High School, I\'ve enjoyed the mix of teaching new skills and knowledge along with providing the ability to apply these skills and knowledge on real job sites in the community. &nbsp;&nbsp;It provides for a very fulfilling career.<\\/p>\\r\\n<p>I believe that careers related to this field provide and promote an active, healthy and happy lifestyle and a very high quality of life. &nbsp;As part of the program, I advocate living healthy by emphasizing safe working habits, proper diet and sleep habits, and involvement in activities that promote fitness.<\\/p>\",\"26\":\"ke_tfranek@kentschools.net\",\"56\":[\"50\"],\"15\":[\"95\"],\"9\":\"needed\"}}', '2017-07-05 16:41:03', '2017-07-05 16:41:03', '564b36ef-26e5-4452-add8-1cf90bc07ff9'),
 ('154', '114', '7', '1', 'en_us', '1', '', '{\"typeId\":null,\"authorId\":\"1\",\"title\":\"John Lang \",\"slug\":\"john-lang\",\"postDate\":1499272891,\"expiryDate\":null,\"enabled\":1,\"parentId\":null,\"fields\":{\"1\":\"<p>#<\\/p>\",\"26\":\"ke_jlang@kentschools.net\",\"56\":[\"50\"],\"15\":\"\",\"9\":\"#\"}}', '2017-07-05 16:41:31', '2017-07-05 16:41:31', '1becb7f5-0d71-4644-844d-b4777885641a'),
 ('155', '115', '7', '1', 'en_us', '1', '', '{\"typeId\":null,\"authorId\":\"1\",\"title\":\"Catie Milton \",\"slug\":\"catie-milton\",\"postDate\":1499272947,\"expiryDate\":null,\"enabled\":1,\"parentId\":null,\"fields\":{\"1\":\"<p>#<\\/p>\",\"26\":\"ke_cmilton@kentschools.net\",\"56\":[\"50\"],\"15\":\"\",\"9\":\"#\"}}', '2017-07-05 16:42:27', '2017-07-05 16:42:27', '0252527e-fbf4-46cc-8569-71d09a5b8b66'),
 ('156', '116', '7', '1', 'en_us', '1', '', '{\"typeId\":null,\"authorId\":\"1\",\"title\":\"Angela Textor \",\"slug\":\"angela-textor\",\"postDate\":1499272976,\"expiryDate\":null,\"enabled\":1,\"parentId\":null,\"fields\":{\"1\":\"<p>#<\\/p>\",\"26\":\"ke_atextor@kentschools.net\",\"56\":[\"50\"],\"15\":\"\",\"9\":\"#\"}}', '2017-07-05 16:42:56', '2017-07-05 16:42:56', '55b816dd-ae0d-45c5-9d7f-1606b94e9047'),
 ('157', '117', '7', '1', 'en_us', '1', '', '{\"typeId\":null,\"authorId\":\"1\",\"title\":\"Brent Pfeiffer  \",\"slug\":\"brent-pfeiffer\",\"postDate\":1499273006,\"expiryDate\":null,\"enabled\":1,\"parentId\":null,\"fields\":{\"1\":\"<p>#<\\/p>\",\"26\":\"ke_bpfeiffer@kentschools.net\",\"56\":[\"50\"],\"15\":\"\",\"9\":\"#\"}}', '2017-07-05 16:43:26', '2017-07-05 16:43:26', '98c24856-7ba3-4e68-a0a1-9f09b219383a'),
 ('158', '118', '7', '1', 'en_us', '1', '', '{\"typeId\":null,\"authorId\":\"1\",\"title\":\"Rhonda Butler-Carson  ke_rbulter@kentschools.net\",\"slug\":\"rhonda-butler-carson-ke-rbulter-kentschools-net\",\"postDate\":1499273033,\"expiryDate\":null,\"enabled\":1,\"parentId\":null,\"fields\":{\"1\":\"<p>#<\\/p>\",\"26\":\"ke_rbulter@kentschools.net\",\"56\":[\"50\"],\"15\":\"\",\"9\":\"#\"}}', '2017-07-05 16:43:53', '2017-07-05 16:43:53', 'e02eb9e2-8f67-4c46-bbea-3dff5be2dc7a'),
 ('159', '118', '7', '1', 'en_us', '2', '', '{\"typeId\":\"7\",\"authorId\":\"1\",\"title\":\"Rhonda Butler-Carson\",\"slug\":\"rhonda-butler-carson-ke-rbulter-kentschools-net\",\"postDate\":1499272980,\"expiryDate\":null,\"enabled\":1,\"parentId\":null,\"fields\":{\"1\":\"<p>#<\\/p>\",\"26\":\"ke_rbulter@kentschools.net\",\"56\":[\"50\"],\"15\":\"\",\"9\":\"#\"}}', '2017-07-05 16:44:04', '2017-07-05 16:44:04', '489d0e9a-0737-458b-9e26-26171981bac3'),
 ('160', '91', '7', '1', 'en_us', '7', '', '{\"typeId\":\"7\",\"authorId\":\"1\",\"title\":\"Jeffrey Bee\",\"slug\":\"robert\",\"postDate\":1496850840,\"expiryDate\":null,\"enabled\":1,\"parentId\":null,\"fields\":{\"1\":\"<p>He is a Mechanical Engineer with a Bachelor of Science in Mechanical Engineering degree from The University of Akron. He earned a &nbsp;master\\u2019s degree in Career and Technical Education through Kent State University. He has worked as a mechanical designer, project engineer or product engineer on projects worth hundreds of thousands of dollars to multi-million dollar projects from New York City to Alaska and globally (Saudi Arabia and South Korea). He has had privilege to have taught and coached four Ohio Gold Medal Champions in Technical Drafting in the past six years. (2006-2012 &nbsp;all Portage County Students) Each student competed at the national level against the best in the country.<\\/p>\",\"26\":\"needed\",\"56\":[\"50\"],\"15\":[\"90\"],\"9\":\"needed\"}}', '2017-07-05 16:44:14', '2017-07-05 16:44:14', '4923c003-3206-4ab9-b484-f126ace34ff7'),
 ('161', '51', '7', '1', 'en_us', '8', '', '{\"typeId\":\"7\",\"authorId\":\"1\",\"title\":\"Janelle Cuva\",\"slug\":\"jon-doe\",\"postDate\":1493993520,\"expiryDate\":null,\"enabled\":1,\"parentId\":null,\"fields\":{\"1\":\"<p>Mrs. Cuva has been a business teacher at Roosevelt for 16 years. She holds a bachelor\'s degree from Kent State University in Business Education, and also has a master\'s degree in Instructional Technology. &nbsp;She has been married for 14 years and has three beautiful children.<\\/p>\",\"26\":\"ke_jcuva@kentschools.net\",\"56\":[\"50\"],\"15\":[\"94\"],\"9\":\"#\"}}', '2017-07-05 16:44:27', '2017-07-05 16:44:27', '864b88ba-7a06-4f43-b90f-cc89490aa2f3'),
 ('162', '87', '4', '1', 'en_us', '4', '', '{\"typeId\":\"4\",\"authorId\":\"1\",\"title\":\"Cosmetology I\",\"slug\":\"cosmetology-i\",\"postDate\":1494434880,\"expiryDate\":null,\"enabled\":1,\"parentId\":null,\"fields\":{\"1\":\"<p>Lorem ipsum dolor sit amet, consectetuer adipiscing elit. Aenean commodo<br>ligula eget dolor. Aenean massa. Cum sociis natoque penatibus et<br>magnis dis parturient montes, nascetur ridiculus mus.<\\/p>\",\"20\":\"\",\"15\":\"\",\"19\":[\"103\"],\"21\":[\"71\"],\"18\":\"\"}}', '2017-07-05 16:45:19', '2017-07-05 16:45:19', 'f15bbede-4d0d-43c0-9441-bd9765365e5f'),
 ('163', '88', '4', '1', 'en_us', '2', '', '{\"typeId\":\"4\",\"authorId\":\"1\",\"title\":\"Cosmetology II\",\"slug\":\"cosmetology-ii\",\"postDate\":1494434880,\"expiryDate\":null,\"enabled\":1,\"parentId\":null,\"fields\":{\"1\":\"<p>Lorem ipsum dolor sit amet, consectetuer adipiscing elit. Aenean commodo<br>ligula eget dolor. Aenean massa. Cum sociis natoque penatibus et<br>magnis dis parturient montes, nascetur ridiculus mus.<\\/p>\",\"20\":\"\",\"15\":\"\",\"19\":[\"105\"],\"21\":[\"71\"],\"18\":\"\"}}', '2017-07-05 16:45:40', '2017-07-05 16:45:40', '845c8dd4-f7b4-4b14-856a-3b7194e22fb1'),
 ('164', '86', '4', '1', 'en_us', '2', '', '{\"typeId\":\"4\",\"authorId\":\"1\",\"title\":\"Health Career Technologies\",\"slug\":\"health-career-technologies-1\",\"postDate\":1494434820,\"expiryDate\":null,\"enabled\":1,\"parentId\":null,\"fields\":{\"1\":\"<p>Lorem ipsum dolor sit amet, consectetuer adipiscing elit. Aenean commodo<br>ligula eget dolor. Aenean massa. Cum sociis natoque penatibus et<br>magnis dis parturient montes, nascetur ridiculus mus.<\\/p>\",\"20\":\"\",\"15\":\"\",\"19\":[\"115\",\"116\"],\"21\":[\"70\"],\"18\":\"\"}}', '2017-07-05 16:47:46', '2017-07-05 16:47:46', 'dae50fb9-4caa-463c-b8b6-f6fad6af7aca'),
 ('165', '84', '4', '1', 'en_us', '2', '', '{\"typeId\":\"4\",\"authorId\":\"1\",\"title\":\"Athletic Healthcare and Fitness\",\"slug\":\"athletic-healthcare-and-fitness\",\"postDate\":1494434820,\"expiryDate\":null,\"enabled\":1,\"parentId\":null,\"fields\":{\"1\":\"<p>Lorem ipsum dolor sit amet, consectetuer adipiscing elit. Aenean commodo<br>ligula eget dolor. Aenean massa. Cum sociis natoque penatibus et<br>magnis dis parturient montes, nascetur ridiculus mus.<\\/p>\",\"20\":\"\",\"15\":\"\",\"19\":[\"99\"],\"21\":[\"69\"],\"18\":\"\"}}', '2017-07-05 16:48:26', '2017-07-05 16:48:26', 'caeba3fc-9e9a-4843-a704-b8b4deed9f98'),
 ('166', '83', '4', '1', 'en_us', '2', '', '{\"typeId\":\"4\",\"authorId\":\"1\",\"title\":\"Computer Aided Design and Engineering Technologies I\",\"slug\":\"computer-aided-design-and-engineering-technologies-i-1\",\"postDate\":1494434760,\"expiryDate\":null,\"enabled\":1,\"parentId\":null,\"fields\":{\"1\":\"<p>Lorem ipsum dolor sit amet, consectetuer adipiscing elit. Aenean commodo<br>ligula eget dolor. Aenean massa. Cum sociis natoque penatibus et<br>magnis dis parturient montes, nascetur ridiculus mus.<\\/p>\",\"20\":\"\",\"15\":\"\",\"19\":[\"101\"],\"21\":[\"68\"],\"18\":\"\"}}', '2017-07-05 16:48:49', '2017-07-05 16:48:49', '69efdf60-de25-4eab-b5e5-32a4499cafcb'),
 ('167', '83', '4', '1', 'en_us', '3', '', '{\"typeId\":\"4\",\"authorId\":\"1\",\"title\":\"Computer Aided Design and Engineering Technologies II\",\"slug\":\"computer-aided-design-and-engineering-technologies-i-1\",\"postDate\":1494434760,\"expiryDate\":null,\"enabled\":1,\"parentId\":null,\"fields\":{\"1\":\"<p>Lorem ipsum dolor sit amet, consectetuer adipiscing elit. Aenean commodo<br>ligula eget dolor. Aenean massa. Cum sociis natoque penatibus et<br>magnis dis parturient montes, nascetur ridiculus mus.<\\/p>\",\"20\":\"\",\"15\":\"\",\"19\":[\"91\"],\"21\":[\"68\"],\"18\":\"\"}}', '2017-07-05 16:49:15', '2017-07-05 16:49:15', 'd77aa507-0d98-48c1-b73d-d218259f45b5'),
 ('168', '82', '4', '1', 'en_us', '2', '', '{\"typeId\":\"4\",\"authorId\":\"1\",\"title\":\"Computer Aided Design and Engineering Technologies I\",\"slug\":\"computer-aided-design-and-engineering-technologies-i\",\"postDate\":1494434760,\"expiryDate\":null,\"enabled\":1,\"parentId\":null,\"fields\":{\"1\":\"<p>Lorem ipsum dolor sit amet, consectetuer adipiscing elit. Aenean commodo<br>ligula eget dolor. Aenean massa. Cum sociis natoque penatibus et<br>magnis dis parturient montes, nascetur ridiculus mus.<\\/p>\",\"20\":\"\",\"15\":\"\",\"19\":[\"101\"],\"21\":[\"68\"],\"18\":\"\"}}', '2017-07-05 16:49:30', '2017-07-05 16:49:30', '43edfb3c-6073-44bf-aace-d1399efa06f9'),
 ('169', '82', '4', '1', 'en_us', '3', '', '{\"typeId\":\"4\",\"authorId\":\"1\",\"title\":\"Computer Aided Design and Engineering Technologies I\",\"slug\":\"computer-aided-design-and-engineering-technologies-i\",\"postDate\":1494434760,\"expiryDate\":null,\"enabled\":1,\"parentId\":null,\"fields\":{\"1\":\"<p>Lorem ipsum dolor sit amet, consectetuer adipiscing elit. Aenean commodo<br>ligula eget dolor. Aenean massa. Cum sociis natoque penatibus et<br>magnis dis parturient montes, nascetur ridiculus mus.<\\/p>\",\"20\":\"\",\"15\":\"\",\"19\":[\"101\"],\"21\":[\"68\"],\"18\":\"\"}}', '2017-07-05 16:49:39', '2017-07-05 16:49:39', '12551ae8-8316-4615-92a6-136c906cf51a'),
 ('170', '83', '4', '1', 'en_us', '4', '', '{\"typeId\":\"4\",\"authorId\":\"1\",\"title\":\"Computer Aided Design and Engineering Technologies II\",\"slug\":\"computer-aided-design-and-engineering-technologies-i-1\",\"postDate\":1494434760,\"expiryDate\":null,\"enabled\":1,\"parentId\":null,\"fields\":{\"1\":\"<p>Lorem ipsum dolor sit amet, consectetuer adipiscing elit. Aenean commodo<br>ligula eget dolor. Aenean massa. Cum sociis natoque penatibus et<br>magnis dis parturient montes, nascetur ridiculus mus.<\\/p>\",\"20\":\"\",\"15\":\"\",\"19\":[\"91\"],\"21\":[\"68\"],\"18\":\"\"}}', '2017-07-05 16:49:47', '2017-07-05 16:49:47', 'fba9c631-03d4-42d8-a557-a61229f22d34'),
 ('171', '81', '4', '1', 'en_us', '2', '', '{\"typeId\":\"4\",\"authorId\":\"1\",\"title\":\"Engineering Academy: Computer Aided Design\\/Math\",\"slug\":\"engineering-academy-computer-aided-design-math\",\"postDate\":1494434700,\"expiryDate\":null,\"enabled\":1,\"parentId\":null,\"fields\":{\"1\":\"<p>Lorem ipsum dolor sit amet, consectetuer adipiscing elit. Aenean commodo<br>ligula eget dolor. Aenean massa. Cum sociis natoque penatibus et<br>magnis dis parturient montes, nascetur ridiculus mus.<\\/p>\",\"20\":\"\",\"15\":\"\",\"19\":[\"105\",\"91\",\"107\",\"106\"],\"21\":[\"67\"],\"18\":\"\"}}', '2017-07-05 16:51:42', '2017-07-05 16:51:42', '75a95cb0-5863-4b1c-a6fd-783f5dc3c816'),
 ('172', '80', '4', '1', 'en_us', '2', '', '{\"typeId\":\"4\",\"authorId\":\"1\",\"title\":\"Engineering Academy\",\"slug\":\"engineering-academy\",\"postDate\":1494434640,\"expiryDate\":null,\"enabled\":1,\"parentId\":null,\"fields\":{\"1\":\"<p>Lorem ipsum dolor sit amet, consectetuer adipiscing elit. Aenean commodo<br>ligula eget dolor. Aenean massa. Cum sociis natoque penatibus et<br>magnis dis parturient montes, nascetur ridiculus mus.<\\/p>\",\"20\":\"\",\"15\":\"\",\"19\":[\"113\",\"112\",\"111\",\"110\",\"108\",\"109\"],\"21\":[\"67\"],\"18\":\"\"}}', '2017-07-05 16:52:21', '2017-07-05 16:52:21', '4d822dea-632a-40a6-a292-7550b2025acb'),
 ('173', '81', '4', '1', 'en_us', '3', '', '{\"typeId\":\"4\",\"authorId\":\"1\",\"title\":\"Engineering Academy: Technology\",\"slug\":\"engineering-academy-computer-aided-design-math\",\"postDate\":1494434700,\"expiryDate\":null,\"enabled\":1,\"parentId\":null,\"fields\":{\"1\":\"<p>Lorem ipsum dolor sit amet, consectetuer adipiscing elit. Aenean commodo<br>ligula eget dolor. Aenean massa. Cum sociis natoque penatibus et<br>magnis dis parturient montes, nascetur ridiculus mus.<\\/p>\",\"20\":\"\",\"15\":\"\",\"19\":[\"105\",\"91\",\"107\",\"106\"],\"21\":[\"67\"],\"18\":\"\"}}', '2017-07-05 16:52:46', '2017-07-05 16:52:46', '7acf6da0-86f6-4e84-bec4-5ff973680f97'),
 ('174', '80', '4', '1', 'en_us', '3', '', '{\"typeId\":\"4\",\"authorId\":\"1\",\"title\":\"Engineering Academy: Academic\",\"slug\":\"engineering-academy\",\"postDate\":1494434640,\"expiryDate\":null,\"enabled\":1,\"parentId\":null,\"fields\":{\"1\":\"<p>Lorem ipsum dolor sit amet, consectetuer adipiscing elit. Aenean commodo<br>ligula eget dolor. Aenean massa. Cum sociis natoque penatibus et<br>magnis dis parturient montes, nascetur ridiculus mus.<\\/p>\",\"20\":\"\",\"15\":\"\",\"19\":[\"113\",\"112\",\"111\",\"110\",\"108\",\"109\"],\"21\":[\"67\"],\"18\":\"\"}}', '2017-07-05 16:53:04', '2017-07-05 16:53:04', 'c8d06117-1a03-48ce-89a0-5533dba611b0'),
 ('175', '79', '4', '1', 'en_us', '2', '', '{\"typeId\":\"4\",\"authorId\":\"1\",\"title\":\"Electronics, Robotics & Professions\",\"slug\":\"electronics-robotics-professions\",\"postDate\":1494434640,\"expiryDate\":null,\"enabled\":1,\"parentId\":null,\"fields\":{\"1\":\"<p>Lorem ipsum dolor sit amet, consectetuer adipiscing elit. Aenean commodo<br>ligula eget dolor. Aenean massa. Cum sociis natoque penatibus et<br>magnis dis parturient montes, nascetur ridiculus mus.<\\/p>\",\"20\":\"\",\"15\":\"\",\"19\":[\"105\"],\"21\":[\"66\"],\"18\":\"\"}}', '2017-07-05 16:53:32', '2017-07-05 16:53:32', '59b4e7e5-128a-445d-84f4-b96292cc0e6b'),
 ('176', '78', '4', '1', 'en_us', '2', '', '{\"typeId\":\"4\",\"authorId\":\"1\",\"title\":\"Teaching Professions\",\"slug\":\"teaching-professions\",\"postDate\":1494434640,\"expiryDate\":null,\"enabled\":1,\"parentId\":null,\"fields\":{\"1\":\"<p>Lorem ipsum dolor sit amet, consectetuer adipiscing elit. Aenean commodo<br>ligula eget dolor. Aenean massa. Cum sociis natoque penatibus et<br>magnis dis parturient montes, nascetur ridiculus mus.<\\/p>\",\"20\":\"\",\"15\":\"\",\"19\":[\"118\"],\"21\":[\"65\"],\"18\":\"\"}}', '2017-07-05 16:53:52', '2017-07-05 16:53:52', '6fd1a0ac-63f5-4319-ac28-33eab5ee978b'),
 ('177', '77', '4', '1', 'en_us', '2', '', '{\"typeId\":\"4\",\"authorId\":\"1\",\"title\":\"Construction Technologies\",\"slug\":\"construction-technologies\",\"postDate\":1494434580,\"expiryDate\":null,\"enabled\":1,\"parentId\":null,\"fields\":{\"1\":\"<p>Lorem ipsum dolor sit amet, consectetuer adipiscing elit. Aenean commodo<br>ligula eget dolor. Aenean massa. Cum sociis natoque penatibus et<br>magnis dis parturient montes, nascetur ridiculus mus.<\\/p>\",\"20\":\"\",\"15\":\"\",\"19\":[\"102\"],\"21\":[\"64\"],\"18\":\"\"}}', '2017-07-05 16:54:15', '2017-07-05 16:54:15', '3e379928-2e12-43bc-900b-7cb3f39115c9'),
 ('178', '76', '4', '1', 'en_us', '2', '', '{\"typeId\":\"4\",\"authorId\":\"1\",\"title\":\"Marketing Management (DECA)\",\"slug\":\"marketing-management-deca\",\"postDate\":1494434580,\"expiryDate\":null,\"enabled\":1,\"parentId\":null,\"fields\":{\"1\":\"<p>Lorem ipsum dolor sit amet, consectetuer adipiscing elit. Aenean commodo<br>ligula eget dolor. Aenean massa. Cum sociis natoque penatibus et<br>magnis dis parturient montes, nascetur ridiculus mus.<\\/p>\",\"20\":\"\",\"15\":\"\",\"19\":[\"117\"],\"21\":[\"63\"],\"18\":\"\"}}', '2017-07-05 16:54:56', '2017-07-05 16:54:56', '893f6773-3749-4333-8050-60d7f95b3973'),
 ('179', '75', '4', '1', 'en_us', '2', '', '{\"typeId\":\"4\",\"authorId\":\"1\",\"title\":\"Business and Sports Management\",\"slug\":\"business-and-sports-management-ii\",\"postDate\":1494434520,\"expiryDate\":null,\"enabled\":1,\"parentId\":null,\"fields\":{\"1\":\"<p>Lorem ipsum dolor sit amet, consectetuer adipiscing elit. Aenean commodo<br>ligula eget dolor. Aenean massa. Cum sociis natoque penatibus et<br>magnis dis parturient montes, nascetur ridiculus mus.<\\/p>\",\"20\":\"\",\"15\":\"\",\"19\":[\"100\",\"51\"],\"21\":[\"62\"],\"18\":\"\"}}', '2017-07-05 16:55:44', '2017-07-05 16:55:44', '4bb69a6a-368e-474d-98f8-f9122bbca32f'),
 ('180', '72', '4', '1', 'en_us', '2', '', '{\"typeId\":\"4\",\"authorId\":\"1\",\"title\":\"Forestry and Landscape Management I\",\"slug\":\"forestry-and-landscape-management-i\",\"postDate\":1494433440,\"expiryDate\":null,\"enabled\":1,\"parentId\":null,\"fields\":{\"1\":\"<p>Lorem ipsum dolor sit amet, consectetuer adipiscing elit. Aenean commodo ligula eget dolor. Aenean massa. Cum sociis natoque penatibus et magnis dis parturient montes, nascetur ridiculus mus.<\\/p>\",\"20\":\"\",\"15\":\"\",\"19\":[\"96\"],\"21\":[\"60\"],\"18\":\"\"}}', '2017-07-05 16:56:42', '2017-07-05 16:56:42', '9d88b8ac-c960-4069-b0bd-87f4c78a0630'),
 ('181', '73', '4', '1', 'en_us', '2', '', '{\"typeId\":\"4\",\"authorId\":\"1\",\"title\":\"Forestry and Landscape Management II\",\"slug\":\"forestry-and-landscape-management-ii\",\"postDate\":1494433440,\"expiryDate\":null,\"enabled\":1,\"parentId\":null,\"fields\":{\"1\":\"<p>Lorem ipsum dolor sit amet, consectetuer adipiscing elit. Aenean commodo ligula eget dolor. Aenean massa. Cum sociis natoque penatibus et magnis dis parturient montes, nascetur ridiculus mus.<\\/p>\",\"20\":\"\",\"15\":\"\",\"19\":[\"114\"],\"21\":[\"60\"],\"18\":\"\"}}', '2017-07-05 16:56:58', '2017-07-05 16:56:58', '2977e504-25a3-4857-8baa-fe8c1589e882'),
 ('182', '82', '4', '1', 'en_us', '4', '', '{\"typeId\":\"4\",\"authorId\":\"1\",\"title\":\"Computer Aided Design and Engineering Technologies I\",\"slug\":\"computer-aided-design-and-engineering-technologies-i\",\"postDate\":1494434760,\"expiryDate\":null,\"enabled\":1,\"parentId\":null,\"fields\":{\"1\":\"<p>Lorem ipsum dolor sit amet, consectetuer adipiscing elit. Aenean commodo<br>ligula eget dolor. Aenean massa. Cum sociis natoque penatibus et<br>magnis dis parturient montes, nascetur ridiculus mus.<\\/p>\",\"20\":\"\",\"15\":\"\",\"19\":[\"101\"],\"21\":[\"68\"],\"18\":\"\"}}', '2017-07-05 16:57:43', '2017-07-05 16:57:43', '9cb18196-9091-45fe-9c80-41155eeff94f'),
 ('183', '79', '4', '1', 'en_us', '3', '', '{\"typeId\":\"4\",\"authorId\":\"1\",\"title\":\"Electronics, Robotics & Programming\",\"slug\":\"electronics-robotics-professions\",\"postDate\":1494434640,\"expiryDate\":null,\"enabled\":1,\"parentId\":null,\"fields\":{\"1\":\"<p>Lorem ipsum dolor sit amet, consectetuer adipiscing elit. Aenean commodo<br>ligula eget dolor. Aenean massa. Cum sociis natoque penatibus et<br>magnis dis parturient montes, nascetur ridiculus mus.<\\/p>\",\"20\":\"\",\"15\":\"\",\"19\":[\"105\"],\"21\":[\"66\"],\"18\":\"\"}}', '2017-07-05 16:58:11', '2017-07-05 16:58:11', 'b2a56b6f-d0de-42a5-9101-3ba8fa80f550'),
 ('185', '117', '7', '1', 'en_us', '2', '', '{\"typeId\":\"7\",\"authorId\":\"1\",\"title\":\"Brent Pfeiffer  \",\"slug\":\"brent-pfeiffer\",\"postDate\":1499272980,\"expiryDate\":null,\"enabled\":1,\"parentId\":null,\"fields\":{\"1\":\"<p>#<\\/p>\",\"26\":\"ke_bpfeiffer@kentschools.net\",\"56\":[\"50\"],\"15\":\"\",\"9\":\"#\"}}', '2017-07-11 17:57:41', '2017-07-11 17:57:41', '5bbdca1e-ca86-41d0-a9b8-cc47a5a5a332'),
 ('186', '2', '1', '1', 'en_us', '15', '', '{\"typeId\":null,\"authorId\":null,\"title\":\"Home\",\"slug\":\"homepage\",\"postDate\":1492529583,\"expiryDate\":null,\"enabled\":1,\"parentId\":null,\"fields\":{\"37\":[\"9\"],\"22\":\"\",\"23\":\"Lorem ipsum dolor sit amet, consectetuer adipiscing elit. Aenean commodo ligula eget dolor. Aenean massa. Cum sociis natoque penatibus et magnis dis parturient montes, nascetur ridiculus mus.\",\"24\":\"Admissions\",\"1\":\"<p>If you are a high school student planning your future, then Kent Roosevelt Career Technical programs is the place for you! &nbsp;Learn in our high-tech facility from instructors with real-world experience. The Kent Roosevelt High School Career Technical programs are open to students within the Six District Educational Compact. &nbsp;For an application, to schedule an individual tour, or request more information \\u2013call (330) 676-8740 or see your school counselor.<\\/p>\",\"15\":[\"121\"],\"31\":\"1\",\"32\":\"News\",\"33\":\"Explore Pathways\",\"34\":[\"4\"],\"35\":\"\",\"36\":\"Welcome to Kent Rosevelt\"}}', '2017-08-07 14:29:02', '2017-08-07 14:29:02', 'b3e6ae08-0728-4f95-b294-7a8ea4fc31d5'),
 ('187', '4', '10', '1', 'en_us', '5', '', '{\"typeId\":\"10\",\"authorId\":null,\"title\":\"Explore Programs\",\"slug\":\"programs-landing-page\",\"postDate\":1492697341,\"expiryDate\":null,\"enabled\":1,\"parentId\":null,\"fields\":{\"1\":\"<p>Lorem ipsum dolor sit amet, consectetuer adipiscing elit. Aenean commodo<br>ligula eget dolor. Aenean massa. Cum sociis natoque penatibus et<br>magnis dis parturient montes, nascetur ridiculus mus.<\\/p>\",\"15\":\"\"}}', '2017-08-07 16:51:06', '2017-08-07 16:51:06', 'd3cc5d7a-4c6e-4122-8877-0471e7f05384'),
 ('188', '71', '3', '1', 'en_us', '4', '', '{\"typeId\":\"3\",\"authorId\":\"1\",\"title\":\"Cosmetology\",\"slug\":\"cosmetology\",\"postDate\":1494433380,\"expiryDate\":null,\"enabled\":1,\"parentId\":null,\"fields\":{\"16\":\"1\",\"57\":\"\",\"1\":\"<p>Lorem ipsum dolor sit amet, consectetuer adipiscing elit. Aenean commodo ligula eget dolor. Aenean massa. Cum sociis natoque penatibus et magnis dis parturient montes, nascetur ridiculus mus.<\\/p>\",\"11\":\"<p>Lorem ipsum dolor sit amet, consectetuer adipiscing elit. Aenean commodo ligula eget dolor. Aenean massa. Cum sociis natoque penatibus et magnis dis parturient montes, nascetur ridiculus mus.<\\/p>\",\"15\":[\"128\"],\"12\":\"10\",\"14\":\"2\",\"38\":[\"59\"],\"35\":\"\",\"13\":\"Kent\"}}', '2017-08-07 17:06:20', '2017-08-07 17:06:20', '2d1ffff5-e0c3-4077-b51d-efc5690f6ecb'),
 ('189', '70', '3', '1', 'en_us', '2', '', '{\"typeId\":\"3\",\"authorId\":\"1\",\"title\":\"Health Care and Technologies\",\"slug\":\"health-care-and-technologies\",\"postDate\":1494433320,\"expiryDate\":null,\"enabled\":1,\"parentId\":null,\"fields\":{\"16\":\"1\",\"57\":\"\",\"1\":\"<p>Lorem ipsum dolor sit amet, consectetuer adipiscing elit. Aenean commodo ligula eget dolor. Aenean massa. Cum sociis natoque penatibus et magnis dis parturient montes, nascetur ridiculus mus.<\\/p>\",\"11\":\"<p>Lorem ipsum dolor sit amet, consectetuer adipiscing elit. Aenean commodo ligula eget dolor. Aenean massa. Cum sociis natoque penatibus et magnis dis parturient montes, nascetur ridiculus mus.<\\/p>\",\"15\":[\"129\"],\"12\":\"10\",\"14\":\"2\",\"38\":[\"58\"],\"35\":\"\",\"13\":\"Kent\"}}', '2017-08-07 17:06:56', '2017-08-07 17:06:56', 'efddb159-8f60-429c-88fa-103075f3992a'),
 ('190', '68', '3', '1', 'en_us', '2', '', '{\"typeId\":\"3\",\"authorId\":\"1\",\"title\":\"Computer Aided Design and Engineering Technologies\",\"slug\":\"computer-aided-design-and-engineering-technologies\",\"postDate\":1494433320,\"expiryDate\":null,\"enabled\":1,\"parentId\":null,\"fields\":{\"16\":\"1\",\"57\":\"\",\"1\":\"<p>Lorem ipsum dolor sit amet, consectetuer adipiscing elit. Aenean commodo ligula eget dolor. Aenean massa. Cum sociis natoque penatibus et magnis dis parturient montes, nascetur ridiculus mus.<\\/p>\",\"11\":\"<p>Lorem ipsum dolor sit amet, consectetuer adipiscing elit. Aenean commodo ligula eget dolor. Aenean massa. Cum sociis natoque penatibus et magnis dis parturient montes, nascetur ridiculus mus.<\\/p>\",\"15\":[\"130\"],\"12\":\"10\",\"14\":\"2\",\"38\":[\"57\"],\"35\":\"\",\"13\":\"Kent\"}}', '2017-08-07 17:07:11', '2017-08-07 17:07:11', 'c9dca52f-27bf-4b73-9cc6-f9cdc00213c2'),
 ('191', '70', '3', '1', 'en_us', '3', '', '{\"typeId\":\"3\",\"authorId\":\"1\",\"title\":\"Health Care and Technologies\",\"slug\":\"health-care-and-technologies\",\"postDate\":1494433320,\"expiryDate\":null,\"enabled\":1,\"parentId\":null,\"fields\":{\"16\":\"1\",\"57\":\"\",\"1\":\"<p>Lorem ipsum dolor sit amet, consectetuer adipiscing elit. Aenean commodo ligula eget dolor. Aenean massa. Cum sociis natoque penatibus et magnis dis parturient montes, nascetur ridiculus mus.<\\/p>\",\"11\":\"<p>Lorem ipsum dolor sit amet, consectetuer adipiscing elit. Aenean commodo ligula eget dolor. Aenean massa. Cum sociis natoque penatibus et magnis dis parturient montes, nascetur ridiculus mus.<\\/p>\",\"15\":[\"129\"],\"12\":\"10\",\"14\":\"2\",\"38\":[\"58\"],\"35\":\"\",\"13\":\"Kent\"}}', '2017-08-07 17:07:21', '2017-08-07 17:07:21', 'f38e741e-5bca-4006-8c31-98b11c1a947e'),
 ('192', '67', '3', '1', 'en_us', '2', '', '{\"typeId\":\"3\",\"authorId\":\"1\",\"title\":\"Engineering Academy\",\"slug\":\"engineering-academy\",\"postDate\":1494433260,\"expiryDate\":null,\"enabled\":1,\"parentId\":null,\"fields\":{\"16\":\"1\",\"57\":\"\",\"1\":\"<p>Lorem ipsum dolor sit amet, consectetuer adipiscing elit. Aenean commodo ligula eget dolor. Aenean massa. Cum sociis natoque penatibus et magnis dis parturient montes, nascetur ridiculus mus.<\\/p>\",\"11\":\"<p>Lorem ipsum dolor sit amet, consectetuer adipiscing elit. Aenean commodo ligula eget dolor. Aenean massa. Cum sociis natoque penatibus et magnis dis parturient montes, nascetur ridiculus mus.<\\/p>\",\"15\":[\"131\"],\"12\":\"10\",\"14\":\"2\",\"38\":[\"57\"],\"35\":\"\",\"13\":\"Kent\"}}', '2017-08-07 17:07:40', '2017-08-07 17:07:40', '77325fce-fa3c-4e40-85f7-93fa0ecb39a4'),
 ('193', '65', '3', '1', 'en_us', '2', '', '{\"typeId\":\"3\",\"authorId\":\"1\",\"title\":\"Teaching Professions\",\"slug\":\"teaching-professions\",\"postDate\":1494433200,\"expiryDate\":null,\"enabled\":1,\"parentId\":null,\"fields\":{\"16\":\"1\",\"57\":\"\",\"1\":\"<p>Lorem ipsum dolor sit amet, consectetuer adipiscing elit. Aenean commodo ligula eget dolor. Aenean massa. Cum sociis natoque penatibus et magnis dis parturient montes, nascetur ridiculus mus.<\\/p>\",\"11\":\"<p>Lorem ipsum dolor sit amet, consectetuer adipiscing elit. Aenean commodo ligula eget dolor. Aenean massa. Cum sociis natoque penatibus et magnis dis parturient montes, nascetur ridiculus mus.<\\/p>\",\"15\":[\"132\"],\"12\":\"10\",\"14\":\"2\",\"38\":[\"56\"],\"35\":\"\",\"13\":\"Kent\"}}', '2017-08-07 17:07:59', '2017-08-07 17:07:59', '6fffdb76-447c-42b0-b446-62648aba3fb0'),
 ('194', '64', '3', '1', 'en_us', '2', '', '{\"typeId\":\"3\",\"authorId\":\"1\",\"title\":\"Construction Technologies\",\"slug\":\"construction-technologies\",\"postDate\":1494433140,\"expiryDate\":null,\"enabled\":1,\"parentId\":null,\"fields\":{\"16\":\"1\",\"57\":\"\",\"1\":\"<p>Lorem ipsum dolor sit amet, consectetuer adipiscing elit. Aenean commodo ligula eget dolor. Aenean massa. Cum sociis natoque penatibus et magnis dis parturient montes, nascetur ridiculus mus.<\\/p>\",\"11\":\"<p>Lorem ipsum dolor sit amet, consectetuer adipiscing elit. Aenean commodo ligula eget dolor. Aenean massa. Cum sociis natoque penatibus et magnis dis parturient montes, nascetur ridiculus mus.<\\/p>\",\"15\":[\"131\"],\"12\":\"10\",\"14\":\"10\",\"38\":[\"55\"],\"35\":\"\",\"13\":\"Kent\"}}', '2017-08-07 17:08:24', '2017-08-07 17:08:24', 'a612b077-a6d9-4339-a647-b0f73f8ce567'),
 ('195', '60', '3', '1', 'en_us', '3', '', '{\"typeId\":\"3\",\"authorId\":\"1\",\"title\":\"Forestry and Landscape Management\",\"slug\":\"forestry-and-landscape-management\",\"postDate\":1494433080,\"expiryDate\":null,\"enabled\":1,\"parentId\":null,\"fields\":{\"16\":\"1\",\"57\":\"\",\"1\":\"<p>Lorem ipsum dolor sit amet, consectetuer adipiscing elit. Aenean commodo ligula eget dolor. Aenean massa. Cum sociis natoque penatibus et magnis dis parturient montes, nascetur ridiculus mus.<\\/p>\",\"11\":\"<p>Lorem ipsum dolor sit amet, consectetuer adipiscing elit. Aenean commodo ligula eget dolor. Aenean massa. Cum sociis natoque penatibus et magnis dis parturient montes, nascetur ridiculus mus.<\\/p>\",\"15\":[\"133\"],\"12\":\"10\",\"14\":\"2\",\"38\":[\"53\"],\"35\":\"\",\"13\":\"Kent\"}}', '2017-08-07 17:08:46', '2017-08-07 17:08:46', 'a64d6964-a1d5-4218-a4c2-323f83ed13b0'),
 ('196', '62', '3', '1', 'en_us', '2', '', '{\"typeId\":\"3\",\"authorId\":\"1\",\"title\":\"Business and Sports Management\",\"slug\":\"business-and-sports-management\",\"postDate\":1494433140,\"expiryDate\":null,\"enabled\":1,\"parentId\":null,\"fields\":{\"16\":\"1\",\"57\":\"\",\"1\":\"<p>Lorem ipsum dolor sit amet, consectetuer adipiscing elit. Aenean commodo ligula eget dolor. Aenean massa. Cum sociis natoque penatibus et magnis dis parturient montes, nascetur ridiculus mus.<\\/p>\",\"11\":\"<p>Lorem ipsum dolor sit amet, consectetuer adipiscing elit. Aenean commodo ligula eget dolor. Aenean massa. Cum sociis natoque penatibus et magnis dis parturient montes, nascetur ridiculus mus.<\\/p>\",\"15\":[\"134\"],\"12\":\"10\",\"14\":\"2\",\"38\":[\"54\"],\"35\":\"\",\"13\":\"Kent\"}}', '2017-08-07 17:09:01', '2017-08-07 17:09:01', 'b3c27275-5934-4aee-8884-dfe7759e5354'),
 ('197', '63', '3', '1', 'en_us', '2', '', '{\"typeId\":\"3\",\"authorId\":\"1\",\"title\":\"Marketing Management\",\"slug\":\"marketing-management\",\"postDate\":1494433140,\"expiryDate\":null,\"enabled\":1,\"parentId\":null,\"fields\":{\"16\":\"1\",\"57\":\"\",\"1\":\"<p>Lorem ipsum dolor sit amet, consectetuer adipiscing elit. Aenean commodo ligula eget dolor. Aenean massa. Cum sociis natoque penatibus et magnis dis parturient montes, nascetur ridiculus mus.<\\/p>\",\"11\":\"<p>Lorem ipsum dolor sit amet, consectetuer adipiscing elit. Aenean commodo ligula eget dolor. Aenean massa. Cum sociis natoque penatibus et magnis dis parturient montes, nascetur ridiculus mus.<\\/p>\",\"15\":[\"129\"],\"12\":\"10\",\"14\":\"2\",\"38\":[\"54\"],\"35\":\"\",\"13\":\"Kent\"}}', '2017-08-07 17:09:19', '2017-08-07 17:09:19', 'efa2f26b-2aee-4792-a32b-771b1e5889e0'),
 ('198', '67', '3', '1', 'en_us', '3', '', '{\"typeId\":\"3\",\"authorId\":\"1\",\"title\":\"Engineering Academy\",\"slug\":\"engineering-academy\",\"postDate\":1494433260,\"expiryDate\":null,\"enabled\":1,\"parentId\":null,\"fields\":{\"16\":\"1\",\"57\":\"\",\"1\":\"<p>Lorem ipsum dolor sit amet, consectetuer adipiscing elit. Aenean commodo ligula eget dolor. Aenean massa. Cum sociis natoque penatibus et magnis dis parturient montes, nascetur ridiculus mus.<\\/p>\",\"11\":\"<p>Lorem ipsum dolor sit amet, consectetuer adipiscing elit. Aenean commodo ligula eget dolor. Aenean massa. Cum sociis natoque penatibus et magnis dis parturient montes, nascetur ridiculus mus.<\\/p>\",\"15\":[\"131\"],\"12\":\"10\",\"14\":\"2\",\"38\":[\"57\"],\"35\":\"\",\"13\":\"Kent\"}}', '2017-08-07 17:09:24', '2017-08-07 17:09:24', '92510004-62ab-4822-b16c-0a4bb8746091'),
 ('199', '66', '3', '1', 'en_us', '2', '', '{\"typeId\":\"3\",\"authorId\":\"1\",\"title\":\"Electronics, Robotics, and Programming\",\"slug\":\"electronics-robotics-and-programming\",\"postDate\":1494433260,\"expiryDate\":null,\"enabled\":1,\"parentId\":null,\"fields\":{\"16\":\"1\",\"57\":\"\",\"1\":\"<p>Lorem ipsum dolor sit amet, consectetuer adipiscing elit. Aenean commodo ligula eget dolor. Aenean massa. Cum sociis natoque penatibus et magnis dis parturient montes, nascetur ridiculus mus.<\\/p>\",\"11\":\"<p>Lorem ipsum dolor sit amet, consectetuer adipiscing elit. Aenean commodo ligula eget dolor. Aenean massa. Cum sociis natoque penatibus et magnis dis parturient montes, nascetur ridiculus mus.<\\/p>\",\"15\":[\"134\"],\"12\":\"10\",\"14\":\"2\",\"38\":[\"57\"],\"35\":\"\",\"13\":\"Kent\"}}', '2017-08-07 17:09:35', '2017-08-07 17:09:35', 'd805061d-f555-4ca4-9985-dc8125bb3241'),
 ('200', '69', '3', '1', 'en_us', '2', '', '{\"typeId\":\"3\",\"authorId\":\"1\",\"title\":\"Athletic Health Care Fitness\",\"slug\":\"athletic-health-care-fitness\",\"postDate\":1494433320,\"expiryDate\":null,\"enabled\":1,\"parentId\":null,\"fields\":{\"16\":\"1\",\"57\":\"\",\"1\":\"<p>Lorem ipsum dolor sit amet, consectetuer adipiscing elit. Aenean commodo ligula eget dolor. Aenean massa. Cum sociis natoque penatibus et magnis dis parturient montes, nascetur ridiculus mus.<\\/p>\",\"11\":\"<p>Lorem ipsum dolor sit amet, consectetuer adipiscing elit. Aenean commodo ligula eget dolor. Aenean massa. Cum sociis natoque penatibus et magnis dis parturient montes, nascetur ridiculus mus.<\\/p>\",\"15\":[\"131\"],\"12\":\"10\",\"14\":\"2\",\"38\":[\"58\"],\"35\":\"\",\"13\":\"Kent\"}}', '2017-08-07 17:10:37', '2017-08-07 17:10:37', '0abbaaf2-1258-4092-a555-2c337357a006'),
 ('201', '60', '3', '1', 'en_us', '4', '', '{\"typeId\":\"3\",\"authorId\":\"1\",\"title\":\"Forestry and Landscape Management\",\"slug\":\"forestry-and-landscape-management\",\"postDate\":1494433080,\"expiryDate\":null,\"enabled\":1,\"parentId\":null,\"fields\":{\"16\":\"1\",\"57\":\"\",\"1\":\"<p>Lorem ipsum dolor sit amet, consectetuer adipiscing elit. Aenean commodo ligula eget dolor. Aenean massa. Cum sociis natoque penatibus et magnis dis parturient montes, nascetur ridiculus mus.<\\/p>\",\"11\":\"<p>Lorem ipsum dolor sit amet, consectetuer adipiscing elit. Aenean commodo ligula eget dolor. Aenean massa. Cum sociis natoque penatibus et magnis dis parturient montes, nascetur ridiculus mus.<\\/p>\",\"15\":[\"133\"],\"12\":\"10\",\"14\":\"2\",\"38\":[\"53\"],\"35\":\"\",\"13\":\"Kent\"}}', '2017-08-07 17:10:56', '2017-08-07 17:10:56', '8032465c-8e16-4091-a414-14955e8c5c1b'),
 ('202', '117', '7', '1', 'en_us', '3', '', '{\"typeId\":\"7\",\"authorId\":\"1\",\"title\":\"Brent Pfeiffer  \",\"slug\":\"brent-pfeiffer\",\"postDate\":1499272980,\"expiryDate\":null,\"enabled\":1,\"parentId\":null,\"fields\":{\"1\":\"<p>#<\\/p>\",\"26\":\"ke_bpfeiffer@kentschools.net\",\"56\":[\"50\"],\"15\":\"\",\"9\":\"#\"}}', '2017-08-07 17:13:48', '2017-08-07 17:13:48', 'ce635a01-6b84-444e-b42e-1280a73c5044'),
 ('203', '118', '7', '1', 'en_us', '3', '', '{\"typeId\":\"7\",\"authorId\":\"1\",\"title\":\"Rhonda Butler-Carson\",\"slug\":\"rhonda-butler-carson-ke-rbulter-kentschools-net\",\"postDate\":1499272980,\"expiryDate\":null,\"enabled\":1,\"parentId\":null,\"fields\":{\"1\":\"<p>#<\\/p>\",\"26\":\"ke_rbulter@kentschools.net\",\"56\":[\"50\"],\"15\":\"\",\"9\":\"#\"}}', '2017-08-07 17:13:52', '2017-08-07 17:13:52', '4f46bf4a-606e-421f-89ea-43247de8eea1'),
 ('204', '116', '7', '1', 'en_us', '2', '', '{\"typeId\":\"7\",\"authorId\":\"1\",\"title\":\"Angela Textor \",\"slug\":\"angela-textor\",\"postDate\":1499272920,\"expiryDate\":null,\"enabled\":1,\"parentId\":null,\"fields\":{\"1\":\"<p>#<\\/p>\",\"26\":\"ke_atextor@kentschools.net\",\"56\":[\"50\"],\"15\":\"\",\"9\":\"#\"}}', '2017-08-07 17:13:57', '2017-08-07 17:13:57', 'd601b763-2194-40b0-a3ee-ffab4ab19819'),
 ('205', '114', '7', '1', 'en_us', '2', '', '{\"typeId\":\"7\",\"authorId\":\"1\",\"title\":\"John Lang \",\"slug\":\"john-lang\",\"postDate\":1499272860,\"expiryDate\":null,\"enabled\":1,\"parentId\":null,\"fields\":{\"1\":\"<p>#<\\/p>\",\"26\":\"ke_jlang@kentschools.net\",\"56\":[\"50\"],\"15\":\"\",\"9\":\"#\"}}', '2017-08-07 17:14:01', '2017-08-07 17:14:01', '4b14e923-7448-4e3a-8bd1-544ceb0261fa'),
 ('206', '113', '7', '1', 'en_us', '2', '', '{\"typeId\":\"7\",\"authorId\":\"1\",\"title\":\"Dan Syvanych \",\"slug\":\"dan-syvanych\",\"postDate\":1499272800,\"expiryDate\":null,\"enabled\":1,\"parentId\":null,\"fields\":{\"1\":\"<p>#<\\/p>\",\"26\":\"st_dsyvanych@smfcsd.org\",\"56\":[\"50\"],\"15\":\"\",\"9\":\"#\"}}', '2017-08-07 17:14:06', '2017-08-07 17:14:06', 'a88ddaea-9a0e-4e1b-b0b6-2811ddf1eade'),
 ('207', '112', '7', '1', 'en_us', '2', '', '{\"typeId\":\"7\",\"authorId\":\"1\",\"title\":\"John Seabolt \",\"slug\":\"john-seabolt\",\"postDate\":1499272740,\"expiryDate\":null,\"enabled\":1,\"parentId\":null,\"fields\":{\"1\":\"<p>#<\\/p>\",\"26\":\"ke_jseabolt@kentschools.net\",\"56\":[\"50\"],\"15\":\"\",\"9\":\"#\"}}', '2017-08-07 17:14:10', '2017-08-07 17:14:10', '61279a78-7476-4c13-a2f6-3e82ffca066e'),
 ('208', '110', '7', '1', 'en_us', '2', '', '{\"typeId\":\"7\",\"authorId\":\"1\",\"title\":\"Sarah Kaplan  \",\"slug\":\"sarah-kaplan\",\"postDate\":1499272680,\"expiryDate\":null,\"enabled\":1,\"parentId\":null,\"fields\":{\"1\":\"<p>#<\\/p>\",\"26\":\"ke_skaplan@kentschools.net\",\"56\":\"\",\"15\":\"\",\"9\":\"#\"}}', '2017-08-07 17:14:16', '2017-08-07 17:14:16', '8da5e796-a886-46f8-b8a9-b03efb680fe0'),
 ('209', '108', '7', '1', 'en_us', '2', '', '{\"typeId\":\"7\",\"authorId\":\"1\",\"title\":\"Kasey Adelman\",\"slug\":\"kasey-adelman\",\"postDate\":1499272620,\"expiryDate\":null,\"enabled\":1,\"parentId\":null,\"fields\":{\"1\":\"<p>#<\\/p>\",\"26\":\"ke_kadelman@kentschools.net\",\"56\":[\"50\"],\"15\":\"\",\"9\":\"#\"}}', '2017-08-07 17:14:20', '2017-08-07 17:14:20', 'dc3ad362-87d5-4c0f-aa21-c4bbfeeaa495'),
 ('210', '109', '7', '1', 'en_us', '3', '', '{\"typeId\":\"7\",\"authorId\":\"1\",\"title\":\"David Helmick\",\"slug\":\"david-helmick-st-helmick-smfcsd-org\",\"postDate\":1499272620,\"expiryDate\":null,\"enabled\":1,\"parentId\":null,\"fields\":{\"1\":\"<p>#<\\/p>\",\"26\":\"st_helmick@smfcsd.org\",\"56\":[\"50\"],\"15\":\"\",\"9\":\"#\"}}', '2017-08-07 17:14:25', '2017-08-07 17:14:25', '8a5dddf8-4cf1-4ea4-94f6-4bd1c8df5ebb'),
 ('211', '107', '7', '1', 'en_us', '2', '', '{\"typeId\":\"7\",\"authorId\":\"1\",\"title\":\"Laura Eyring\",\"slug\":\"laura-eyring\",\"postDate\":1499272560,\"expiryDate\":null,\"enabled\":1,\"parentId\":null,\"fields\":{\"1\":\"<p>#<\\/p>\",\"26\":\"ke_leyring@kentschools.net\",\"56\":[\"50\"],\"15\":\"\",\"9\":\"#\"}}', '2017-08-07 17:14:30', '2017-08-07 17:14:30', 'a7de2f86-7050-4659-bcab-49979b333a82'),
 ('212', '106', '7', '1', 'en_us', '2', '', '{\"typeId\":\"7\",\"authorId\":\"1\",\"title\":\"Ed Borsuk\",\"slug\":\"ed-borsuk\",\"postDate\":1499272560,\"expiryDate\":null,\"enabled\":1,\"parentId\":null,\"fields\":{\"1\":\"<p>#<\\/p>\",\"26\":\"st_borsuk@smfcsd.org\",\"56\":[\"50\"],\"15\":\"\",\"9\":\"#\"}}', '2017-08-07 17:14:36', '2017-08-07 17:14:36', 'c1a982b7-01f6-4211-8049-e4f31782d1fd'),
 ('213', '107', '7', '1', 'en_us', '3', '', '{\"typeId\":\"7\",\"authorId\":\"1\",\"title\":\"Laura Eyring\",\"slug\":\"laura-eyring\",\"postDate\":1499272560,\"expiryDate\":null,\"enabled\":1,\"parentId\":null,\"fields\":{\"1\":\"<p>#<\\/p>\",\"26\":\"ke_leyring@kentschools.net\",\"56\":[\"50\"],\"15\":\"\",\"9\":\"#\"}}', '2017-08-07 17:14:41', '2017-08-07 17:14:41', '5e7bdfb9-9852-4a88-8f16-50b22f248a31'),
 ('214', '105', '7', '1', 'en_us', '2', '', '{\"typeId\":\"7\",\"authorId\":\"1\",\"title\":\"Jeff LeSueur\",\"slug\":\"jeff-lesueur\",\"postDate\":1499272500,\"expiryDate\":null,\"enabled\":1,\"parentId\":null,\"fields\":{\"1\":\"<p>#<\\/p>\",\"26\":\"ke_jlesueur@kentschools.net\",\"56\":[\"50\"],\"15\":\"\",\"9\":\"#\"}}', '2017-08-07 17:14:46', '2017-08-07 17:14:46', 'b4183fdc-bec1-4f10-8fda-1c820c2348bb'),
 ('215', '103', '7', '1', 'en_us', '2', '', '{\"typeId\":\"7\",\"authorId\":\"1\",\"title\":\"Sandi Melucci\",\"slug\":\"sandi-melucci\",\"postDate\":1499272440,\"expiryDate\":null,\"enabled\":1,\"parentId\":null,\"fields\":{\"1\":\"<p>#<\\/p>\",\"26\":\"ke_smelucci@kentschools.net\",\"56\":[\"50\"],\"15\":\"\",\"9\":\"#\"}}', '2017-08-07 17:14:52', '2017-08-07 17:14:52', '197ff818-9a94-4853-b0ad-54ca56520b63'),
 ('216', '102', '7', '1', 'en_us', '3', '', '{\"typeId\":\"7\",\"authorId\":\"1\",\"title\":\"Don Titko\",\"slug\":\"don-titko\",\"postDate\":1499272440,\"expiryDate\":null,\"enabled\":1,\"parentId\":null,\"fields\":{\"1\":\"<p>#<\\/p>\",\"26\":\"ke_dtitko@kentschools.net\",\"56\":[\"50\"],\"15\":[\"136\"],\"9\":\"#\"}}', '2017-08-07 17:15:17', '2017-08-07 17:15:17', 'a00c89ca-6f8f-47a2-a5c1-42a506aca93a'),
 ('217', '103', '7', '1', 'en_us', '3', '', '{\"typeId\":\"7\",\"authorId\":\"1\",\"title\":\"Sandi Melucci\",\"slug\":\"sandi-melucci\",\"postDate\":1499272440,\"expiryDate\":null,\"enabled\":1,\"parentId\":null,\"fields\":{\"1\":\"<p>#<\\/p>\",\"26\":\"ke_smelucci@kentschools.net\",\"56\":[\"50\"],\"15\":\"\",\"9\":\"#\"}}', '2017-08-07 17:15:23', '2017-08-07 17:15:23', '607195c3-0375-4086-a8b5-a12ed901a164'),
 ('218', '104', '7', '1', 'en_us', '3', '', '{\"typeId\":\"7\",\"authorId\":\"1\",\"title\":\"Danielle Wardell\",\"slug\":\"danielle-wardell\",\"postDate\":1499272440,\"expiryDate\":null,\"enabled\":1,\"parentId\":null,\"fields\":{\"1\":\"<p>#<\\/p>\",\"26\":\"ke_dwardell@kentschools.net\",\"56\":[\"50\"],\"15\":\"\",\"9\":\"#\"}}', '2017-08-07 17:15:30', '2017-08-07 17:15:30', '09cd3970-4f17-4a07-9c57-5219aae968f1'),
 ('219', '101', '7', '1', 'en_us', '2', '', '{\"typeId\":\"7\",\"authorId\":\"1\",\"title\":\"Troy Spear\",\"slug\":\"troy-spear\",\"postDate\":1499272380,\"expiryDate\":null,\"enabled\":1,\"parentId\":null,\"fields\":{\"1\":\"<p>#<\\/p>\",\"26\":\"ke_tspear@kentschools.net\",\"56\":[\"50\"],\"15\":\"\",\"9\":\"#\"}}', '2017-08-07 17:15:36', '2017-08-07 17:15:36', '575ad347-30b0-4b96-9d27-2e911e10b2eb'),
 ('220', '100', '7', '1', 'en_us', '2', '', '{\"typeId\":\"7\",\"authorId\":\"1\",\"title\":\"Ben Dunlap\",\"slug\":\"ben-dunlap\",\"postDate\":1499272320,\"expiryDate\":null,\"enabled\":1,\"parentId\":null,\"fields\":{\"1\":\"<p>#<\\/p>\",\"26\":\"ke_bdunlap@kentschools.net\",\"56\":[\"50\"],\"15\":\"\",\"9\":\"#\"}}', '2017-08-07 17:15:44', '2017-08-07 17:15:44', 'd825c344-aaf3-41f1-a5c8-b0909e1c7f9b'),
 ('221', '99', '7', '1', 'en_us', '2', '', '{\"typeId\":\"7\",\"authorId\":\"1\",\"title\":\"Terry Slattery\",\"slug\":\"terry-slattery\",\"postDate\":1499272260,\"expiryDate\":null,\"enabled\":1,\"parentId\":null,\"fields\":{\"1\":\"<p>#<\\/p>\",\"26\":\"ke_tslattery@kentschools.net\",\"56\":[\"50\"],\"15\":\"\",\"9\":\"#\"}}', '2017-08-07 17:15:48', '2017-08-07 17:15:48', 'ddcc0a7e-460c-427f-ac5a-14fb1b0ba04d'),
 ('222', '91', '7', '1', 'en_us', '8', '', '{\"typeId\":\"7\",\"authorId\":\"1\",\"title\":\"Jeffrey Bee\",\"slug\":\"robert\",\"postDate\":1496850840,\"expiryDate\":null,\"enabled\":1,\"parentId\":null,\"fields\":{\"1\":\"<p>He is a Mechanical Engineer with a Bachelor of Science in Mechanical Engineering degree from The University of Akron. He earned a &nbsp;master\\u2019s degree in Career and Technical Education through Kent State University. He has worked as a mechanical designer, project engineer or product engineer on projects worth hundreds of thousands of dollars to multi-million dollar projects from New York City to Alaska and globally (Saudi Arabia and South Korea). He has had privilege to have taught and coached four Ohio Gold Medal Champions in Technical Drafting in the past six years. (2006-2012 &nbsp;all Portage County Students) Each student competed at the national level against the best in the country.<\\/p>\",\"26\":\"needed\",\"56\":[\"50\"],\"15\":\"\",\"9\":\"needed\"}}', '2017-08-07 17:15:56', '2017-08-07 17:15:56', 'd4764ce0-389b-4d74-a4c9-7983bdee7d74'),
 ('223', '96', '7', '1', 'en_us', '4', '', '{\"typeId\":\"7\",\"authorId\":\"1\",\"title\":\"Tom Franek\",\"slug\":\"mr-tom-franek\",\"postDate\":1498584780,\"expiryDate\":null,\"enabled\":1,\"parentId\":null,\"fields\":{\"1\":\"<p>As an instructor of &nbsp;Forestry and Landscape Management for 16 years at Kent Theodore Roosevelt High School, I\'ve enjoyed the mix of teaching new skills and knowledge along with providing the ability to apply these skills and knowledge on real job sites in the community. &nbsp;&nbsp;It provides for a very fulfilling career.<\\/p>\\r\\n<p>I believe that careers related to this field provide and promote an active, healthy and happy lifestyle and a very high quality of life. &nbsp;As part of the program, I advocate living healthy by emphasizing safe working habits, proper diet and sleep habits, and involvement in activities that promote fitness.<\\/p>\",\"26\":\"ke_tfranek@kentschools.net\",\"56\":[\"50\"],\"15\":[\"95\"],\"9\":\"needed\"}}', '2017-08-07 17:16:04', '2017-08-07 17:16:04', '394b66d3-0b00-4656-8fe7-77c3893175d9'),
 ('224', '2', '1', '1', 'en_us', '16', '', '{\"typeId\":null,\"authorId\":null,\"title\":\"Home\",\"slug\":\"homepage\",\"postDate\":1492529583,\"expiryDate\":null,\"enabled\":1,\"parentId\":null,\"fields\":{\"37\":[\"9\"],\"22\":\"\",\"23\":\"Lorem ipsum dolor sit amet, consectetuer adipiscing elit. Aenean commodo ligula eget dolor. Aenean massa. Cum sociis natoque penatibus et magnis dis parturient montes, nascetur ridiculus mus.\",\"24\":\"Admissions\",\"1\":\"<p>If you are a high school student planning your future, then Kent Roosevelt Career Technical programs is the place for you! &nbsp;Learn in our high-tech facility from instructors with real-world experience. The Kent Roosevelt High School Career Technical programs are open to students within the Six District Educational Compact. &nbsp;For an application, to schedule an individual tour, or request more information \\u2013call (330) 676-8740 or see your school counselor.<\\/p>\",\"15\":[\"146\"],\"31\":\"1\",\"32\":\"News\",\"33\":\"Explore Pathways\",\"34\":[\"4\"],\"35\":\"\",\"36\":\"Welcome to Kent Rosevelt\"}}', '2017-08-09 20:40:55', '2017-08-09 20:40:55', 'f3a634e8-ae3b-442d-abb3-3a0e8512fd12'),
 ('225', '2', '1', '1', 'en_us', '17', '', '{\"typeId\":null,\"authorId\":null,\"title\":\"Home\",\"slug\":\"homepage\",\"postDate\":1492529583,\"expiryDate\":null,\"enabled\":1,\"parentId\":null,\"fields\":{\"37\":[\"9\"],\"22\":\"\",\"23\":\"This is information about when we\'re accepting applications and why you should apply today.\",\"24\":\"Admissions\",\"1\":\"<p>If you are a high school student planning your future, then Kent Roosevelt Career Technical programs is the place for you! &nbsp;Learn in our high-tech facility from instructors with real-world experience. The Kent Roosevelt High School Career Technical programs are open to students within the Six District Educational Compact.&nbsp;<\\/p>\",\"15\":[\"146\"],\"31\":\"1\",\"32\":\"News\",\"33\":\"Explore Pathways\",\"34\":[\"4\"],\"35\":\"\",\"64\":\"Career Technical Education\",\"36\":\"Welcome to Kent Roosevelt\"}}', '2017-08-10 03:01:51', '2017-08-10 03:01:51', 'dc424357-645d-4e80-ae3c-ac24bc4e0e68'),
 ('226', '2', '1', '1', 'en_us', '18', '', '{\"typeId\":null,\"authorId\":null,\"title\":\"Home\",\"slug\":\"homepage\",\"postDate\":1492529583,\"expiryDate\":null,\"enabled\":1,\"parentId\":null,\"fields\":{\"37\":[\"9\"],\"22\":\"\",\"23\":\"This is information about when we\'re accepting applications and why you should apply today.\",\"24\":\"Admissions\",\"1\":\"<p>If you are a high school student planning your future, then Kent Roosevelt Career Technical programs is the place for you! &nbsp;Learn in our high-tech facility from instructors with real-world experience. The Kent Roosevelt High School Career Technical programs are open to students within the Six District Educational Compact.&nbsp;<\\/p>\",\"15\":[\"147\"],\"31\":\"1\",\"32\":\"News\",\"33\":\"Explore Pathways\",\"34\":[\"4\"],\"35\":\"\",\"64\":\"Career Technical Education\",\"36\":\"Welcome to Kent Roosevelt\"}}', '2017-08-10 03:07:42', '2017-08-10 03:07:42', '8e95f9d5-c358-461e-a31d-a665df374e43'),
 ('227', '2', '1', '1', 'en_us', '19', '', '{\"typeId\":null,\"authorId\":null,\"title\":\"Home\",\"slug\":\"homepage\",\"postDate\":1492529583,\"expiryDate\":null,\"enabled\":1,\"parentId\":null,\"fields\":{\"37\":[\"9\"],\"22\":\"\",\"23\":\"This is information about when we\'re accepting applications and why you should apply today.\",\"24\":\"Admissions\",\"1\":\"<p>If you are a high school student planning your future, then Kent Roosevelt Career Technical programs is the place for you! &nbsp;Learn in our high-tech facility from instructors with real-world experience. The Kent Roosevelt High School Career Technical programs are open to students within the Six District Educational Compact.&nbsp;<\\/p>\",\"15\":[\"151\"],\"31\":\"1\",\"32\":\"News\",\"33\":\"Explore Pathways\",\"34\":[\"4\"],\"35\":\"\",\"64\":\"Career Technical Education\",\"36\":\"Welcome to Kent Roosevelt\"}}', '2017-08-10 13:20:23', '2017-08-10 13:20:23', '43efa95b-514c-493c-bc0f-bb3476f50fc6'),
 ('228', '152', '5', '1', 'en_us', '1', '', '{\"typeId\":null,\"authorId\":\"1\",\"title\":\"Story About Marketing Management\",\"slug\":\"story-about-marketing-management\",\"postDate\":1502371611,\"expiryDate\":null,\"enabled\":1,\"parentId\":null,\"fields\":{\"1\":\"<p>This is the body.<\\/p>\",\"15\":[\"128\"],\"21\":[\"63\"]}}', '2017-08-10 13:26:51', '2017-08-10 13:26:51', 'ce6b4a08-5170-4519-bc61-677b5a8adc5e'),
 ('229', '2', '1', '1', 'en_us', '20', '', '{\"typeId\":null,\"authorId\":null,\"title\":\"Home\",\"slug\":\"homepage\",\"postDate\":1492529583,\"expiryDate\":null,\"enabled\":1,\"parentId\":null,\"fields\":{\"37\":[\"9\"],\"22\":\"\",\"23\":\"This is information about when we\'re accepting applications and why you should apply today.\",\"24\":\"How To Apply\",\"1\":\"<p>If you are a high school student planning your future, then Kent Roosevelt Career Technical programs is the place for you! &nbsp;Learn in our high-tech facility from instructors with real-world experience. The Kent Roosevelt High School Career Technical programs are open to students within the Six District Educational Compact.&nbsp;<\\/p>\",\"15\":[\"151\"],\"31\":\"1\",\"32\":\"News\",\"33\":\"Explore Pathways\",\"34\":[\"4\"],\"35\":\"\",\"64\":\"Career Technical Education\",\"36\":\"Welcome to Kent Roosevelt\"}}', '2017-08-10 15:22:50', '2017-08-10 15:22:50', 'b02a9cf3-9f64-422e-8094-f260efcae2e3'),
 ('230', '5', '11', '1', 'en_us', '2', '', '{\"typeId\":\"11\",\"authorId\":null,\"title\":\"Faculty\\/Staff\",\"slug\":\"faculty-staff-landing-page\",\"postDate\":1492697284,\"expiryDate\":null,\"enabled\":1,\"parentId\":null,\"fields\":{\"1\":\"\",\"28\":\"\"}}', '2017-08-10 15:34:52', '2017-08-10 15:34:52', '21a1dc75-997b-4217-8f5e-89adec0ad586'),
 ('231', '5', '11', '1', 'en_us', '3', '', '{\"typeId\":\"11\",\"authorId\":null,\"title\":\"Faculty & Staff\",\"slug\":\"faculty-staff-landing-page\",\"postDate\":1492697284,\"expiryDate\":null,\"enabled\":1,\"parentId\":null,\"fields\":{\"1\":\"\",\"28\":\"\"}}', '2017-08-10 15:34:57', '2017-08-10 15:34:57', '7988cbf7-98af-4699-a83a-93d21fd7b4cf'),
 ('233', '152', '5', '1', 'en_us', '2', '', '{\"typeId\":\"5\",\"authorId\":\"1\",\"title\":\"Story About Marketing Management\",\"slug\":\"story-about-marketing-management\",\"postDate\":1502371560,\"expiryDate\":null,\"enabled\":1,\"parentId\":null,\"fields\":{\"1\":\"<p>This is the body.<\\/p>\",\"15\":[\"128\"],\"21\":[\"63\"]}}', '2017-08-17 17:29:19', '2017-08-17 17:29:19', '20c38ba5-69fb-4972-a718-de9a0b8dc1a9'),
 ('234', '2', '1', '1', 'en_us', '21', '', '{\"typeId\":null,\"authorId\":null,\"title\":\"Home\",\"slug\":\"homepage\",\"postDate\":1492529583,\"expiryDate\":null,\"enabled\":1,\"parentId\":null,\"fields\":{\"37\":[\"9\"],\"22\":\"\",\"23\":\"This is information about when we\'re accepting applications and why you should apply today.\",\"24\":\"How To Apply\",\"1\":\"<p>If you are a high school student planning your future, then Kent Roosevelt Career Technical programs is the place for you! &nbsp;Learn in our high-tech facility from instructors with real-world experience. The Kent Roosevelt High School Career Technical programs are open to students within the Six District Educational Compact.&nbsp;<\\/p>\",\"15\":[\"151\",\"147\"],\"31\":\"1\",\"32\":\"News\",\"33\":\"Explore Pathways\",\"34\":[\"4\"],\"35\":\"\",\"64\":\"Career Technical Education\",\"36\":\"Welcome to Kent Roosevelt\"}}', '2017-08-28 15:10:26', '2017-08-28 15:10:26', '87c000db-98f0-4e91-87ac-f28f2ddb4115'),
 ('235', '62', '3', '1', 'en_us', '3', '', '{\"typeId\":\"3\",\"authorId\":\"1\",\"title\":\"Business and Sports Management\",\"slug\":\"business-and-sports-management\",\"postDate\":1494433140,\"expiryDate\":null,\"enabled\":1,\"parentId\":null,\"fields\":{\"16\":\"1\",\"57\":\"\",\"1\":\"<p>Lorem ipsum dolor sit amet, consectetuer adipiscing elit. Aenean commodo ligula eget dolor. Aenean massa. Cum sociis natoque penatibus et magnis dis parturient montes, nascetur ridiculus mus.<\\/p>\",\"11\":\"<p>Lorem ipsum dolor sit amet, consectetuer adipiscing elit. Aenean commodo ligula eget dolor. Aenean massa. Cum sociis natoque penatibus et magnis dis parturient montes, nascetur ridiculus mus.<\\/p>\",\"15\":[\"151\"],\"12\":\"10\",\"14\":\"2\",\"38\":[\"54\"],\"35\":\"\",\"13\":\"Kent\"}}', '2017-08-28 19:41:00', '2017-08-28 19:41:00', '4833df08-69fc-4adb-aca8-9d1d47675200'),
 ('236', '158', '8', '1', 'en_us', '1', '', '{\"typeId\":null,\"authorId\":\"1\",\"title\":\"Event Two \",\"slug\":\"event-two\",\"postDate\":1504106212,\"expiryDate\":null,\"enabled\":1,\"parentId\":null,\"fields\":{\"25\":{\"date\":\"11\\/14\\/2017\"},\"27\":\"<p>Brief event description&nbsp;<\\/p>\",\"72\":\"Somewhere\",\"65\":\"Here is the second event\",\"21\":\"\",\"73\":\"\"}}', '2017-08-30 15:16:52', '2017-08-30 15:16:52', '9bb417a6-3fbc-42ae-8d99-a01ad512d3ae'),
 ('237', '159', '8', '1', 'en_us', '1', '', '{\"typeId\":null,\"authorId\":\"1\",\"title\":\"Event Three\",\"slug\":\"event-three\",\"postDate\":1504106242,\"expiryDate\":null,\"enabled\":1,\"parentId\":null,\"fields\":{\"25\":{\"date\":\"10\\/24\\/2017\"},\"27\":\"<p>Event Description<\\/p>\",\"72\":\"Somewhere\",\"65\":\"Preview Text \",\"21\":\"\",\"73\":\"\"}}', '2017-08-30 15:17:22', '2017-08-30 15:17:22', 'b8babe1f-9f6e-4fbe-900e-88a30fb3d19e'),
 ('238', '160', '8', '1', 'en_us', '1', '', '{\"typeId\":null,\"authorId\":\"1\",\"title\":\"Fourth Event\",\"slug\":\"fourth-event\",\"postDate\":1504106286,\"expiryDate\":null,\"enabled\":1,\"parentId\":null,\"fields\":{\"25\":{\"date\":\"10\\/17\\/2017\"},\"27\":\"<p>Event Description<\\/p>\",\"72\":\"Somewhere\",\"65\":\"Preview Text\",\"21\":\"\",\"73\":\"\"}}', '2017-08-30 15:18:06', '2017-08-30 15:18:06', 'ed184506-5d8c-48f1-92aa-4370e2f8e525'),
 ('239', '117', '7', '1', 'en_us', '4', '', '{\"typeId\":\"7\",\"authorId\":\"1\",\"title\":\"Brent Pfeiffer  \",\"slug\":\"brent-pfeiffer\",\"postDate\":1499272980,\"expiryDate\":null,\"enabled\":1,\"parentId\":null,\"fields\":{\"1\":\"<p>#<\\/p>\",\"26\":\"ke_bpfeiffer@kentschools.net\",\"56\":[\"50\"],\"15\":\"\",\"9\":\"#\",\"66\":\"\"}}', '2017-08-30 16:17:49', '2017-08-30 16:17:49', '5bbe24fd-e4b0-4570-afd1-0f35cfacd949'),
 ('240', '35', '14', '1', 'en_us', '2', '', '{\"typeId\":\"14\",\"authorId\":null,\"title\":\"Forms\",\"slug\":\"form\",\"postDate\":1504542711,\"expiryDate\":null,\"enabled\":1,\"parentId\":null,\"fields\":{\"67\":{\"new1\":{\"type\":\"forms\",\"enabled\":\"1\",\"fields\":{\"formsTitle\":\"kjbblkbkjbzkjcb\",\"previewText\":\"knjsfdknskdfn\",\"formsLink\":\"kndjkfnsdkfnsdk\"}},\"new2\":{\"type\":\"forms\",\"enabled\":\"1\",\"fields\":{\"formsTitle\":\"kdsnflnlsnkl\",\"previewText\":\"flsdkflsndfl\",\"formsLink\":\"fksdfslkmflsdk\"}},\"new3\":{\"type\":\"forms\",\"enabled\":\"1\",\"fields\":{\"formsTitle\":\"fdksjnfksnfksdnk\",\"previewText\":\"fndsfksdnfks\",\"formsLink\":\"sfndfkjdsnkfnsdkfksd\"}}}}}', '2017-09-04 16:49:37', '2017-09-04 16:49:37', 'e1f3e7f7-5b9c-40ec-b957-a136463dec2c'),
 ('241', '158', '8', '1', 'en_us', '2', '', '{\"typeId\":\"8\",\"authorId\":\"1\",\"title\":\"Event Two \",\"slug\":\"event-two\",\"postDate\":1504106160,\"expiryDate\":null,\"enabled\":1,\"parentId\":null,\"fields\":{\"25\":{\"date\":\"11\\/14\\/2017\"},\"27\":\"<p>Brief event description&nbsp;<\\/p>\",\"72\":\"Somewhere\",\"65\":\"Here is the second event\",\"21\":\"\",\"73\":\"\"}}', '2017-09-04 18:08:25', '2017-09-04 18:08:25', '2e5e3b89-7b15-4a2a-834e-ba96c7b74a9e'),
 ('242', '160', '8', '1', 'en_us', '2', '', '{\"typeId\":\"8\",\"authorId\":\"1\",\"title\":\"Fourth Event\",\"slug\":\"fourth-event\",\"postDate\":1504106280,\"expiryDate\":null,\"enabled\":1,\"parentId\":null,\"fields\":{\"25\":{\"date\":\"10\\/20\\/2017\"},\"27\":\"<p>Event Description<\\/p>\",\"72\":\"Somewhere\",\"65\":\"Preview Text\",\"21\":\"\",\"73\":\"\"}}', '2017-09-04 18:08:34', '2017-09-04 18:08:34', 'd1f3ab96-79b3-4127-a041-61b084a2d0e6'),
 ('243', '37', '2', '1', 'en_us', '2', '', '{\"typeId\":\"2\",\"authorId\":\"1\",\"title\":\"More News\",\"slug\":\"more-news\",\"postDate\":1493733000,\"expiryDate\":null,\"enabled\":1,\"parentId\":null,\"fields\":{\"1\":\"<p>Here is another news entry&nbsp;<\\/p>\",\"25\":{\"date\":\"9\\/19\\/2017\"},\"39\":\"\",\"65\":\"\",\"2\":\"\"}}', '2017-09-04 18:14:24', '2017-09-04 18:14:24', '655b7da0-6bf8-474a-9fa5-c1651cc79b4f'),
 ('244', '3', '2', '1', 'en_us', '2', '', '{\"typeId\":\"2\",\"authorId\":\"1\",\"title\":\"We just installed Craft!\",\"slug\":\"we-just-installed-craft\",\"postDate\":1492529580,\"expiryDate\":null,\"enabled\":1,\"parentId\":null,\"fields\":{\"1\":\"<p>Craft is the CMS that\\u2019s powering Careertech.web. It\\u2019s beautiful, powerful, flexible, and easy-to-use, and it\\u2019s made by Pixel & Tonic. We can\\u2019t wait to dive in and see what it\\u2019s capable of!<\\/p>\\r\\n<hr class=\\\"redactor_pagebreak\\\" style=\\\"display:none\\\" unselectable=\\\"on\\\" contenteditable=\\\"false\\\">\\r\\n<p>This is even more captivating content, which you couldn\\u2019t see on the News index page because it was entered after a Page Break, and the News index template only likes to show the content on the first page.<\\/p>\\r\\n<p>Craft: a nice alternative to Word, if you\\u2019re making a website.<\\/p>\",\"25\":{\"date\":\"9\\/19\\/2017\"},\"39\":\"\",\"65\":\"\",\"2\":\"\"}}', '2017-09-04 18:14:31', '2017-09-04 18:14:31', '9d4f3fa7-47ed-43f2-8cca-ea8c5c8a0c01'),
 ('245', '37', '2', '1', 'en_us', '3', '', '{\"typeId\":\"2\",\"authorId\":\"1\",\"title\":\"More News\",\"slug\":\"more-news\",\"postDate\":1493733000,\"expiryDate\":null,\"enabled\":1,\"parentId\":null,\"fields\":{\"1\":\"<p>Here is another news entry&nbsp;<\\/p>\",\"25\":{\"date\":\"9\\/19\\/2017\"},\"39\":\"\",\"65\":\"\",\"2\":\"\"}}', '2017-09-04 18:16:11', '2017-09-04 18:16:11', '6466741e-a5fd-4fbc-8e9b-c652e8d01367'),
 ('246', '3', '2', '1', 'en_us', '3', '', '{\"typeId\":\"2\",\"authorId\":\"1\",\"title\":\"We just installed Craft!\",\"slug\":\"we-just-installed-craft\",\"postDate\":1492529580,\"expiryDate\":null,\"enabled\":1,\"parentId\":null,\"fields\":{\"1\":\"<p>Craft is the CMS that\\u2019s powering Careertech.web. It\\u2019s beautiful, powerful, flexible, and easy-to-use, and it\\u2019s made by Pixel & Tonic. We can\\u2019t wait to dive in and see what it\\u2019s capable of!<\\/p>\\r\\n<hr class=\\\"redactor_pagebreak\\\" style=\\\"display:none\\\" unselectable=\\\"on\\\" contenteditable=\\\"false\\\">\\r\\n<p>This is even more captivating content, which you couldn\\u2019t see on the News index page because it was entered after a Page Break, and the News index template only likes to show the content on the first page.<\\/p>\\r\\n<p>Craft: a nice alternative to Word, if you\\u2019re making a website.<\\/p>\",\"25\":{\"date\":\"9\\/14\\/2017\"},\"39\":\"\",\"65\":\"\",\"2\":\"\"}}', '2017-09-04 18:16:17', '2017-09-04 18:16:17', '5b16583b-ea05-4ded-a3e9-1ac896a2abda'),
 ('247', '2', '1', '1', 'en_us', '22', '', '{\"typeId\":null,\"authorId\":null,\"title\":\"Home\",\"slug\":\"homepage\",\"postDate\":1492529583,\"expiryDate\":null,\"enabled\":1,\"parentId\":null,\"fields\":{\"37\":[\"9\"],\"22\":\"\",\"23\":\"This is information about when we\'re accepting applications and why you should apply today.\",\"24\":\"How To Apply\",\"1\":\"<p>If you are a high school student planning your future, then Kent Roosevelt Career Technical programs is the place for you! &nbsp;Learn in our high-tech facility from instructors with real-world experience. The Kent Roosevelt High School Career Technical programs are open to students within the Six District Educational Compact.&nbsp;<\\/p>\",\"15\":[\"128\",\"95\",\"94\"],\"31\":\"1\",\"32\":\"News\",\"33\":\"Explore Pathways\",\"34\":[\"4\"],\"35\":\"\",\"64\":\"Career Technical Education\",\"36\":\"Welcome to Kent Roosevelt\"}}', '2017-09-04 18:40:24', '2017-09-04 18:40:24', '9f4c244e-de72-4958-bd74-aa87cdae1388'),
 ('248', '160', '8', '1', 'en_us', '3', '', '{\"typeId\":\"8\",\"authorId\":\"1\",\"title\":\"Fourth Event\",\"slug\":\"fourth-event\",\"postDate\":1504106280,\"expiryDate\":null,\"enabled\":1,\"parentId\":null,\"fields\":{\"25\":{\"date\":\"10\\/20\\/2017\"},\"27\":\"<p>Event Description<\\/p>\",\"72\":\"Somewhere\",\"65\":\"Preview Text\",\"21\":\"\",\"73\":{\"time\":\"2:00 AM\"}}}', '2017-09-04 19:02:59', '2017-09-04 19:02:59', 'b806c08e-9e1c-4256-8c3b-2ed03331419d'),
 ('249', '160', '8', '1', 'en_us', '4', '', '{\"typeId\":\"8\",\"authorId\":\"1\",\"title\":\"Fourth Event\",\"slug\":\"fourth-event\",\"postDate\":1504106280,\"expiryDate\":null,\"enabled\":1,\"parentId\":null,\"fields\":{\"25\":{\"date\":\"10\\/20\\/2017\"},\"74\":{\"time\":\"4:00 AM\"},\"27\":\"<p>Event Description<\\/p>\",\"72\":\"Somewhere\",\"65\":\"Preview Text\",\"21\":\"\",\"73\":{\"time\":\"2:00 AM\"}}}', '2017-09-04 19:06:07', '2017-09-04 19:06:07', '9feae5c6-93a3-46c4-bb43-abbc643025de');
INSERT INTO `craft_entryversions` (`id`, `entryId`, `sectionId`, `creatorId`, `locale`, `num`, `notes`, `data`, `dateCreated`, `dateUpdated`, `uid`) VALUES
 ('250', '52', '8', '1', 'en_us', '2', '', '{\"typeId\":\"8\",\"authorId\":\"1\",\"title\":\"First Event\",\"slug\":\"first-event\",\"postDate\":1494430080,\"expiryDate\":null,\"enabled\":1,\"parentId\":null,\"fields\":{\"25\":{\"date\":\"5\\/17\\/2017\"},\"74\":{\"time\":\"1:30 AM\"},\"27\":\"<p>Lorem ipsum dolor sit amet, consectetuer adipiscing elit. Aenean commodo ligula eget dolor. Aenean massa. Cum sociis natoque penatibus et magnis dis parturient montes, nascetur ridiculus mus.<\\/p>\",\"72\":\"\",\"65\":\"\",\"21\":\"\",\"73\":{\"time\":\"12:30 AM\"}}}', '2017-09-04 19:09:34', '2017-09-04 19:09:34', '217669f5-cc35-4425-9074-03aa21ea52b3'),
 ('251', '158', '8', '1', 'en_us', '3', '', '{\"typeId\":\"8\",\"authorId\":\"1\",\"title\":\"Event Two \",\"slug\":\"event-two\",\"postDate\":1504106160,\"expiryDate\":null,\"enabled\":1,\"parentId\":null,\"fields\":{\"25\":{\"date\":\"11\\/14\\/2017\"},\"74\":{\"time\":\"11:00 PM\"},\"27\":\"<p>Brief event description&nbsp;<\\/p>\",\"72\":\"Somewhere\",\"65\":\"Here is the second event\",\"21\":\"\",\"73\":{\"time\":\"7:00 PM\"}}}', '2017-09-04 19:09:44', '2017-09-04 19:09:44', 'e4f00a7c-9690-4e88-ad9c-ddf749149512'),
 ('252', '159', '8', '1', 'en_us', '2', '', '{\"typeId\":\"8\",\"authorId\":\"1\",\"title\":\"Event Three\",\"slug\":\"event-three\",\"postDate\":1504106220,\"expiryDate\":null,\"enabled\":1,\"parentId\":null,\"fields\":{\"25\":{\"date\":\"10\\/24\\/2017\"},\"74\":{\"time\":\"11:00 PM\"},\"27\":\"<p>Event Description<\\/p>\",\"72\":\"Somewhere\",\"65\":\"Preview Text \",\"21\":\"\",\"73\":{\"time\":\"7:00 PM\"}}}', '2017-09-04 19:09:52', '2017-09-04 19:09:52', '7b2791f2-d404-42fa-8d69-c09f6bafe9b4'),
 ('253', '160', '8', '1', 'en_us', '5', '', '{\"typeId\":\"8\",\"authorId\":\"1\",\"title\":\"Fourth Event\",\"slug\":\"fourth-event\",\"postDate\":1504106280,\"expiryDate\":null,\"enabled\":1,\"parentId\":null,\"fields\":{\"25\":{\"date\":\"10\\/20\\/2017\"},\"74\":{\"time\":\"4:00 AM\"},\"27\":\"<p>Event Description<\\/p>\",\"72\":\"Somewhere\",\"65\":\"Preview Text\",\"21\":\"\",\"73\":{\"time\":\"2:00 AM\"}}}', '2017-09-04 19:10:00', '2017-09-04 19:10:00', '4c0ffab4-1df2-41db-8297-c5e44108c670'),
 ('254', '2', '1', '1', 'en_us', '23', '', '{\"typeId\":null,\"authorId\":null,\"title\":\"Home\",\"slug\":\"homepage\",\"postDate\":1492529583,\"expiryDate\":null,\"enabled\":1,\"parentId\":null,\"fields\":{\"37\":[\"9\"],\"22\":\"\",\"23\":\"This is information about when we\'re accepting applications and why you should apply today.\",\"24\":\"How To Apply\",\"1\":\"<p>If you are a high school student planning your future, then Kent Roosevelt Career Technical programs is the place for you! &nbsp;Learn in our high-tech facility from instructors with real-world experience. The Kent Roosevelt High School Career Technical programs are open to students within the Six District Educational Compact.&nbsp;<\\/p>\",\"15\":[\"128\",\"95\",\"94\"],\"31\":\"1\",\"32\":\"News\",\"33\":\"Explore Pathways\",\"34\":[\"4\"],\"35\":\"\",\"64\":\"Career Technical Education\",\"36\":\"Welcome to Kent Roosevelt\"}}', '2017-09-04 21:24:42', '2017-09-04 21:24:42', 'b1055c6a-cbc7-4f78-a063-faba1530dcdd'),
 ('255', '35', '14', '1', 'en_us', '3', '', '{\"typeId\":\"14\",\"authorId\":null,\"title\":\"Forms\",\"slug\":\"form\",\"postDate\":1504542711,\"expiryDate\":null,\"enabled\":1,\"parentId\":null,\"fields\":{\"67\":{\"161\":{\"type\":\"forms\",\"enabled\":\"1\",\"fields\":{\"formsTitle\":\"kjbblkbkjbzkjcb\",\"previewText\":\"knjsfdknskdfn\",\"formsLink\":[\"36\"]}},\"162\":{\"type\":\"forms\",\"enabled\":\"1\",\"fields\":{\"formsTitle\":\"kdsnflnlsnkl\",\"previewText\":\"flsdkflsndfl\",\"formsLink\":\"\"}},\"163\":{\"type\":\"forms\",\"enabled\":\"1\",\"fields\":{\"formsTitle\":\"fdksjnfksnfksdnk\",\"previewText\":\"fndsfksdnfks\",\"formsLink\":\"\"}}}}}', '2017-09-06 23:01:34', '2017-09-06 23:01:34', 'ac9caa39-8906-4ae7-a753-04bc1ec2f877'),
 ('256', '93', '6', '1', 'en_us', '2', '', '{\"typeId\":\"6\",\"authorId\":\"1\",\"title\":\"lorem ipsum\",\"slug\":\"lorem-ipsum\",\"postDate\":1498582260,\"expiryDate\":null,\"enabled\":1,\"parentId\":null,\"fields\":{\"1\":\"<p>Lorem ipsum dolor sit amet, facilisi nostra id fermentum, malesuada inceptos amet ut dui commodo elit. Et vel sed aliquam, est malesuada quis viverra vestibulum vel, volutpat nec aliquam vulputate nisl. Dui donec. Porta arcu nisl nulla praesent. Mauris odio pellentesque suspendisse mollis, dui nobis dictum auctor a sapien, torquent massa non id, cras cras donec pede, sollicitudin pulvinar mi. Eu lacus enim eleifend, eu sed consectetuer. Dignissim dolor at id maecenas velit mauris. Eget ultricies aliquam, ligula non per massa, dis urna tempus sagittis diam, mi ut sed pulvinar placerat felis. Ipsum sodales vulputate, magna vitae rhoncus lacinia justo ac sollicitudin, donec a aliquet ac.<\\/p>\\r\\n<p>Lectus sit sem, magna vestibulum suscipit wisi cursus euismod vel, a venenatis odio curabitur in. Dapibus inceptos sit vestibulum quis id volutpat, donec aliquam blandit neque justo aliquam, iaculis eget ut praesent justo, nunc quam arcu dolor ullamcorper, congue massa. Suspendisse nec porttitor etiam. Integer cubilia quam sed suspendisse ut, adipiscing in congue, tristique ac dictumst quis vel in, mollis vel. Semper sodales nulla, enim amet hac felis sagittis arcu mollis, magna aliquet litora enim, aliquam in amet at aspernatur. Wisi ut eget eos, nam ac id. Pede in vestibulum urna eros ante morbi, dis sem, tristique tempor dictumst. Est luctus vel mollis cursus ipsum ipsum, pellentesque libero sodales duis metus dui ac, consectetuer diam volutpat risus sem, suspendisse magna morbi voluptas quis aenean, eros imperdiet non viverra nulla ad. Sem suscipit praesent phasellus vestibulum hac metus, ultrices eu aliquam elit sollicitudin, volutpat lacus nibh erat ante duis, nullam ac pellentesque in lorem, at suspendisse duis.<br><\\/p>\",\"15\":[\"90\"],\"65\":\"\",\"21\":[\"60\",\"71\"]}}', '2017-09-08 15:41:32', '2017-09-08 15:41:32', '95514cda-8e3c-40cf-933b-e65e32d9b54f'),
 ('257', '152', '5', '1', 'en_us', '3', '', '{\"typeId\":\"5\",\"authorId\":\"1\",\"title\":\"Story About Marketing Management\",\"slug\":\"story-about-marketing-management\",\"postDate\":1502371560,\"expiryDate\":null,\"enabled\":1,\"parentId\":null,\"fields\":{\"1\":\"<p>This is the body.<\\/p>\",\"15\":[\"128\"],\"65\":\"\",\"21\":[\"63\",\"71\"]}}', '2017-09-08 15:59:58', '2017-09-08 15:59:58', '6f08097e-8894-4949-8851-7034f8e55322'),
 ('258', '152', '5', '1', 'en_us', '4', '', '{\"typeId\":\"5\",\"authorId\":\"1\",\"title\":\"Story About Marketing Management\",\"slug\":\"story-about-marketing-management\",\"postDate\":1502371560,\"expiryDate\":null,\"enabled\":1,\"parentId\":null,\"fields\":{\"1\":\"<p>This is the body.<\\/p>\",\"15\":[\"128\"],\"65\":\"\",\"21\":[\"63\"]}}', '2017-09-08 16:00:23', '2017-09-08 16:00:23', 'e02ddd7a-5f55-43a9-b39f-1265b47a1834'),
 ('259', '37', '2', '1', 'en_us', '4', '', '{\"typeId\":\"2\",\"authorId\":\"1\",\"title\":\"More News\",\"slug\":\"more-news\",\"postDate\":1493733000,\"expiryDate\":null,\"enabled\":1,\"parentId\":null,\"fields\":{\"1\":\"<p>Here is another news entry&nbsp;<\\/p>\",\"25\":{\"date\":\"9\\/19\\/2017\"},\"39\":\"\",\"65\":\"dsadsadas\",\"2\":\"\"}}', '2017-09-08 16:16:52', '2017-09-08 16:16:52', 'f9f135e9-0c4e-4561-82f9-6dd899094b06'),
 ('260', '9', '13', '1', 'en_us', '17', '', '{\"typeId\":\"13\",\"authorId\":null,\"title\":\"How to Apply\",\"slug\":\"admissions\",\"postDate\":1504888950,\"expiryDate\":null,\"enabled\":1,\"parentId\":null,\"fields\":{\"16\":\"1\",\"55\":\"<p>Lorem ipsum dolor sit amet, consectetuer adipiscing elit. Aenean commodo ligula eget dolor. Aenean massa. Cum sociis natoque penatibus et magnis dis parturient montes, nascetur ridiculus mus.<\\/p>\",\"51\":{\"43\":{\"type\":\"criteria\",\"enabled\":\"1\",\"fields\":{\"courseTitle\":\"Specific 1\",\"description\":\"<p>Lorem ipsum dolor sit amet, consectetuer adipiscing elit. Aenean commodo ligula eget dolor. Aenean massa. Cum sociis natoque penatibus et magnis dis parturient montes, nascetur ridiculus mus.\\t<\\/p>\",\"matrixLightswitch\":\"1\"}},\"44\":{\"type\":\"criteria\",\"enabled\":\"1\",\"fields\":{\"courseTitle\":\"Specific 2\",\"description\":\"<p>Lorem ipsum dolor sit amet, consectetuer adipiscing elit. Aenean commodo ligula eget dolor. Aenean massa. Cum sociis natoque penatibus et magnis dis parturient montes, nascetur ridiculus mus.<\\/p>\",\"matrixLightswitch\":\"1\"}}},\"50\":[{\"col1\":\"Program \",\"col2\":\"Fall 2017\",\"col3\":\"Spring 2017\"},{\"col1\":\"General\",\"col2\":\"May 1, 2017\",\"col3\":\"Dec 1, 2017\"},{\"col1\":\"Specific 1\",\"col2\":\"May 1, 2017\",\"col3\":\"Dec 1, 2017\"},{\"col1\":\"Specific 2\",\"col2\":\"May 1, 2017\",\"col3\":\"Dec 1, 2017\"}],\"15\":[\"38\"],\"47\":\"<p>Lorem ipsum dolor sit amet, consectetuer adipiscing elit. Aenean commodo ligula eget dolor. Aenean massa. Cum sociis natoque penatibus et magnis dis parturient montes, nascetur ridiculus mus.<\\/p>\"}}', '2017-09-08 16:43:44', '2017-09-08 16:43:44', '9a3d875a-4836-4c76-b49c-0ab2f2e11d47'),
 ('261', '4', '10', '1', 'en_us', '6', '', '{\"typeId\":\"10\",\"authorId\":null,\"title\":\"Explore Programs\",\"slug\":\"programs-landing-page\",\"postDate\":1492697341,\"expiryDate\":null,\"enabled\":1,\"parentId\":null,\"fields\":{\"1\":\"<p>Lorem ipsum dolor sit amet, consectetuer adipiscing elit. Aenean commodo<br>ligula eget dolor. Aenean massa. Cum sociis natoque penatibus et<br>magnis dis parturient montes, nascetur ridiculus mus.<\\/p>\",\"15\":[\"128\"]}}', '2017-09-11 20:48:11', '2017-09-11 20:48:11', '52705c3b-5ae6-4dae-a01b-2c3c353125df'),
 ('262', '164', '2', '1', 'en_us', '1', '', '{\"typeId\":null,\"authorId\":\"1\",\"title\":\"fdsfsdfds\",\"slug\":\"fdsfsdfds\",\"postDate\":1505166366,\"expiryDate\":null,\"enabled\":1,\"parentId\":null,\"fields\":{\"1\":\"<p>fsdfsdfdsf<\\/p>\",\"25\":{\"date\":\"9\\/20\\/2017\"},\"39\":\"\",\"65\":\"fdfsdfdsfds\",\"2\":\"\"}}', '2017-09-11 21:46:06', '2017-09-11 21:46:06', 'eab8a02e-d09b-4d9b-a7d7-6dbb27bc2be9'),
 ('263', '165', '2', '1', 'en_us', '1', '', '{\"typeId\":null,\"authorId\":\"1\",\"title\":\"dfdsfsdfds\",\"slug\":\"dfdsfsdfds\",\"postDate\":1505166381,\"expiryDate\":null,\"enabled\":1,\"parentId\":null,\"fields\":{\"1\":\"<p>fdsfdsfds<\\/p>\",\"25\":{\"date\":\"9\\/19\\/2017\"},\"39\":\"\",\"65\":\"fdsfsdfdsf\",\"2\":\"\"}}', '2017-09-11 21:46:22', '2017-09-11 21:46:22', '9548818d-8ca7-4b94-aee6-8825e5e1fb91'),
 ('264', '166', '2', '1', 'en_us', '1', '', '{\"typeId\":null,\"authorId\":\"1\",\"title\":\"dfsdfds\",\"slug\":\"dfsdfds\",\"postDate\":1505166394,\"expiryDate\":null,\"enabled\":1,\"parentId\":null,\"fields\":{\"1\":\"<p>dfsdfsdfds<\\/p>\",\"25\":{\"date\":\"9\\/13\\/2017\"},\"39\":\"\",\"65\":\"fdfsdfs\",\"2\":\"\"}}', '2017-09-11 21:46:34', '2017-09-11 21:46:34', 'fcb4a09e-f48e-48f8-a5cf-1edb341e9db8'),
 ('265', '167', '2', '1', 'en_us', '1', '', '{\"typeId\":null,\"authorId\":\"1\",\"title\":\"gfhfhf\",\"slug\":\"gfhfhf\",\"postDate\":1505166404,\"expiryDate\":null,\"enabled\":1,\"parentId\":null,\"fields\":{\"1\":\"<p>gfhfghfghfgh<\\/p>\",\"25\":{\"date\":\"9\\/14\\/2017\"},\"39\":\"\",\"65\":\"ghhfhfgh\",\"2\":\"\"}}', '2017-09-11 21:46:44', '2017-09-11 21:46:44', 'de7cae74-c067-469a-9810-dddabe7bc067'),
 ('266', '168', '2', '1', 'en_us', '1', '', '{\"typeId\":null,\"authorId\":\"1\",\"title\":\"ghfghfghgfhf\",\"slug\":\"ghfghfghgfhf\",\"postDate\":1505166415,\"expiryDate\":null,\"enabled\":1,\"parentId\":null,\"fields\":{\"1\":\"<p>ghfghfghgf<\\/p>\",\"25\":{\"date\":\"9\\/12\\/2017\"},\"39\":\"\",\"65\":\"ghfghfghgfh\",\"2\":\"\"}}', '2017-09-11 21:46:55', '2017-09-11 21:46:55', '91027708-ab41-4b63-a836-b2bf366474a4'),
 ('267', '169', '2', '1', 'en_us', '1', '', '{\"typeId\":null,\"authorId\":\"1\",\"title\":\"ghfghfghfghgf\",\"slug\":\"ghfghfghfghgf\",\"postDate\":1505166425,\"expiryDate\":null,\"enabled\":1,\"parentId\":null,\"fields\":{\"1\":\"<p>ghfghfghgfhf<\\/p>\",\"25\":{\"date\":\"9\\/20\\/2017\"},\"39\":\"\",\"65\":\"hgfhfghfg\",\"2\":\"\"}}', '2017-09-11 21:47:05', '2017-09-11 21:47:05', 'c4b6928e-f257-4bcb-a144-9ee1a3e0333f'),
 ('268', '170', '2', '1', 'en_us', '1', '', '{\"typeId\":null,\"authorId\":\"1\",\"title\":\"jkjhkhjkhj\",\"slug\":\"jkjhkhjkhj\",\"postDate\":1505166437,\"expiryDate\":null,\"enabled\":1,\"parentId\":null,\"fields\":{\"1\":\"<p>kjhkhjkhjkjhk<\\/p>\",\"25\":{\"date\":\"9\\/5\\/2017\"},\"39\":\"\",\"65\":\"hjkhjkhjk\",\"2\":\"\"}}', '2017-09-11 21:47:17', '2017-09-11 21:47:17', 'fcb9762b-0d61-415b-9b12-b0768c7b969b'),
 ('269', '171', '2', '1', 'en_us', '1', '', '{\"typeId\":null,\"authorId\":\"1\",\"title\":\"kjhhkhjk\",\"slug\":\"kjhhkhjk\",\"postDate\":1505166452,\"expiryDate\":null,\"enabled\":1,\"parentId\":null,\"fields\":{\"1\":\"<p>nvbnhdffgkdsbnyrbtvtbenmo,tfhgh<\\/p>\",\"25\":{\"date\":\"9\\/19\\/2017\"},\"39\":\"\",\"65\":\"jkjhkhj\",\"2\":\"\"}}', '2017-09-11 21:47:32', '2017-09-11 21:47:32', '09b28c68-46a4-4972-b86a-05549474f840'),
 ('270', '172', '2', '1', 'en_us', '1', '', '{\"typeId\":null,\"authorId\":\"1\",\"title\":\" nj yklioituerybevbnmn\",\"slug\":\"nj-yklioituerybevbnmn\",\"postDate\":1505166465,\"expiryDate\":null,\"enabled\":1,\"parentId\":null,\"fields\":{\"1\":\"<p>ninbyretvg fhjkml,ijureytvgdh fhjgk,loureytvsfg hj.oy,imuyetg<\\/p>\",\"25\":{\"date\":\"9\\/28\\/2017\"},\"39\":\"\",\"65\":\"bnm,gfrvb ghjh,okjh5e6bw\",\"2\":\"\"}}', '2017-09-11 21:47:45', '2017-09-11 21:47:45', 'a35f3002-8fcd-4b59-ae21-8bbc67792d08'),
 ('271', '173', '2', '1', 'en_us', '1', '', '{\"typeId\":null,\"authorId\":\"1\",\"title\":\"vbjnkmmnbrvfcsafvdgbhnjj\",\"slug\":\"vbjnkmmnbrvfcsafvdgbhnjj\",\"postDate\":1505166474,\"expiryDate\":null,\"enabled\":1,\"parentId\":null,\"fields\":{\"1\":\"<p>bnmykijbhrd cvmewrvbgm,ulkjhryb nm,miu rth<\\/p>\",\"25\":{\"date\":\"\"},\"39\":\"\",\"65\":\"bbnm,uplkjtrbh ,luiyrtegvdvbv\",\"2\":\"\"}}', '2017-09-11 21:47:54', '2017-09-11 21:47:54', '1f3d3761-2168-4313-894a-3f010108cc9f'),
 ('272', '174', '2', '1', 'en_us', '1', '', '{\"typeId\":null,\"authorId\":\"1\",\"title\":\"df ghnbdfg bvc \",\"slug\":\"df-ghnbdfg-bvc\",\"postDate\":1505166486,\"expiryDate\":null,\"enabled\":1,\"parentId\":null,\"fields\":{\"1\":\"<p> fdv bxvc fm<\\/p>\",\"25\":{\"date\":\"9\\/20\\/2017\"},\"39\":\"\",\"65\":\" gfdbcbvght bgfd\",\"2\":\"\"}}', '2017-09-11 21:48:06', '2017-09-11 21:48:06', '89f97750-bfcb-4ee3-9334-04ce233322aa'),
 ('273', '175', '2', '1', 'en_us', '1', '', '{\"typeId\":null,\"authorId\":\"1\",\"title\":\" sddvscads ggces \",\"slug\":\"sddvscads-ggces\",\"postDate\":1505166524,\"expiryDate\":null,\"enabled\":1,\"parentId\":null,\"fields\":{\"1\":\"<p> fdsgdsf fdvcngf d m ds<\\/p>\",\"25\":{\"date\":\"9\\/29\\/2017\"},\"39\":\"\",\"65\":\"ddsf dhbvsaf sdfs\",\"2\":\"\"}}', '2017-09-11 21:48:44', '2017-09-11 21:48:44', 'c1091ad5-83c5-43fb-9889-77c7d7a464bc'),
 ('276', '160', '8', '1', 'en_us', '6', '', '{\"typeId\":\"8\",\"authorId\":\"1\",\"title\":\"Fourth Event\",\"slug\":\"fourth-event\",\"postDate\":1504106280,\"expiryDate\":null,\"enabled\":1,\"parentId\":null,\"fields\":{\"25\":{\"date\":\"10\\/20\\/2017\"},\"74\":{\"time\":\"4:00 AM\"},\"27\":\"<p>Event Description<\\/p>\",\"15\":\"\",\"72\":\"Somewhere\",\"65\":\"Preview Text\",\"21\":\"\",\"73\":{\"time\":\"2:00 AM\"}}}', '2017-09-11 22:06:31', '2017-09-11 22:06:31', '86bb6087-141c-4f6d-a18c-51875d09c37c'),
 ('277', '159', '8', '1', 'en_us', '3', '', '{\"typeId\":\"8\",\"authorId\":\"1\",\"title\":\"Event Three\",\"slug\":\"event-three\",\"postDate\":1504106220,\"expiryDate\":null,\"enabled\":1,\"parentId\":null,\"fields\":{\"25\":{\"date\":\"10\\/24\\/2017\"},\"74\":{\"time\":\"11:00 PM\"},\"27\":\"<p>Event Description<\\/p>\",\"15\":\"\",\"72\":\"Somewhere\",\"65\":\"Preview Text \",\"21\":\"\",\"73\":{\"time\":\"7:00 PM\"}}}', '2017-09-11 22:06:39', '2017-09-11 22:06:39', 'd044524d-3475-418e-adbf-62faccb3cdd8'),
 ('278', '158', '8', '1', 'en_us', '4', '', '{\"typeId\":\"8\",\"authorId\":\"1\",\"title\":\"Event Two \",\"slug\":\"event-two\",\"postDate\":1504106160,\"expiryDate\":null,\"enabled\":1,\"parentId\":null,\"fields\":{\"25\":{\"date\":\"11\\/14\\/2017\"},\"74\":{\"time\":\"11:00 PM\"},\"27\":\"<p>Brief event description&nbsp;<\\/p>\",\"15\":\"\",\"72\":\"Somewhere\",\"65\":\"Here is the second event\",\"21\":\"\",\"73\":{\"time\":\"7:00 PM\"}}}', '2017-09-11 22:06:51', '2017-09-11 22:06:51', '4d21043b-a734-48bb-aaad-da19425e3be7'),
 ('279', '152', '5', '1', 'en_us', '5', '', '{\"typeId\":\"5\",\"authorId\":\"1\",\"title\":\"Story About Marketing Management\",\"slug\":\"story-about-marketing-management\",\"postDate\":1502371560,\"expiryDate\":null,\"enabled\":1,\"parentId\":null,\"fields\":{\"1\":\"<p>This is the body.<\\/p>\",\"15\":[\"128\"],\"65\":\"\",\"21\":[\"63\"]}}', '2017-09-13 21:09:53', '2017-09-13 21:09:53', '2ec59615-e9b4-456e-ba88-5ac507947b60'),
 ('280', '71', '3', '1', 'en_us', '5', '', '{\"typeId\":\"3\",\"authorId\":\"1\",\"title\":\"Cosmetology\",\"slug\":\"cosmetology\",\"postDate\":1494433380,\"expiryDate\":null,\"enabled\":1,\"parentId\":null,\"fields\":{\"16\":\"1\",\"57\":\"\",\"1\":\"<p>Lorem ipsum dolor sit amet, consectetuer adipiscing elit. Aenean commodo ligula eget dolor. Aenean massa. Cum sociis natoque penatibus et magnis dis parturient montes, nascetur ridiculus mus.<\\/p>\",\"11\":\"<p>Lorem ipsum dolor sit amet, consectetuer adipiscing elit. Aenean commodo ligula eget dolor. Aenean massa. Cum sociis natoque penatibus et magnis dis parturient montes, nascetur ridiculus mus.<\\/p>\",\"15\":[\"128\"],\"12\":\"10\",\"14\":\"2\",\"38\":[\"59\"],\"35\":\"\",\"13\":\"Kent\",\"75\":\"https:\\/\\/www.youtube.com\\/watch?v=6xWpo5Dn254\"}}', '2017-09-13 21:13:49', '2017-09-13 21:13:49', '8b82ca4f-de97-4f71-b59a-dd59ba660219'),
 ('281', '71', '3', '1', 'en_us', '6', '', '{\"typeId\":\"3\",\"authorId\":\"1\",\"title\":\"Cosmetology\",\"slug\":\"cosmetology\",\"postDate\":1494433380,\"expiryDate\":null,\"enabled\":1,\"parentId\":null,\"fields\":{\"16\":\"1\",\"57\":\"\",\"1\":\"<p>Lorem ipsum dolor sit amet, consectetuer adipiscing elit. Aenean commodo ligula eget dolor. Aenean massa. Cum sociis natoque penatibus et magnis dis parturient montes, nascetur ridiculus mus.<\\/p>\",\"11\":\"<p>Lorem ipsum dolor sit amet, consectetuer adipiscing elit. Aenean commodo ligula eget dolor. Aenean massa. Cum sociis natoque penatibus et magnis dis parturient montes, nascetur ridiculus mus.<\\/p>\",\"15\":[\"128\"],\"12\":\"10\",\"14\":\"2\",\"38\":[\"59\"],\"35\":\"\",\"13\":\"Kent\",\"75\":\"\'https:\\/\\/www.youtube.com\\/watch?v=6xWpo5Dn254\'\"}}', '2017-09-13 21:19:41', '2017-09-13 21:19:41', '6fc533ae-b5a7-4eb2-92e7-7e650412f619'),
 ('282', '71', '3', '1', 'en_us', '7', '', '{\"typeId\":\"3\",\"authorId\":\"1\",\"title\":\"Cosmetology\",\"slug\":\"cosmetology\",\"postDate\":1494433380,\"expiryDate\":null,\"enabled\":1,\"parentId\":null,\"fields\":{\"16\":\"1\",\"57\":\"\",\"1\":\"<p>Lorem ipsum dolor sit amet, consectetuer adipiscing elit. Aenean commodo ligula eget dolor. Aenean massa. Cum sociis natoque penatibus et magnis dis parturient montes, nascetur ridiculus mus.<\\/p>\",\"11\":\"<p>Lorem ipsum dolor sit amet, consectetuer adipiscing elit. Aenean commodo ligula eget dolor. Aenean massa. Cum sociis natoque penatibus et magnis dis parturient montes, nascetur ridiculus mus.<\\/p>\",\"15\":[\"128\"],\"12\":\"10\",\"14\":\"2\",\"38\":[\"59\"],\"35\":\"\",\"13\":\"Kent\",\"75\":\"\"}}', '2017-09-13 21:20:28', '2017-09-13 21:20:28', '4685789e-b225-4b55-a17a-39d98e89b474'),
 ('283', '71', '3', '1', 'en_us', '8', '', '{\"typeId\":\"3\",\"authorId\":\"1\",\"title\":\"Cosmetology\",\"slug\":\"cosmetology\",\"postDate\":1494433380,\"expiryDate\":null,\"enabled\":1,\"parentId\":null,\"fields\":{\"16\":\"1\",\"57\":\"\",\"1\":\"<p>Lorem ipsum dolor sit amet, consectetuer adipiscing elit. Aenean commodo ligula eget dolor. Aenean massa. Cum sociis natoque penatibus et magnis dis parturient montes, nascetur ridiculus mus.<\\/p>\",\"11\":\"<p>Lorem ipsum dolor sit amet, consectetuer adipiscing elit. Aenean commodo ligula eget dolor. Aenean massa. Cum sociis natoque penatibus et magnis dis parturient montes, nascetur ridiculus mus.<\\/p>\",\"15\":[\"128\"],\"12\":\"10\",\"14\":\"2\",\"38\":[\"59\"],\"35\":\"\",\"13\":\"Kent\",\"75\":\"https:\\/\\/www.youtube.com\\/watch?v=6xWpo5Dn254\"}}', '2017-09-13 21:27:41', '2017-09-13 21:27:41', '4e5965fa-1aaa-472f-934f-cedf2c8800ec'),
 ('287', '52', '8', '1', 'en_us', '3', '', '{\"typeId\":\"8\",\"authorId\":\"1\",\"title\":\"First Event\",\"slug\":\"first-event\",\"postDate\":1494430080,\"expiryDate\":null,\"enabled\":1,\"parentId\":null,\"fields\":{\"25\":{\"date\":\"5\\/17\\/2017\"},\"74\":{\"time\":\"1:30 AM\"},\"27\":\"<p>Lorem ipsum dolor sit amet, consectetuer adipiscing elit. Aenean commodo ligula eget dolor. Aenean massa. Cum sociis natoque penatibus et magnis dis parturient montes, nascetur ridiculus mus.<\\/p>\",\"39\":[\"155\"],\"15\":\"\",\"72\":\"\",\"65\":\"\",\"21\":\"\",\"73\":{\"time\":\"12:30 AM\"}}}', '2017-09-18 22:01:32', '2017-09-18 22:01:32', '81133981-136c-49c1-bb9d-5178d17213ea'),
 ('288', '158', '8', '1', 'en_us', '5', '', '{\"typeId\":\"8\",\"authorId\":\"1\",\"title\":\"Event Two \",\"slug\":\"event-two\",\"postDate\":1504106160,\"expiryDate\":null,\"enabled\":1,\"parentId\":null,\"fields\":{\"25\":{\"date\":\"11\\/14\\/2017\"},\"74\":{\"time\":\"11:00 PM\"},\"27\":\"<p>Brief event description&nbsp;<\\/p>\",\"39\":[\"156\"],\"15\":\"\",\"72\":\"Somewhere\",\"65\":\"Here is the second event\",\"21\":\"\",\"73\":{\"time\":\"7:00 PM\"}}}', '2017-09-18 22:01:42', '2017-09-18 22:01:42', '3a1b8c06-ba46-46c9-a891-e8581eaac067'),
 ('289', '159', '8', '1', 'en_us', '4', '', '{\"typeId\":\"8\",\"authorId\":\"1\",\"title\":\"Event Three\",\"slug\":\"event-three\",\"postDate\":1504106220,\"expiryDate\":null,\"enabled\":1,\"parentId\":null,\"fields\":{\"25\":{\"date\":\"10\\/24\\/2017\"},\"74\":{\"time\":\"11:00 PM\"},\"27\":\"<p>Event Description<\\/p>\",\"39\":[\"155\"],\"15\":\"\",\"72\":\"Somewhere\",\"65\":\"Preview Text \",\"21\":\"\",\"73\":{\"time\":\"7:00 PM\"}}}', '2017-09-18 22:01:50', '2017-09-18 22:01:50', '1aa6e949-1999-4939-ba79-27fdee73eb56'),
 ('290', '160', '8', '1', 'en_us', '7', '', '{\"typeId\":\"8\",\"authorId\":\"1\",\"title\":\"Fourth Event\",\"slug\":\"fourth-event\",\"postDate\":1504106280,\"expiryDate\":null,\"enabled\":1,\"parentId\":null,\"fields\":{\"25\":{\"date\":\"10\\/20\\/2017\"},\"74\":{\"time\":\"4:00 AM\"},\"27\":\"<p>Event Description<\\/p>\",\"39\":[\"155\"],\"15\":\"\",\"72\":\"Somewhere\",\"65\":\"Preview Text\",\"21\":\"\",\"73\":{\"time\":\"2:00 AM\"}}}', '2017-09-18 22:01:58', '2017-09-18 22:01:58', 'd318352e-bec3-4d84-b247-b11437939671'),
 ('292', '175', '2', '1', 'en_us', '2', '', '{\"typeId\":\"2\",\"authorId\":\"1\",\"title\":\" sddvscads ggces \",\"slug\":\"sddvscads-ggces\",\"postDate\":1505166480,\"expiryDate\":null,\"enabled\":1,\"parentId\":null,\"fields\":{\"1\":\"<p> fdsgdsf fdvcngf d m ds<\\/p>\",\"25\":{\"date\":\"9\\/29\\/2017\"},\"79\":[\"187\"],\"65\":\"ddsf dhbvsaf sdfs\",\"2\":\"\"}}', '2017-09-18 22:02:19', '2017-09-18 22:02:19', '17d031f3-8435-4c39-bb51-4b72e05ad2c3'),
 ('293', '174', '2', '1', 'en_us', '2', '', '{\"typeId\":\"2\",\"authorId\":\"1\",\"title\":\"df ghnbdfg bvc \",\"slug\":\"df-ghnbdfg-bvc\",\"postDate\":1505166480,\"expiryDate\":null,\"enabled\":1,\"parentId\":null,\"fields\":{\"1\":\"<p> fdv bxvc fm<\\/p>\",\"25\":{\"date\":\"9\\/20\\/2017\"},\"79\":[\"188\"],\"65\":\" gfdbcbvght bgfd\",\"2\":\"\"}}', '2017-09-18 22:02:28', '2017-09-18 22:02:28', 'a4495e8f-e5ec-4f9c-8f44-da10336c7f89'),
 ('295', '173', '2', '1', 'en_us', '2', '', '{\"typeId\":\"2\",\"authorId\":\"1\",\"title\":\"vbjnkmmnbrvfcsafvdgbhnjj\",\"slug\":\"vbjnkmmnbrvfcsafvdgbhnjj\",\"postDate\":1505166420,\"expiryDate\":null,\"enabled\":1,\"parentId\":null,\"fields\":{\"1\":\"<p>bnmykijbhrd cvmewrvbgm,ulkjhryb nm,miu rth<\\/p>\",\"25\":{\"date\":\"\"},\"79\":[\"189\"],\"65\":\"bbnm,uplkjtrbh ,luiyrtegvdvbv\",\"2\":\"\"}}', '2017-09-18 22:02:46', '2017-09-18 22:02:46', '31e3a344-c996-43ae-99a3-e469a23e5afb'),
 ('296', '99', '7', '1', 'en_us', '3', '', '{\"typeId\":\"7\",\"authorId\":\"1\",\"title\":\"Terry Slattery\",\"slug\":\"terry-slattery\",\"postDate\":1499272260,\"expiryDate\":null,\"enabled\":1,\"parentId\":null,\"fields\":{\"1\":\"<p>#<\\/p>\",\"26\":\"\",\"56\":[\"50\"],\"15\":\"\",\"9\":\"\",\"66\":\"\"}}', '2017-09-25 18:43:19', '2017-09-25 18:43:19', 'd443395d-5f08-48f1-88e4-51db4974af07'),
 ('297', '71', '3', '1', 'en_us', '9', '', '{\"typeId\":\"3\",\"authorId\":\"1\",\"title\":\"Cosmetology\",\"slug\":\"cosmetology\",\"postDate\":1494433380,\"expiryDate\":null,\"enabled\":1,\"parentId\":null,\"fields\":{\"16\":\"1\",\"57\":\"\",\"1\":\"<p>Lorem ipsum dolor sit amet, consectetuer adipiscing elit. Aenean commodo ligula eget dolor. Aenean massa. Cum sociis natoque penatibus et magnis dis parturient montes, nascetur ridiculus mus.<\\/p>\",\"11\":\"<p>Lorem ipsum dolor sit amet, consectetuer adipiscing elit. Aenean commodo ligula eget dolor. Aenean massa. Cum sociis natoque penatibus et magnis dis parturient montes, nascetur ridiculus mus.<\\/p>\",\"15\":[\"128\"],\"12\":\"10\",\"14\":\"2\",\"38\":[\"59\"],\"35\":{\"new1\":{\"type\":\"programOverview\",\"enabled\":\"1\",\"fields\":{\"heading\":\"dsadasdas\",\"text\":[{\"col1\":\"sdadasd\"},{\"col1\":\"sadsaddsa\"}]}},\"new2\":{\"type\":\"programOverview\",\"enabled\":\"1\",\"fields\":{\"heading\":\"fgdfgdgd\",\"text\":[{\"col1\":\"fgdgdfg\"},{\"col1\":\"gfdgdfgdf\"}]}},\"new3\":{\"type\":\"programOverview\",\"enabled\":\"1\",\"fields\":{\"heading\":\"fdgdsdsf\",\"text\":[{\"col1\":\"fgdg\"},{\"col1\":\"fgdfggd\"}]}},\"new4\":{\"type\":\"programOverview\",\"enabled\":\"1\",\"fields\":{\"heading\":\"\",\"text\":[{\"col1\":\"\"}]}}},\"13\":\"Kent\",\"75\":\"https:\\/\\/www.youtube.com\\/watch?v=6xWpo5Dn254\"}}', '2017-10-16 20:27:39', '2017-10-16 20:27:39', '34b9d2aa-5342-44bd-850d-103eecbcd0be'),
 ('298', '9', '13', '1', 'en_us', '18', '', '{\"typeId\":\"13\",\"authorId\":null,\"title\":\"How to Apply\",\"slug\":\"admissions\",\"postDate\":1504888950,\"expiryDate\":null,\"enabled\":1,\"parentId\":null,\"fields\":{\"16\":\"\",\"55\":\"<p>Lorem ipsum dolor sit amet, consectetuer adipiscing elit. Aenean commodo ligula eget dolor. Aenean massa. Cum sociis natoque penatibus et magnis dis parturient montes, nascetur ridiculus mus.<\\/p>\",\"51\":{\"43\":{\"type\":\"criteria\",\"enabled\":\"1\",\"fields\":{\"courseTitle\":\"Specific 1\",\"description\":\"<p>Lorem ipsum dolor sit amet, consectetuer adipiscing elit. Aenean commodo ligula eget dolor. Aenean massa. Cum sociis natoque penatibus et magnis dis parturient montes, nascetur ridiculus mus.\\t<\\/p>\",\"matrixLightswitch\":\"1\"}},\"44\":{\"type\":\"criteria\",\"enabled\":\"1\",\"fields\":{\"courseTitle\":\"Specific 2\",\"description\":\"<p>Lorem ipsum dolor sit amet, consectetuer adipiscing elit. Aenean commodo ligula eget dolor. Aenean massa. Cum sociis natoque penatibus et magnis dis parturient montes, nascetur ridiculus mus.<\\/p>\",\"matrixLightswitch\":\"1\"}}},\"50\":[{\"col1\":\"Program \",\"col2\":\"Fall 2017\",\"col3\":\"Spring 2017\"},{\"col1\":\"General\",\"col2\":\"May 1, 2017\",\"col3\":\"Dec 1, 2017\"},{\"col1\":\"Specific 1\",\"col2\":\"May 1, 2017\",\"col3\":\"Dec 1, 2017\"},{\"col1\":\"Specific 2\",\"col2\":\"May 1, 2017\",\"col3\":\"Dec 1, 2017\"}],\"15\":[\"38\"],\"47\":\"<p>Lorem ipsum dolor sit amet, consectetuer adipiscing elit. Aenean commodo ligula eget dolor. Aenean massa. Cum sociis natoque penatibus et magnis dis parturient montes, nascetur ridiculus mus.<\\/p>\"}}', '2017-10-23 18:30:49', '2017-10-23 18:30:49', '82456092-c2d4-476d-b3a2-2157f35dae02'),
 ('299', '71', '3', '1', 'en_us', '10', '', '{\"typeId\":\"3\",\"authorId\":\"1\",\"title\":\"Cosmetology\",\"slug\":\"cosmetology\",\"postDate\":1494433380,\"expiryDate\":null,\"enabled\":1,\"parentId\":null,\"fields\":{\"16\":\"1\",\"57\":\"\",\"1\":\"<p>Lorem ipsum dolor sit amet, consectetuer adipiscing elit. Aenean commodo ligula eget dolor. Aenean massa. Cum sociis natoque penatibus et magnis dis parturient montes, nascetur ridiculus mus.<\\/p>\",\"11\":\"<p>Lorem ipsum dolor sit amet, consectetuer adipiscing elit. Aenean commodo ligula eget dolor. Aenean massa. Cum sociis natoque penatibus et magnis dis parturient montes, nascetur ridiculus mus.<\\/p>\",\"15\":[\"128\"],\"12\":\"10\",\"14\":\"2\",\"38\":[\"59\"],\"80\":[\"94\",\"95\",\"136\",\"128\",\"89\"],\"35\":{\"190\":{\"type\":\"programOverview\",\"enabled\":\"1\",\"fields\":{\"heading\":\"dsadasdas\",\"text\":[{\"col1\":\"sdadasd\"},{\"col1\":\"sadsaddsa\"}]}},\"191\":{\"type\":\"programOverview\",\"enabled\":\"1\",\"fields\":{\"heading\":\"fgdfgdgd\",\"text\":[{\"col1\":\"fgdgdfg\"},{\"col1\":\"gfdgdfgdf\"}]}},\"192\":{\"type\":\"programOverview\",\"enabled\":\"1\",\"fields\":{\"heading\":\"fdgdsdsf\",\"text\":[{\"col1\":\"fgdg\"},{\"col1\":\"fgdfggd\"}]}},\"193\":{\"type\":\"programOverview\",\"enabled\":\"1\",\"fields\":{\"heading\":\"\",\"text\":[{\"col1\":\"\"}]}}},\"13\":\"Kent\",\"75\":\"https:\\/\\/www.youtube.com\\/watch?v=6xWpo5Dn254\"}}', '2017-10-23 20:12:02', '2017-10-23 20:12:02', '3ffdd25d-d053-4423-bd20-659644825a08'),
 ('300', '4', '10', '1', 'en_us', '7', '', '{\"typeId\":\"10\",\"authorId\":null,\"title\":\"Explore Programs\",\"slug\":\"programs-landing-page\",\"postDate\":1508796562,\"expiryDate\":null,\"enabled\":1,\"parentId\":null,\"fields\":{\"81\":\"http:\\/\\/sixdistrict.com\\/\",\"1\":\"<p>Lorem ipsum dolor sit amet, consectetuer adipiscing elit. Aenean commodo<br>ligula eget dolor. Aenean massa. Cum sociis natoque penatibus et<br>magnis dis parturient montes, nascetur ridiculus mus.<\\/p>\",\"15\":[\"128\"]}}', '2017-10-23 22:11:36', '2017-10-23 22:11:36', 'e275a7a4-302a-42a7-be95-56405b7a782e'),
 ('301', '71', '3', '1', 'en_us', '11', '', '{\"typeId\":\"3\",\"authorId\":\"1\",\"title\":\"Cosmetology\",\"slug\":\"cosmetology\",\"postDate\":1494433380,\"expiryDate\":null,\"enabled\":1,\"parentId\":null,\"fields\":{\"16\":\"1\",\"57\":\"\",\"1\":\"<p>Lorem ipsum dolor sit amet, consectetuer adipiscing elit. Aenean commodo ligula eget dolor. Aenean massa. Cum sociis natoque penatibus et magnis dis parturient montes, nascetur ridiculus mus.<\\/p>\",\"11\":\"<p>Lorem ipsum dolor sit amet, consectetuer adipiscing elit. Aenean commodo ligula eget dolor. Aenean massa. Cum sociis natoque penatibus et magnis dis parturient montes, nascetur ridiculus mus.<\\/p>\",\"15\":[\"128\"],\"12\":\"10\",\"14\":\"2\",\"38\":[\"59\"],\"80\":[\"94\",\"95\",\"136\",\"128\",\"89\",\"90\"],\"35\":{\"190\":{\"type\":\"programOverview\",\"enabled\":\"1\",\"fields\":{\"heading\":\"dsadasdas\",\"text\":[{\"col1\":\"sdadasd\"},{\"col1\":\"sadsaddsa\"}]}},\"191\":{\"type\":\"programOverview\",\"enabled\":\"1\",\"fields\":{\"heading\":\"fgdfgdgd\",\"text\":[{\"col1\":\"fgdgdfg\"},{\"col1\":\"gfdgdfgdf\"}]}},\"192\":{\"type\":\"programOverview\",\"enabled\":\"1\",\"fields\":{\"heading\":\"fdgdsdsf\",\"text\":[{\"col1\":\"fgdg\"},{\"col1\":\"fgdfggd\"}]}},\"193\":{\"type\":\"programOverview\",\"enabled\":\"1\",\"fields\":{\"heading\":\"\",\"text\":[{\"col1\":\"\"}]}}},\"13\":\"Kent\",\"75\":\"https:\\/\\/www.youtube.com\\/watch?v=6xWpo5Dn254\"}}', '2017-10-25 21:00:05', '2017-10-25 21:00:05', '771bcd96-3edf-46d7-86bc-81e3f6d85b29'),
 ('302', '71', '3', '1', 'en_us', '12', '', '{\"typeId\":\"3\",\"authorId\":\"1\",\"title\":\"Cosmetology\",\"slug\":\"cosmetology\",\"postDate\":1494433380,\"expiryDate\":null,\"enabled\":1,\"parentId\":null,\"fields\":{\"16\":\"1\",\"57\":\"\",\"1\":\"<p>Lorem ipsum dolor sit amet, consectetuer adipiscing elit. Aenean commodo ligula eget dolor. Aenean massa. Cum sociis natoque penatibus et magnis dis parturient montes, nascetur ridiculus mus.<\\/p>\",\"11\":\"<p>Lorem ipsum dolor sit amet, consectetuer adipiscing elit. Aenean commodo ligula eget dolor. Aenean massa. Cum sociis natoque penatibus et magnis dis parturient montes, nascetur ridiculus mus.<\\/p>\",\"15\":[\"128\"],\"12\":\"10\",\"14\":\"2\",\"38\":[\"59\"],\"80\":[\"94\",\"95\",\"136\",\"128\",\"89\",\"90\",\"194\",\"195\",\"197\",\"198\",\"199\",\"200\",\"201\"],\"35\":{\"190\":{\"type\":\"programOverview\",\"enabled\":\"1\",\"fields\":{\"heading\":\"dsadasdas\",\"text\":[{\"col1\":\"sdadasd\"},{\"col1\":\"sadsaddsa\"}]}},\"191\":{\"type\":\"programOverview\",\"enabled\":\"1\",\"fields\":{\"heading\":\"fgdfgdgd\",\"text\":[{\"col1\":\"fgdgdfg\"},{\"col1\":\"gfdgdfgdf\"}]}},\"192\":{\"type\":\"programOverview\",\"enabled\":\"1\",\"fields\":{\"heading\":\"fdgdsdsf\",\"text\":[{\"col1\":\"fgdg\"},{\"col1\":\"fgdfggd\"}]}},\"193\":{\"type\":\"programOverview\",\"enabled\":\"1\",\"fields\":{\"heading\":\"\",\"text\":[{\"col1\":\"\"}]}}},\"13\":\"Kent\",\"75\":\"https:\\/\\/www.youtube.com\\/watch?v=6xWpo5Dn254\"}}', '2017-10-25 21:10:47', '2017-10-25 21:10:47', 'ff01d120-a576-461e-833a-da690e852c10'),
 ('303', '117', '7', '1', 'en_us', '5', '', '{\"typeId\":\"7\",\"authorId\":\"1\",\"title\":\"Brent Pfeiffer  \",\"slug\":\"brent-pfeiffer\",\"postDate\":1499272980,\"expiryDate\":null,\"enabled\":1,\"parentId\":null,\"fields\":{\"1\":\"<p>#<\\/p>\",\"26\":\"ke_bpfeiffer@kentschools.net\",\"56\":[\"50\"],\"15\":\"\",\"9\":\"#\",\"76\":{\"new1\":{\"type\":\"socialMediaBlock\",\"enabled\":\"1\",\"fields\":{\"socialName\":\"facebook\",\"address\":\"sdffds\"}},\"new2\":{\"type\":\"socialMediaBlock\",\"enabled\":\"1\",\"fields\":{\"socialName\":\"instagram\",\"address\":\"fsdfdsfdsfds\"}}},\"66\":\"\"}}', '2017-11-02 22:41:27', '2017-11-02 22:41:27', 'f6f6bc33-3062-457a-9365-ff149bdbdf07'),
 ('304', '35', '14', '1', 'en_us', '4', '', '{\"typeId\":\"14\",\"authorId\":null,\"title\":\"Forms\",\"slug\":\"form\",\"postDate\":1504542711,\"expiryDate\":null,\"enabled\":1,\"parentId\":null,\"fields\":{\"83\":{\"new1\":{\"type\":\"externalLink\",\"enabled\":\"1\",\"fields\":{\"externalTitle\":\"dsfdsfsd\",\"externalUrl\":\"dfsdfs\"}},\"new2\":{\"type\":\"externalLink\",\"enabled\":\"1\",\"fields\":{\"externalTitle\":\"fdsfdsf\",\"externalUrl\":\"dfsdfs\"}},\"new3\":{\"type\":\"externalLink\",\"enabled\":\"1\",\"fields\":{\"externalTitle\":\"fdsfdsfs\",\"externalUrl\":\"dsfsdfs\"}}},\"67\":{\"161\":{\"type\":\"forms\",\"enabled\":\"1\",\"fields\":{\"formsTitle\":\"kjbblkbkjbzkjcb\",\"previewText\":\"knjsfdknskdfn\",\"formsLink\":[\"36\"]}},\"162\":{\"type\":\"forms\",\"enabled\":\"1\",\"fields\":{\"formsTitle\":\"kdsnflnlsnkl\",\"previewText\":\"flsdkflsndfl\",\"formsLink\":\"\"}},\"163\":{\"type\":\"forms\",\"enabled\":\"1\",\"fields\":{\"formsTitle\":\"fdksjnfksnfksdnk\",\"previewText\":\"fndsfksdnfks\",\"formsLink\":\"\"}}}}}', '2017-11-03 18:01:51', '2017-11-03 18:01:51', '847f037d-71a3-4aad-a83e-a19c46498394'),
 ('305', '175', '2', '1', 'en_us', '3', '', '{\"typeId\":\"2\",\"authorId\":\"1\",\"title\":\" sddvscads ggces \",\"slug\":\"sddvscads-ggces\",\"postDate\":1505166480,\"expiryDate\":null,\"enabled\":1,\"parentId\":null,\"fields\":{\"1\":\"<p> fdsgdsf fdvcngf d m ds<\\/p>\",\"25\":{\"date\":\"9\\/29\\/2017\"},\"79\":[\"187\"],\"65\":\"ddsf dhbvsaf sdfs\",\"2\":\"\"}}', '2017-11-10 19:11:29', '2017-11-10 19:11:29', '07227c93-8d05-40ff-89ff-cab0f7beaaed');



DROP TABLE IF EXISTS `craft_fieldgroups`;


--
-- Schema for table `craft_fieldgroups`
--
CREATE TABLE `craft_fieldgroups` (
  `id` int(11) NOT NULL AUTO_INCREMENT,
  `name` varchar(255) COLLATE utf8_unicode_ci NOT NULL,
  `dateCreated` datetime NOT NULL,
  `dateUpdated` datetime NOT NULL,
  `uid` char(36) COLLATE utf8_unicode_ci NOT NULL DEFAULT '0',
  PRIMARY KEY (`id`),
  UNIQUE KEY `craft_fieldgroups_name_unq_idx` (`name`)
) ENGINE=InnoDB AUTO_INCREMENT=2 DEFAULT CHARSET=utf8 COLLATE=utf8_unicode_ci;

--
-- Data for table `craft_fieldgroups`
--

INSERT INTO `craft_fieldgroups` (`id`, `name`, `dateCreated`, `dateUpdated`, `uid`) VALUES
 ('1', 'Default', '2017-04-18 15:33:03', '2017-04-18 15:33:03', '395bf9b1-0ed6-48a8-a36b-8540f6eba03a');



DROP TABLE IF EXISTS `craft_fieldlayoutfields`;


--
-- Schema for table `craft_fieldlayoutfields`
--
CREATE TABLE `craft_fieldlayoutfields` (
  `id` int(11) NOT NULL AUTO_INCREMENT,
  `layoutId` int(11) NOT NULL,
  `tabId` int(11) NOT NULL,
  `fieldId` int(11) NOT NULL,
  `required` tinyint(1) unsigned NOT NULL DEFAULT '0',
  `sortOrder` smallint(6) unsigned DEFAULT NULL,
  `dateCreated` datetime NOT NULL,
  `dateUpdated` datetime NOT NULL,
  `uid` char(36) COLLATE utf8_unicode_ci NOT NULL DEFAULT '0',
  PRIMARY KEY (`id`),
  UNIQUE KEY `craft_fieldlayoutfields_layoutId_fieldId_unq_idx` (`layoutId`,`fieldId`),
  KEY `craft_fieldlayoutfields_sortOrder_idx` (`sortOrder`),
  KEY `craft_fieldlayoutfields_tabId_fk` (`tabId`),
  KEY `craft_fieldlayoutfields_fieldId_fk` (`fieldId`)
) ENGINE=InnoDB AUTO_INCREMENT=497 DEFAULT CHARSET=utf8 COLLATE=utf8_unicode_ci;

--
-- Data for table `craft_fieldlayoutfields`
--

INSERT INTO `craft_fieldlayoutfields` (`id`, `layoutId`, `tabId`, `fieldId`, `required`, `sortOrder`, `dateCreated`, `dateUpdated`, `uid`) VALUES
 ('57', '37', '16', '1', '0', '1', '2017-04-20 14:02:02', '2017-04-20 14:02:02', '9da0c574-1b53-4067-b77a-3eadebf7d7e9'),
 ('169', '66', '42', '45', '0', '1', '2017-05-02 15:33:10', '2017-05-02 15:33:10', '6c975ef5-8d98-4524-ba9e-514ce9fc7960'),
 ('170', '66', '42', '46', '0', '2', '2017-05-02 15:33:10', '2017-05-02 15:33:10', 'af1acfb4-b5c0-4878-ba18-2b2e58c56f33'),
 ('199', '74', '50', '52', '0', '1', '2017-05-04 14:49:34', '2017-05-04 14:49:34', 'd49a16de-756e-4134-a66e-2f1a7cc02a60'),
 ('200', '74', '50', '53', '0', '2', '2017-05-04 14:49:34', '2017-05-04 14:49:34', 'f6d6859b-46cd-4e57-b2a4-76b428f9fb45'),
 ('201', '74', '50', '54', '0', '3', '2017-05-04 14:49:34', '2017-05-04 14:49:34', '685ba866-8ea0-445d-afef-4c2a6dbe6453'),
 ('256', '85', '60', '37', '0', '1', '2017-06-19 15:33:20', '2017-06-19 15:33:20', '104ea5d6-2fc8-409c-b75e-707a1e81d2c8'),
 ('265', '89', '63', '1', '0', '1', '2017-07-05 17:03:48', '2017-07-05 17:03:48', '052a0e8c-56b1-43c2-a3a4-814330edbb91'),
 ('266', '89', '63', '15', '0', '2', '2017-07-05 17:03:48', '2017-07-05 17:03:48', '3c2c319e-50e7-40ca-89b5-c33e4fc00b9c'),
 ('267', '89', '63', '18', '0', '3', '2017-07-05 17:03:48', '2017-07-05 17:03:48', 'f70dc421-997f-4ea8-9de9-ce2e244f3d05'),
 ('268', '89', '63', '19', '0', '4', '2017-07-05 17:03:48', '2017-07-05 17:03:48', '36ed3b98-da45-4a8a-a8e4-b555a83f277e'),
 ('269', '89', '63', '20', '0', '5', '2017-07-05 17:03:48', '2017-07-05 17:03:48', '36a1dba0-f51d-4bf8-8406-f3b974033acd'),
 ('270', '89', '63', '21', '1', '6', '2017-07-05 17:03:48', '2017-07-05 17:03:48', 'a53cca25-2681-4ca7-a1c4-49227ebbbd99'),
 ('290', '94', '68', '5', '0', '1', '2017-08-07 15:22:29', '2017-08-07 15:22:29', '97626592-bc7e-4147-932a-8ebcd52ef752'),
 ('291', '94', '68', '3', '0', '2', '2017-08-07 15:22:29', '2017-08-07 15:22:29', 'f7f2e459-50c4-449d-a158-246171219f89'),
 ('292', '94', '68', '63', '0', '3', '2017-08-07 15:22:29', '2017-08-07 15:22:29', '059d0113-aa89-4d26-95b1-9428d79f15fa'),
 ('293', '94', '68', '4', '0', '4', '2017-08-07 15:22:29', '2017-08-07 15:22:29', '84a02d73-0252-42e3-89ca-a17cd08660ca'),
 ('296', '96', '70', '15', '0', '1', '2017-08-07 17:17:20', '2017-08-07 17:17:20', '7f6ee6b2-2050-4ebc-8e63-e3d460c8f446'),
 ('297', '97', '71', '36', '0', '1', '2017-08-10 03:00:20', '2017-08-10 03:00:20', '5eeda95d-6dc1-4955-a981-a784ff105bd8'),
 ('298', '97', '71', '64', '0', '2', '2017-08-10 03:00:20', '2017-08-10 03:00:20', 'd46401fc-b966-443d-b096-441e5b2e2259'),
 ('299', '97', '71', '1', '1', '3', '2017-08-10 03:00:20', '2017-08-10 03:00:20', '1b23e8be-b70f-49cb-88cf-42da99585f5c'),
 ('300', '97', '71', '23', '0', '4', '2017-08-10 03:00:20', '2017-08-10 03:00:20', '35a82e4f-002b-4c29-b683-0aa8dd5f9e2c'),
 ('301', '97', '71', '24', '0', '5', '2017-08-10 03:00:20', '2017-08-10 03:00:20', 'ab5445e9-4aef-437d-99a0-ac8db88948e5'),
 ('302', '97', '71', '33', '0', '6', '2017-08-10 03:00:20', '2017-08-10 03:00:20', 'a8660f08-910a-4c85-88ff-fd258d3cd02b'),
 ('303', '97', '71', '15', '0', '7', '2017-08-10 03:00:20', '2017-08-10 03:00:20', '1b323c32-ea2a-4571-8aab-786d70773737'),
 ('304', '97', '71', '34', '0', '8', '2017-08-10 03:00:20', '2017-08-10 03:00:20', '82c8e080-8bf4-41f6-9fb1-0bbb3a28435a'),
 ('305', '97', '71', '22', '0', '9', '2017-08-10 03:00:20', '2017-08-10 03:00:20', '3eed46ef-38a1-444e-9d7f-4756ec153c83'),
 ('306', '97', '71', '37', '0', '10', '2017-08-10 03:00:20', '2017-08-10 03:00:20', 'b2233347-dd3c-45a3-a070-3d4c2669f815'),
 ('307', '97', '71', '32', '0', '11', '2017-08-10 03:00:20', '2017-08-10 03:00:20', '9a87307d-00d4-46c7-a960-4b25fed6dc71'),
 ('308', '97', '71', '31', '0', '12', '2017-08-10 03:00:20', '2017-08-10 03:00:20', 'a396436c-cf28-434a-960a-f3341bd5e599'),
 ('309', '97', '71', '35', '0', '13', '2017-08-10 03:00:20', '2017-08-10 03:00:20', 'fd88f49b-ff8d-4303-9651-3503627ce1ef'),
 ('310', '98', '72', '15', '0', '1', '2017-08-10 15:17:26', '2017-08-10 15:17:26', 'c62c309a-7fa6-4f25-84b5-a0c0d191cec9'),
 ('311', '99', '73', '1', '0', '1', '2017-08-10 15:34:44', '2017-08-10 15:34:44', '752902a4-4575-450f-8678-37b1fcc0b55b'),
 ('312', '99', '73', '28', '0', '2', '2017-08-10 15:34:44', '2017-08-10 15:34:44', 'acbf67ac-ff96-43b5-b001-84f1333b2493'),
 ('368', '115', '88', '68', '0', '1', '2017-09-06 22:58:24', '2017-09-06 22:58:24', '762fc7a8-f27e-40de-bd9b-cbaa006f9114'),
 ('369', '115', '88', '69', '0', '2', '2017-09-06 22:58:24', '2017-09-06 22:58:24', 'be8b688b-27d3-4e1e-b0c0-b1393a22836a'),
 ('370', '115', '88', '70', '0', '3', '2017-09-06 22:58:24', '2017-09-06 22:58:24', '233b1917-6773-4a38-95c4-7dc90dc94516'),
 ('377', '117', '90', '16', '0', '1', '2017-09-08 16:44:06', '2017-09-08 16:44:06', '52563870-6a14-41e4-bbd4-e47b5cb7e3ab'),
 ('378', '117', '90', '15', '0', '2', '2017-09-08 16:44:06', '2017-09-08 16:44:06', '043e3245-4571-4a80-a0fd-48ae0ceb3786'),
 ('379', '117', '90', '47', '0', '3', '2017-09-08 16:44:06', '2017-09-08 16:44:06', '0d3ddc58-49e7-4763-bac8-00da1cb10e31'),
 ('380', '117', '90', '50', '0', '4', '2017-09-08 16:44:06', '2017-09-08 16:44:06', 'c16ea411-4e9c-4f65-ae19-b4caa56cbbff'),
 ('381', '117', '90', '51', '0', '5', '2017-09-08 16:44:06', '2017-09-08 16:44:06', '9dc23a01-56ff-4204-8d8c-5ac5289562ee'),
 ('382', '117', '90', '55', '0', '6', '2017-09-08 16:44:06', '2017-09-08 16:44:06', '21e03193-aab9-464c-8ebd-6939d74f4e77'),
 ('383', '118', '91', '15', '0', '1', '2017-09-08 16:44:29', '2017-09-08 16:44:29', '65ea9c54-b796-4005-a246-6c756dc9dda5'),
 ('384', '118', '91', '1', '0', '2', '2017-09-08 16:44:29', '2017-09-08 16:44:29', '5265a642-714e-488f-b9b6-6b1837bcf9f0'),
 ('385', '118', '91', '19', '0', '3', '2017-09-08 16:44:29', '2017-09-08 16:44:29', '0f42bd81-b14f-4c9e-a7ff-a21d2dfaca24'),
 ('386', '118', '91', '18', '0', '4', '2017-09-08 16:44:29', '2017-09-08 16:44:29', 'f02f94b1-d616-4fd7-9d72-fa131a607ec1'),
 ('400', '121', '94', '65', '0', '1', '2017-09-13 21:11:40', '2017-09-13 21:11:40', '2954e6e8-db63-44a5-8e06-1d3aa32d7f32'),
 ('401', '121', '94', '1', '0', '2', '2017-09-13 21:11:40', '2017-09-13 21:11:40', '4a2d8f7c-4c1e-4f35-b182-8d2965e13dfd'),
 ('402', '121', '94', '15', '0', '3', '2017-09-13 21:11:40', '2017-09-13 21:11:40', '105e4c64-1670-44a6-a408-13bb5c4081b3'),
 ('403', '121', '94', '21', '0', '4', '2017-09-13 21:11:40', '2017-09-13 21:11:40', 'd25c521f-f026-438f-9d8c-7037f5f351a3'),
 ('404', '121', '94', '75', '0', '5', '2017-09-13 21:11:40', '2017-09-13 21:11:40', 'f1a1990e-69d9-4cec-bb99-9da453e70ef7'),
 ('405', '122', '95', '65', '0', '1', '2017-09-13 21:11:57', '2017-09-13 21:11:57', '2cde9cbc-7dc5-4f6a-8b83-617fcca47589'),
 ('406', '122', '95', '1', '0', '2', '2017-09-13 21:11:57', '2017-09-13 21:11:57', '9082597a-54be-485c-8cda-5bad13ac7c66'),
 ('407', '122', '95', '15', '0', '3', '2017-09-13 21:11:57', '2017-09-13 21:11:57', 'ee9e2357-6bce-48a7-b363-5a43e686baa3'),
 ('408', '122', '95', '21', '0', '4', '2017-09-13 21:11:57', '2017-09-13 21:11:57', 'c45f94c4-7c14-437d-900d-c7d1d0d1dc9c'),
 ('409', '122', '95', '75', '0', '5', '2017-09-13 21:11:57', '2017-09-13 21:11:57', '4214e4d0-51bd-40a4-a933-1dbbbdb12792'),
 ('439', '127', '100', '77', '0', '1', '2017-09-18 19:40:12', '2017-09-18 19:40:12', 'd115a841-6279-48f0-b1ff-ece4e45f872e'),
 ('440', '127', '100', '78', '0', '2', '2017-09-18 19:40:12', '2017-09-18 19:40:12', '760b47cf-f391-49df-8205-d0afb64b176e'),
 ('445', '130', '102', '65', '0', '1', '2017-09-18 21:21:48', '2017-09-18 21:21:48', 'a985e630-ccd0-464e-8678-635c56082c06'),
 ('446', '130', '102', '25', '0', '2', '2017-09-18 21:21:48', '2017-09-18 21:21:48', 'b0365d3e-e5da-42f7-ac2a-f7387645a646'),
 ('447', '130', '102', '1', '1', '3', '2017-09-18 21:21:48', '2017-09-18 21:21:48', 'd200502e-3c48-4d4c-8053-ed68c592d5fe'),
 ('448', '130', '102', '2', '0', '4', '2017-09-18 21:21:48', '2017-09-18 21:21:48', 'd2c206de-909a-4846-be83-0bef8fe4c368'),
 ('449', '130', '102', '79', '0', '5', '2017-09-18 21:21:48', '2017-09-18 21:21:48', '94a8b5fc-265d-4512-8285-1b14c1dd1e6f'),
 ('450', '131', '103', '15', '0', '1', '2017-09-18 21:22:17', '2017-09-18 21:22:17', 'aa38acd4-7b0d-469b-aef9-949d2b1f9cf5'),
 ('451', '131', '103', '65', '0', '2', '2017-09-18 21:22:17', '2017-09-18 21:22:17', 'a2c562e6-0d9b-4a01-84db-60087d0c1aa9'),
 ('452', '131', '103', '25', '0', '3', '2017-09-18 21:22:17', '2017-09-18 21:22:17', '68f344b8-5042-4feb-8d2c-2affce8483fc'),
 ('453', '131', '103', '27', '0', '4', '2017-09-18 21:22:17', '2017-09-18 21:22:17', '73801e59-eb9d-4f80-8ef4-36af178f6258'),
 ('454', '131', '103', '72', '0', '5', '2017-09-18 21:22:17', '2017-09-18 21:22:17', 'cdc500d9-a2af-41e1-8b7f-802f9123b057'),
 ('455', '131', '103', '21', '0', '6', '2017-09-18 21:22:17', '2017-09-18 21:22:17', '1d0a74f7-ef05-47da-a943-7396eaf10cb4'),
 ('456', '131', '103', '73', '0', '7', '2017-09-18 21:22:17', '2017-09-18 21:22:17', '5d9db468-28bf-4b48-8306-cfac30bab34c'),
 ('457', '131', '103', '74', '0', '8', '2017-09-18 21:22:17', '2017-09-18 21:22:17', '99cac7b7-76cd-41f2-87ab-3ddba13631a3'),
 ('458', '131', '103', '39', '0', '9', '2017-09-18 21:22:17', '2017-09-18 21:22:17', 'd790f615-c109-454d-9f44-1b328ffa0d14'),
 ('459', '137', '104', '1', '0', '1', '2017-10-23 19:39:27', '2017-10-23 19:39:27', '9f24698b-7eaa-45c5-bcac-babf370923f2'),
 ('460', '137', '104', '11', '0', '2', '2017-10-23 19:39:27', '2017-10-23 19:39:27', 'cb71e15f-dddf-4dbb-a073-af6393c75964'),
 ('461', '137', '104', '12', '0', '3', '2017-10-23 19:39:27', '2017-10-23 19:39:27', '049bb8f9-84f5-447c-a11e-b07489a205ef'),
 ('462', '137', '104', '13', '0', '4', '2017-10-23 19:39:27', '2017-10-23 19:39:27', '3d1a8d19-d4f0-4e79-922a-79bf2873fb09'),
 ('463', '137', '104', '14', '0', '5', '2017-10-23 19:39:27', '2017-10-23 19:39:27', '8dd0e266-02c2-4cba-8b69-9e8c247103d9'),
 ('464', '137', '104', '15', '0', '6', '2017-10-23 19:39:27', '2017-10-23 19:39:27', 'c15034d8-1a3a-42b4-b5e4-5c1312ce9ad7'),
 ('465', '137', '104', '80', '0', '7', '2017-10-23 19:39:27', '2017-10-23 19:39:27', 'fcadfc45-05de-46cb-9410-feb601faabdd'),
 ('466', '137', '104', '16', '0', '8', '2017-10-23 19:39:27', '2017-10-23 19:39:27', '28fb1e71-19a3-48ce-827e-7de45dbfaaba'),
 ('467', '137', '104', '38', '0', '9', '2017-10-23 19:39:27', '2017-10-23 19:39:27', 'be5ae82f-de04-4a85-9d76-a25917bffd82'),
 ('468', '137', '104', '35', '0', '10', '2017-10-23 19:39:27', '2017-10-23 19:39:27', 'a05f49db-ca27-4e93-b775-ea3ed82c9f1f'),
 ('469', '137', '104', '57', '0', '11', '2017-10-23 19:39:27', '2017-10-23 19:39:27', '6f342ac8-c83a-4da4-9f14-acf8386ee9e2'),
 ('470', '137', '104', '75', '0', '12', '2017-10-23 19:39:27', '2017-10-23 19:39:27', 'c3ee5dad-1f0c-4db3-b25e-a561922672e4'),
 ('471', '138', '105', '1', '0', '1', '2017-10-23 22:09:36', '2017-10-23 22:09:36', '481ddd15-472d-42f7-8616-d9185adaa1da'),
 ('472', '138', '105', '15', '0', '2', '2017-10-23 22:09:36', '2017-10-23 22:09:36', '4501c47a-865f-43db-a9a5-aa6a707cafe1'),
 ('473', '138', '105', '81', '0', '3', '2017-10-23 22:09:36', '2017-10-23 22:09:36', 'd358af93-2a02-4aaa-9f32-e3907a81c904'),
 ('474', '139', '106', '5', '0', '1', '2017-11-02 21:39:58', '2017-11-02 21:39:58', 'c96e6352-eca9-4d31-9ccf-5c9e91590a6d'),
 ('475', '139', '106', '3', '0', '2', '2017-11-02 21:39:58', '2017-11-02 21:39:58', 'c618adc4-0aae-4529-8e28-db13fae2667a'),
 ('476', '139', '106', '6', '0', '3', '2017-11-02 21:39:58', '2017-11-02 21:39:58', 'f7781e52-aca4-4588-9f9d-04d3cd2eab83'),
 ('477', '139', '106', '71', '0', '4', '2017-11-02 21:39:58', '2017-11-02 21:39:58', 'dba67fd0-b925-42b9-baa5-5dedf6224824'),
 ('478', '139', '106', '8', '0', '5', '2017-11-02 21:39:58', '2017-11-02 21:39:58', '4a7bbf32-b1cd-4102-a055-097baa7ba09e'),
 ('479', '139', '106', '9', '0', '6', '2017-11-02 21:39:58', '2017-11-02 21:39:58', '078a6525-e9fe-4c0a-965d-a90bd8dbbfb7'),
 ('480', '139', '106', '76', '0', '7', '2017-11-02 21:39:58', '2017-11-02 21:39:58', '53645652-28b8-4602-a65a-60d00f3217f5'),
 ('481', '139', '106', '10', '0', '8', '2017-11-02 21:39:58', '2017-11-02 21:39:58', '6a1c72ff-c97c-48d9-bf82-c80c0a84bc42'),
 ('482', '139', '106', '82', '0', '9', '2017-11-02 21:39:58', '2017-11-02 21:39:58', 'b3c3b99b-32a2-40eb-935e-1a817f7943e5'),
 ('483', '140', '107', '1', '0', '1', '2017-11-02 22:41:11', '2017-11-02 22:41:11', 'b35be840-2d1a-4bf1-bcb3-f292c4fc8cde'),
 ('484', '140', '107', '15', '0', '2', '2017-11-02 22:41:11', '2017-11-02 22:41:11', '7e125307-ea8b-4794-a750-f491d85ae8bb'),
 ('485', '140', '107', '26', '0', '3', '2017-11-02 22:41:11', '2017-11-02 22:41:11', 'c1862114-3dbf-4da6-b30e-b5098fcaa1aa');
INSERT INTO `craft_fieldlayoutfields` (`id`, `layoutId`, `tabId`, `fieldId`, `required`, `sortOrder`, `dateCreated`, `dateUpdated`, `uid`) VALUES
 ('486', '140', '107', '9', '0', '4', '2017-11-02 22:41:11', '2017-11-02 22:41:11', 'b54d1e6d-971a-45dc-9238-14264bbc7e94'),
 ('487', '140', '107', '56', '0', '5', '2017-11-02 22:41:11', '2017-11-02 22:41:11', '34c31871-147b-4062-bd70-e39b37673416'),
 ('488', '140', '107', '66', '0', '6', '2017-11-02 22:41:11', '2017-11-02 22:41:11', 'f0bbfbf1-c03b-42df-93b2-2a094992a69f'),
 ('489', '140', '107', '76', '0', '7', '2017-11-02 22:41:11', '2017-11-02 22:41:11', 'd7406865-c956-42e9-9860-b96e13884aa3'),
 ('490', '141', '108', '84', '0', '1', '2017-11-03 17:48:25', '2017-11-03 17:48:25', 'e3ad8e87-7361-4509-bcdc-1f3dabd1cdef'),
 ('491', '141', '108', '85', '0', '2', '2017-11-03 17:48:25', '2017-11-03 17:48:25', '4001e275-024a-4d3f-9cdc-ac104d46ac7d'),
 ('492', '142', '109', '67', '0', '1', '2017-11-03 17:57:27', '2017-11-03 17:57:27', '24705a18-7799-48f0-adcf-638f0a3ac6dc'),
 ('493', '142', '109', '83', '0', '2', '2017-11-03 17:57:27', '2017-11-03 17:57:27', 'ed2027c9-64e6-4082-893e-62edcc1dfd22'),
 ('494', '143', '110', '59', '0', '1', '2017-11-03 17:57:54', '2017-11-03 17:57:54', '4936b8fd-6b79-4693-b95c-deea71628655'),
 ('495', '143', '110', '60', '0', '2', '2017-11-03 17:57:54', '2017-11-03 17:57:54', '89166ad1-1d1b-41b6-bfd4-92022c42b1b3'),
 ('496', '144', '111', '15', '0', '1', '2017-11-06 19:42:52', '2017-11-06 19:42:52', 'e62f4c60-b190-479e-aed0-69da4d1d8af5');



DROP TABLE IF EXISTS `craft_fieldlayouts`;


--
-- Schema for table `craft_fieldlayouts`
--
CREATE TABLE `craft_fieldlayouts` (
  `id` int(11) NOT NULL AUTO_INCREMENT,
  `type` varchar(150) COLLATE utf8_unicode_ci NOT NULL,
  `dateCreated` datetime NOT NULL,
  `dateUpdated` datetime NOT NULL,
  `uid` char(36) COLLATE utf8_unicode_ci NOT NULL DEFAULT '0',
  PRIMARY KEY (`id`),
  KEY `craft_fieldlayouts_type_idx` (`type`)
) ENGINE=InnoDB AUTO_INCREMENT=145 DEFAULT CHARSET=utf8 COLLATE=utf8_unicode_ci;

--
-- Data for table `craft_fieldlayouts`
--

INSERT INTO `craft_fieldlayouts` (`id`, `type`, `dateCreated`, `dateUpdated`, `uid`) VALUES
 ('1', 'Tag', '2017-04-18 15:33:03', '2017-04-18 15:33:03', 'a8ad3e42-9c27-4a11-b443-72d8e5699b1a'),
 ('18', 'Category', '2017-04-20 13:31:36', '2017-04-20 13:31:36', '3e7c582b-939d-4edc-9ec3-4f9837ad202e'),
 ('37', 'Entry', '2017-04-20 14:02:02', '2017-04-20 14:02:02', 'f2f46d95-37cb-4498-ae54-81906624b885'),
 ('47', 'Asset', '2017-04-27 14:16:59', '2017-04-27 14:16:59', '56295385-95db-4fcb-9b3a-48eec3c98fd5'),
 ('66', 'MatrixBlock', '2017-05-02 15:33:10', '2017-05-02 15:33:10', '66494064-02ba-44a3-8711-11d1d9896953'),
 ('74', 'MatrixBlock', '2017-05-04 14:49:34', '2017-05-04 14:49:34', '6c4faa2d-b3ec-4262-8406-4b1166d54442'),
 ('85', 'GlobalSet', '2017-06-19 15:33:20', '2017-06-19 15:33:20', '89b4ceee-30c7-44a6-bace-6fcbf2094b57'),
 ('89', 'Entry', '2017-07-05 17:03:48', '2017-07-05 17:03:48', '4c02ce0e-21ba-4a4c-8593-856cc95aa00f'),
 ('94', 'GlobalSet', '2017-08-07 15:22:29', '2017-08-07 15:22:29', '00b723c4-68ad-47ff-a0af-088734f0de02'),
 ('96', 'GlobalSet', '2017-08-07 17:17:20', '2017-08-07 17:17:20', '58f31c85-5091-42cb-82f5-96695cffcf42'),
 ('97', 'Entry', '2017-08-10 03:00:20', '2017-08-10 03:00:20', 'f5efcd9b-a624-42c5-aeac-f4c32b9250f4'),
 ('98', 'Category', '2017-08-10 15:17:26', '2017-08-10 15:17:26', '2f01cad3-ba37-4b50-9bde-d2a7026263e5'),
 ('99', 'Entry', '2017-08-10 15:34:44', '2017-08-10 15:34:44', 'c1d74754-18bc-4164-bfb9-e4003a8dbfd0'),
 ('115', 'MatrixBlock', '2017-09-06 22:58:24', '2017-09-06 22:58:24', 'd98f8c47-8886-4fa9-bc1a-7f3ec10d85ed'),
 ('117', 'Entry', '2017-09-08 16:44:06', '2017-09-08 16:44:06', '04e5f4fd-12b2-4c76-bac2-001eb102c603'),
 ('118', 'Entry', '2017-09-08 16:44:29', '2017-09-08 16:44:29', '74879f8c-faf9-4d55-8e71-091ce71a81da'),
 ('121', 'Entry', '2017-09-13 21:11:40', '2017-09-13 21:11:40', 'abbfa79a-e6a7-4598-b5c5-0264117dc6cd'),
 ('122', 'Entry', '2017-09-13 21:11:57', '2017-09-13 21:11:57', '64407950-2001-4ecb-be4e-310d1c661979'),
 ('127', 'MatrixBlock', '2017-09-18 19:40:12', '2017-09-18 19:40:12', '063789b2-97b5-4c3b-a90c-8180a054dc27'),
 ('130', 'Entry', '2017-09-18 21:21:48', '2017-09-18 21:21:48', 'd2cc6dc7-b423-4522-92d5-617e5b197575'),
 ('131', 'Entry', '2017-09-18 21:22:17', '2017-09-18 21:22:17', 'b7296d36-e235-4041-b770-2c094421caeb'),
 ('135', 'Category', '2017-09-18 22:04:14', '2017-09-18 22:04:14', '97530a5b-681f-4036-aac6-0fc10ba11a0a'),
 ('136', 'Category', '2017-09-18 22:04:23', '2017-09-18 22:04:23', 'bc65b949-d8dd-46d4-9143-901594ad53e7'),
 ('137', 'Entry', '2017-10-23 19:39:27', '2017-10-23 19:39:27', '1187cb38-9510-478e-87c8-d34ebc017d56'),
 ('138', 'Entry', '2017-10-23 22:09:36', '2017-10-23 22:09:36', 'b3b043f8-65e6-40f9-bce2-722684d48119'),
 ('139', 'GlobalSet', '2017-11-02 21:39:58', '2017-11-02 21:39:58', 'e07c3d84-7b3b-4f15-a33f-1988fe27c28f'),
 ('140', 'Entry', '2017-11-02 22:41:11', '2017-11-02 22:41:11', '87116c69-d263-479d-9e59-9479f31a0f6a'),
 ('141', 'MatrixBlock', '2017-11-03 17:48:24', '2017-11-03 17:48:24', '7f72cb24-3346-47ec-874f-292d854a136a'),
 ('142', 'Entry', '2017-11-03 17:57:27', '2017-11-03 17:57:27', 'adea89c7-12bc-4beb-a37f-c31cf6e0d5bc'),
 ('143', 'MatrixBlock', '2017-11-03 17:57:54', '2017-11-03 17:57:54', '431f0fdb-08bf-4989-be60-831861e58065'),
 ('144', 'GlobalSet', '2017-11-06 19:42:52', '2017-11-06 19:42:52', 'bd70dfa6-689a-472d-ae29-17ed6473e5f3');



DROP TABLE IF EXISTS `craft_fieldlayouttabs`;


--
-- Schema for table `craft_fieldlayouttabs`
--
CREATE TABLE `craft_fieldlayouttabs` (
  `id` int(11) NOT NULL AUTO_INCREMENT,
  `layoutId` int(11) NOT NULL,
  `name` varchar(255) COLLATE utf8_unicode_ci NOT NULL,
  `sortOrder` smallint(6) unsigned DEFAULT NULL,
  `dateCreated` datetime NOT NULL,
  `dateUpdated` datetime NOT NULL,
  `uid` char(36) COLLATE utf8_unicode_ci NOT NULL DEFAULT '0',
  PRIMARY KEY (`id`),
  KEY `craft_fieldlayouttabs_sortOrder_idx` (`sortOrder`),
  KEY `craft_fieldlayouttabs_layoutId_fk` (`layoutId`)
) ENGINE=InnoDB AUTO_INCREMENT=112 DEFAULT CHARSET=utf8 COLLATE=utf8_unicode_ci;

--
-- Data for table `craft_fieldlayouttabs`
--

INSERT INTO `craft_fieldlayouttabs` (`id`, `layoutId`, `name`, `sortOrder`, `dateCreated`, `dateUpdated`, `uid`) VALUES
 ('16', '37', 'Tab 1', '1', '2017-04-20 14:02:02', '2017-04-20 14:02:02', '2c245062-349b-48a7-88ce-9a26fba65798'),
 ('42', '66', 'Content', '1', '2017-05-02 15:33:10', '2017-05-02 15:33:10', 'c3cde469-6509-4cd9-b194-7e675e3eb7eb'),
 ('50', '74', 'Content', '1', '2017-05-04 14:49:34', '2017-05-04 14:49:34', 'd88b39c9-856c-405c-8746-adde5291e73a'),
 ('60', '85', 'Content', '1', '2017-06-19 15:33:20', '2017-06-19 15:33:20', 'e1a66448-ab04-47ee-8095-eeaadf06a5ef'),
 ('63', '89', 'Tab 1', '1', '2017-07-05 17:03:48', '2017-07-05 17:03:48', 'b34b3efb-ac7f-4d22-81dd-80dd5facc1a6'),
 ('68', '94', 'Content', '1', '2017-08-07 15:22:29', '2017-08-07 15:22:29', 'cac555b4-4c44-4edd-a6e6-371d85ee9940'),
 ('70', '96', 'Content', '1', '2017-08-07 17:17:20', '2017-08-07 17:17:20', '53483e61-5c57-46cb-ac90-d4fc7e9ab97a'),
 ('71', '97', 'Content', '1', '2017-08-10 03:00:20', '2017-08-10 03:00:20', 'b76e62aa-b47d-46ff-a8b6-39c840d3c38f'),
 ('72', '98', 'Tab 1', '1', '2017-08-10 15:17:26', '2017-08-10 15:17:26', '7e34ab93-114f-47b6-b0fc-b637a67877b6'),
 ('73', '99', 'Tab 1', '1', '2017-08-10 15:34:44', '2017-08-10 15:34:44', '120ff9d1-542b-4a54-b7cb-7866c7dbe998'),
 ('88', '115', 'Content', '1', '2017-09-06 22:58:24', '2017-09-06 22:58:24', '133cbaec-db99-405f-a345-f27a7bff2155'),
 ('90', '117', 'Tab 1', '1', '2017-09-08 16:44:06', '2017-09-08 16:44:06', 'fee0972c-8137-47b0-bc31-5e53f4cd0235'),
 ('91', '118', 'Tab 1', '1', '2017-09-08 16:44:29', '2017-09-08 16:44:29', '4b47a6e5-6f5f-4638-b2fa-ab602ce6dae7'),
 ('94', '121', 'Tab 1', '1', '2017-09-13 21:11:40', '2017-09-13 21:11:40', 'e791d742-6214-40f4-8d33-d6d46b022980'),
 ('95', '122', 'Tab 1', '1', '2017-09-13 21:11:57', '2017-09-13 21:11:57', '5a5ebdad-6f36-4f7a-86f0-fa3b413693d9'),
 ('100', '127', 'Content', '1', '2017-09-18 19:40:12', '2017-09-18 19:40:12', '2b75680d-c634-431b-b9b9-927509e6cdf9'),
 ('102', '130', 'Content', '1', '2017-09-18 21:21:48', '2017-09-18 21:21:48', '2f7f1d34-4547-4291-af1d-849b3d14b828'),
 ('103', '131', 'Tab 1', '1', '2017-09-18 21:22:17', '2017-09-18 21:22:17', '56f83e24-faf9-4102-9b61-82f43bcb34a1'),
 ('104', '137', 'Tab 1', '1', '2017-10-23 19:39:27', '2017-10-23 19:39:27', '7f539a3f-92ac-41a6-9a72-a6bea064c98c'),
 ('105', '138', 'Tab 1', '1', '2017-10-23 22:09:36', '2017-10-23 22:09:36', '793f4d05-091b-4777-a7ae-1560ef078aad'),
 ('106', '139', 'Content', '1', '2017-11-02 21:39:58', '2017-11-02 21:39:58', 'd05e1f58-d2c5-4e6f-af73-512722f765e8'),
 ('107', '140', 'Tab 1', '1', '2017-11-02 22:41:11', '2017-11-02 22:41:11', '13869042-dfec-40b1-b6b8-0c75c36bcbdb'),
 ('108', '141', 'Content', '1', '2017-11-03 17:48:25', '2017-11-03 17:48:25', '1e6a1bf0-afcc-4ac7-9c7c-82ed70bf0acc'),
 ('109', '142', 'Tab 1', '1', '2017-11-03 17:57:27', '2017-11-03 17:57:27', '1d93f12e-a4f0-423b-a5f0-9305da464612'),
 ('110', '143', 'Content', '1', '2017-11-03 17:57:54', '2017-11-03 17:57:54', '4e72d220-4570-4185-9ec2-7910e4d2a8ac'),
 ('111', '144', 'Content', '1', '2017-11-06 19:42:52', '2017-11-06 19:42:52', '965b6972-303d-4eb5-815b-92c25d148556');



DROP TABLE IF EXISTS `craft_fields`;


--
-- Schema for table `craft_fields`
--
CREATE TABLE `craft_fields` (
  `id` int(11) NOT NULL AUTO_INCREMENT,
  `groupId` int(11) DEFAULT NULL,
  `name` varchar(255) COLLATE utf8_unicode_ci NOT NULL,
  `handle` varchar(58) COLLATE utf8_unicode_ci NOT NULL,
  `context` varchar(255) COLLATE utf8_unicode_ci NOT NULL DEFAULT 'global',
  `instructions` text COLLATE utf8_unicode_ci,
  `translatable` tinyint(1) unsigned NOT NULL DEFAULT '0',
  `type` varchar(150) COLLATE utf8_unicode_ci NOT NULL,
  `settings` text COLLATE utf8_unicode_ci,
  `dateCreated` datetime NOT NULL,
  `dateUpdated` datetime NOT NULL,
  `uid` char(36) COLLATE utf8_unicode_ci NOT NULL DEFAULT '0',
  PRIMARY KEY (`id`),
  UNIQUE KEY `craft_fields_handle_context_unq_idx` (`handle`,`context`),
  KEY `craft_fields_context_idx` (`context`),
  KEY `craft_fields_groupId_fk` (`groupId`)
) ENGINE=InnoDB AUTO_INCREMENT=86 DEFAULT CHARSET=utf8 COLLATE=utf8_unicode_ci;

--
-- Data for table `craft_fields`
--

INSERT INTO `craft_fields` (`id`, `groupId`, `name`, `handle`, `context`, `instructions`, `translatable`, `type`, `settings`, `dateCreated`, `dateUpdated`, `uid`) VALUES
 ('1', '1', 'Body', 'body', 'global', '', '0', 'RichText', '{\"configFile\":\"Standard.json\",\"availableAssetSources\":\"*\",\"availableTransforms\":\"*\",\"cleanupHtml\":\"1\",\"purifyHtml\":\"1\",\"purifierConfig\":\"\",\"columnType\":\"text\"}', '2017-04-18 15:33:03', '2017-08-30 15:42:08', '85e9ff60-4658-40f0-9679-ef64f67e744e'),
 ('2', '1', 'Tags', 'tags', 'global', NULL, '0', 'Tags', '{\"source\":\"taggroup:1\"}', '2017-04-18 15:33:03', '2017-04-18 15:33:03', '52367973-d067-489b-8c7a-7953b1148e67'),
 ('3', '1', 'Logo', 'logo', 'global', '', '0', 'Assets', '{\"useSingleFolder\":\"\",\"defaultUploadLocationSubpath\":\"\",\"singleUploadLocationSubpath\":\"\",\"restrictFiles\":\"\",\"limit\":\"\",\"viewMode\":\"list\",\"selectionLabel\":\"\"}', '2017-04-20 13:32:53', '2017-04-20 13:32:53', '035af0bf-2ebd-45bc-97cf-8d2afeee9bd7'),
 ('4', '1', 'Search Icon', 'searchIcon', 'global', '', '0', 'Assets', '{\"useSingleFolder\":\"\",\"defaultUploadLocationSubpath\":\"\",\"singleUploadLocationSubpath\":\"\",\"restrictFiles\":\"\",\"limit\":\"\",\"viewMode\":\"list\",\"selectionLabel\":\"\"}', '2017-04-20 13:33:07', '2017-04-20 13:33:07', '70752823-1bf9-4131-8d5b-dd6a529e6088'),
 ('5', '1', 'Footer Title', 'footerTitle', 'global', '', '0', 'PlainText', '{\"placeholder\":\"\",\"maxLength\":\"\",\"multiline\":\"\",\"initialRows\":\"4\"}', '2017-04-20 13:33:25', '2017-04-20 13:33:25', '5897990c-7a13-4b30-9240-6f3ac0447d90'),
 ('6', '1', 'Footer Text', 'footerText', 'global', '', '0', 'PlainText', '{\"placeholder\":\"\",\"maxLength\":\"\",\"multiline\":\"\",\"initialRows\":\"4\"}', '2017-04-20 13:33:38', '2017-04-20 13:33:38', 'ccdff13d-c4f3-41db-8903-a3e70581b69e'),
 ('8', '1', 'Footer Address', 'footerAddress', 'global', '', '0', 'RichText', '{\"configFile\":\"\",\"availableAssetSources\":\"*\",\"availableTransforms\":\"*\",\"cleanupHtml\":\"1\",\"purifyHtml\":\"1\",\"columnType\":\"text\"}', '2017-04-20 13:34:19', '2017-04-20 13:34:19', 'a358469e-abc0-4cbd-a713-b011d3c8b639'),
 ('9', '1', 'Phone Number', 'phoneNumber', 'global', '', '0', 'PlainText', '{\"placeholder\":\"\",\"maxLength\":\"\",\"multiline\":\"\",\"initialRows\":\"4\"}', '2017-04-20 13:34:39', '2017-04-20 13:34:39', '45cc7d96-3aaa-4fa6-813e-dd78bf54e341'),
 ('10', '1', 'Fax Number', 'faxNumber', 'global', '', '0', 'PlainText', '{\"placeholder\":\"\",\"maxLength\":\"\",\"multiline\":\"\",\"initialRows\":\"4\"}', '2017-04-20 13:34:51', '2017-04-20 13:34:51', '3bdc8ae9-4cf6-4c93-9b4a-09238ba94371'),
 ('11', '1', 'Credit at Kent', 'creditAtKent', 'global', '', '0', 'RichText', '{\"configFile\":\"\",\"availableAssetSources\":\"*\",\"availableTransforms\":\"*\",\"cleanupHtml\":\"1\",\"purifyHtml\":\"1\",\"columnType\":\"text\"}', '2017-04-20 13:35:22', '2017-04-20 13:35:22', '25a64752-752a-40d1-99ac-1ec92e72fdbb'),
 ('12', '1', 'Grade Level', 'gradeLevel', 'global', '', '0', 'PlainText', '{\"placeholder\":\"\",\"maxLength\":\"\",\"multiline\":\"\",\"initialRows\":\"4\"}', '2017-04-20 13:35:37', '2017-04-20 13:35:37', '85c0bdc4-9587-4da3-b1a7-d9c8b1d44f4a'),
 ('13', '1', 'School', 'school', 'global', '', '0', 'PlainText', '{\"placeholder\":\"\",\"maxLength\":\"\",\"multiline\":\"\",\"initialRows\":\"4\"}', '2017-04-20 13:35:54', '2017-04-20 13:35:54', '17b01cf2-a93d-4c78-a86b-94a14aba7cdc'),
 ('14', '1', 'Length', 'length', 'global', '', '0', 'PlainText', '{\"placeholder\":\"\",\"maxLength\":\"\",\"multiline\":\"\",\"initialRows\":\"4\"}', '2017-04-20 13:36:41', '2017-04-20 13:36:41', '34d94a62-496f-4012-8a22-66b4b9794e35'),
 ('15', '1', 'Feature Image', 'featureImage', 'global', '', '0', 'Assets', '{\"useSingleFolder\":\"\",\"sources\":\"*\",\"defaultUploadLocationSource\":\"1\",\"defaultUploadLocationSubpath\":\"\",\"singleUploadLocationSource\":\"1\",\"singleUploadLocationSubpath\":\"\",\"restrictFiles\":\"\",\"limit\":\"\",\"viewMode\":\"list\",\"selectionLabel\":\"\"}', '2017-04-20 13:36:51', '2017-04-27 14:17:25', '5b314c35-bb2e-4bf7-89fc-1be09870ff3a'),
 ('16', '1', 'Accepting Applications ', 'applicationLightSwitch', 'global', '', '0', 'Lightswitch', '{\"default\":\"1\"}', '2017-04-20 13:37:19', '2017-05-02 15:31:50', '4a505c32-cc26-46ec-bb53-2153b476a023'),
 ('17', '1', 'Classes', 'classes', 'global', '', '0', 'Entries', '{\"sources\":\"*\",\"limit\":\"\",\"selectionLabel\":\"\"}', '2017-04-20 13:37:40', '2017-04-20 13:37:40', '511f29c1-06fe-42e0-92df-3930e71aae9f'),
 ('18', '1', 'Syllabus', 'syllabus', 'global', '', '0', 'Assets', '{\"useSingleFolder\":\"\",\"defaultUploadLocationSubpath\":\"\",\"singleUploadLocationSubpath\":\"\",\"restrictFiles\":\"\",\"limit\":\"\",\"viewMode\":\"list\",\"selectionLabel\":\"\"}', '2017-04-20 13:38:01', '2017-04-20 13:38:01', '59c6ec29-83c8-4a0d-93b8-cd6afe41f936'),
 ('19', '1', 'Instructor', 'instructor', 'global', '', '0', 'Entries', '{\"sources\":\"*\",\"limit\":\"\",\"selectionLabel\":\"\"}', '2017-04-20 13:38:16', '2017-04-20 13:38:16', '5f5733f8-3b05-43f6-b59b-1b4d82b448e0'),
 ('20', '1', 'Course Access Link', 'courseAccessLink', 'global', '', '0', 'PlainText', '{\"placeholder\":\"\",\"maxLength\":\"\",\"multiline\":\"\",\"initialRows\":\"4\"}', '2017-04-20 13:38:40', '2017-04-20 13:38:40', 'a08c1b16-93c9-415f-88df-49fa747d5854'),
 ('21', '1', 'Program', 'program', 'global', '', '0', 'Entries', '{\"sources\":[\"section:3\"],\"limit\":\"\",\"selectionLabel\":\"\"}', '2017-04-20 13:38:59', '2017-05-04 16:01:18', 'f90bf93d-e3cc-4114-89a3-a70922652e5e'),
 ('22', '1', 'Admissions Link', 'admissionsLink', 'global', '', '0', 'Entries', '{\"sources\":\"*\",\"limit\":\"\",\"selectionLabel\":\"\"}', '2017-04-20 13:39:57', '2017-04-20 13:39:57', '36befb88-1179-46d2-b987-828b2e73ed32'),
 ('23', '1', 'Admissions Text', 'admissionsText', 'global', '', '0', 'PlainText', '{\"placeholder\":\"\",\"maxLength\":\"\",\"multiline\":\"\",\"initialRows\":\"4\"}', '2017-04-20 13:40:06', '2017-04-20 13:40:06', '3e96cc1f-87df-46b8-b5b5-2830332fb432'),
 ('24', '1', 'Admissions Title', 'admissionsTitle', 'global', '', '0', 'PlainText', '{\"placeholder\":\"\",\"maxLength\":\"\",\"multiline\":\"\",\"initialRows\":\"4\"}', '2017-04-20 13:40:11', '2017-04-20 13:40:11', '4f813bcf-9b16-408f-a631-50e333c04955'),
 ('25', '1', 'Date/Time', 'dateTime', 'global', '', '0', 'Date', '{\"minuteIncrement\":\"30\",\"showDate\":1,\"showTime\":0}', '2017-04-20 13:40:38', '2017-04-20 13:40:38', 'ffbb7894-8a1f-4439-b160-dea920b58d42'),
 ('26', '1', 'Email Address', 'emailAddress', 'global', '', '0', 'PlainText', '{\"placeholder\":\"\",\"maxLength\":\"\",\"multiline\":\"\",\"initialRows\":\"4\"}', '2017-04-20 13:40:55', '2017-04-20 13:40:55', '63f507af-f634-44bf-ad96-7172337bc6bb'),
 ('27', '1', 'Event Description', 'eventDescription', 'global', '', '0', 'RichText', '{\"configFile\":\"\",\"availableAssetSources\":\"*\",\"availableTransforms\":\"*\",\"cleanupHtml\":\"1\",\"purifyHtml\":\"1\",\"columnType\":\"text\"}', '2017-04-20 13:41:25', '2017-04-20 13:41:25', 'dda66846-a8ab-4b9a-aeee-43c6120079c0'),
 ('28', '1', 'Faculty ', 'faculty', 'global', '', '0', 'Entries', '{\"sources\":\"*\",\"limit\":\"\",\"selectionLabel\":\"\"}', '2017-04-20 13:41:49', '2017-04-20 13:41:49', '341871a2-1543-48a9-b65b-edc049c7d2aa'),
 ('30', '1', 'Form Link', 'formLink', 'global', '', '0', 'Assets', '{\"useSingleFolder\":\"\",\"sources\":\"*\",\"defaultUploadLocationSource\":\"1\",\"defaultUploadLocationSubpath\":\"\",\"singleUploadLocationSource\":\"1\",\"singleUploadLocationSubpath\":\"\",\"restrictFiles\":\"\",\"limit\":\"\",\"viewMode\":\"list\",\"selectionLabel\":\"\"}', '2017-04-20 13:42:56', '2017-09-06 22:57:14', 'fc412ba2-163c-4657-8aa5-58f3b4851770'),
 ('31', '1', 'General Admissions Light Switch', 'generalAdmissionsLightSwitch', 'global', '', '0', 'Lightswitch', '{\"default\":\"1\"}', '2017-04-20 13:43:46', '2017-04-20 13:43:46', '6731773d-7dfa-4b2b-852c-75ff68c2bf37'),
 ('32', '1', 'News', 'news', 'global', '', '0', 'PlainText', '{\"placeholder\":\"\",\"maxLength\":\"\",\"multiline\":\"\",\"initialRows\":\"4\"}', '2017-04-20 13:44:30', '2017-04-20 13:44:30', '314dc7cf-0ac3-4578-91fc-8d27e45848b9'),
 ('33', '1', 'Pathway Title', 'pathwayTitle', 'global', '', '0', 'PlainText', '{\"placeholder\":\"\",\"maxLength\":\"\",\"multiline\":\"\",\"initialRows\":\"4\"}', '2017-04-20 13:45:08', '2017-04-20 13:45:08', 'dc2d42e4-193d-4ac2-abd3-c1974f53e253'),
 ('34', '1', 'Programs Link', 'programsLink', 'global', '', '0', 'Entries', '{\"sources\":\"*\",\"limit\":\"\",\"selectionLabel\":\"\"}', '2017-04-20 13:45:40', '2017-04-20 13:45:40', '5600df62-2e25-4a44-b23e-f8eee9fec7c6'),
 ('35', '1', 'Programs Matrix', 'programsMatrix', 'global', '', '0', 'Matrix', '{\"maxBlocks\":null}', '2017-04-20 13:45:54', '2017-05-02 15:33:10', '9d4889dd-f286-448b-878c-27d4f784bbae'),
 ('36', '1', 'Welcome Title', 'welcomeTitle', 'global', '', '0', 'PlainText', '{\"placeholder\":\"\",\"maxLength\":\"\",\"multiline\":\"\",\"initialRows\":\"4\"}', '2017-04-20 13:46:21', '2017-04-20 13:46:21', '744e6fb2-d59a-499d-a386-2a0b417abca1'),
 ('37', '1', 'Admissions', 'admissions', 'global', '', '0', 'Entries', '{\"sources\":\"*\",\"limit\":\"\",\"selectionLabel\":\"\"}', '2017-04-20 14:32:58', '2017-04-20 14:32:58', '8ba9e6ef-2ffc-4ac3-be76-7bb4d0dacde3'),
 ('38', '1', 'Pathways', 'pathways', 'global', '', '0', 'Categories', '{\"source\":\"group:1\",\"limit\":\"\",\"selectionLabel\":\"\"}', '2017-04-20 15:00:09', '2017-04-20 15:00:09', 'ff1dabd9-12f0-4de5-8cbc-61d724cb3bf7'),
 ('39', '1', 'Event Type', 'eventType', 'global', '', '0', 'Categories', '{\"source\":\"group:4\",\"limit\":\"\",\"selectionLabel\":\"\"}', '2017-05-02 14:23:10', '2017-09-18 22:05:27', '0263ef74-d498-45f1-94e8-af60f0fe1b2a'),
 ('45', NULL, 'Title', 'heading', 'matrixBlockType:6', '', '0', 'PlainText', '{\"placeholder\":\"\",\"maxLength\":\"\",\"multiline\":\"\",\"initialRows\":\"4\"}', '2017-05-02 15:30:02', '2017-05-02 15:33:10', 'ff3bf5a5-969f-4f87-aec0-99018c4fd17d'),
 ('46', NULL, 'Text', 'text', 'matrixBlockType:6', '', '0', 'Table', '{\"columns\":{\"col1\":{\"heading\":\"BulletPoint\",\"handle\":\"bulletpoint\",\"width\":\"\",\"type\":\"singleline\"}},\"defaults\":{\"row1\":{\"col1\":\"\"}}}', '2017-05-02 15:30:02', '2017-05-02 15:33:10', '93db82e8-4631-4cbd-a401-9fdc490f03f1'),
 ('47', '1', 'General Text', 'generalText', 'global', '', '0', 'RichText', '{\"configFile\":\"\",\"availableAssetSources\":\"*\",\"availableTransforms\":\"*\",\"cleanupHtml\":\"1\",\"purifyHtml\":\"1\",\"columnType\":\"text\"}', '2017-05-02 16:01:48', '2017-05-02 16:01:48', '2d79fad3-c41b-49e6-ba26-b89c38bf3568'),
 ('50', '1', 'Application Deadlines', 'applicationDeadlines', 'global', '', '0', 'Table', '{\"columns\":{\"col1\":{\"heading\":\"Program\",\"handle\":\"program\",\"width\":\"\",\"type\":\"singleline\"},\"col2\":{\"heading\":\"Fall\",\"handle\":\"fall\",\"width\":\"\",\"type\":\"singleline\"},\"col3\":{\"heading\":\"Spring\",\"handle\":\"spring\",\"width\":\"\",\"type\":\"singleline\"}},\"defaults\":{\"row1\":{\"col1\":\"\",\"col2\":\"\",\"col3\":\"\"}}}', '2017-05-04 14:03:01', '2017-05-04 14:03:01', 'bc8734c9-515d-4320-bd43-d75b4f01352f'),
 ('51', '1', 'Admissions Matrix', 'admissionsMatrix', 'global', '', '0', 'Matrix', '{\"maxBlocks\":null}', '2017-05-04 14:21:31', '2017-05-04 14:49:34', '27a2fb20-6ce3-4d91-93fd-093f0ed7002e'),
 ('52', NULL, 'Course Title', 'courseTitle', 'matrixBlockType:7', '', '0', 'PlainText', '{\"placeholder\":\"\",\"maxLength\":\"\",\"multiline\":\"\",\"initialRows\":\"4\"}', '2017-05-04 14:21:31', '2017-05-04 14:49:34', 'eb7ebc36-d820-48fd-bb85-0d9cbd7f1f2e'),
 ('53', NULL, 'Description ', 'description', 'matrixBlockType:7', 'Put the admissions criteria here', '0', 'RichText', '{\"configFile\":\"\",\"availableAssetSources\":\"*\",\"availableTransforms\":\"*\",\"cleanupHtml\":\"1\",\"purifyHtml\":\"1\",\"columnType\":\"text\"}', '2017-05-04 14:21:31', '2017-05-04 14:49:34', '110eaff7-eae9-4261-a89d-1d33105fdb5a'),
 ('54', NULL, 'Matrix Lightswitch', 'matrixLightswitch', 'matrixBlockType:7', 'Turn this on if the course is accepting applications', '0', 'Lightswitch', '{\"default\":\"\"}', '2017-05-04 14:35:12', '2017-05-04 14:49:34', '1a8e8622-b5a4-49fb-9dd7-7a026efb3ed8'),
 ('55', '1', 'Admissions Dates', 'admissionsDates', 'global', 'Text describing the calendar at the bottom of admissions page', '0', 'RichText', '{\"configFile\":\"\",\"availableAssetSources\":\"*\",\"availableTransforms\":\"*\",\"cleanupHtml\":\"1\",\"purifyHtml\":\"1\",\"columnType\":\"text\"}', '2017-05-04 14:56:49', '2017-05-04 14:56:49', '2a19696e-4b98-41a6-86e5-5a8fd72c7320'),
 ('56', '1', 'Faculty Type', 'facultyType', 'global', '', '0', 'Categories', '{\"source\":\"group:3\",\"limit\":\"\",\"selectionLabel\":\"\"}', '2017-05-05 14:10:18', '2017-05-05 14:10:18', '55dcc06d-94d6-4d7e-af57-e1bf6ea22c84'),
 ('57', '1', 'Admissions Criteria', 'admissionsCriteria', 'global', '', '0', 'Table', '{\"columns\":{\"col1\":{\"heading\":\"Criteria\",\"handle\":\"criteria\",\"width\":\"\",\"type\":\"singleline\"}},\"defaults\":{\"row1\":{\"col1\":\"\"},\"row2\":{\"col1\":\"\"}}}', '2017-06-07 16:13:37', '2017-06-07 16:13:37', '7d86b31e-d9d4-42dd-b2bc-d3c2249ba7b3'),
 ('58', '1', 'Footer Matrix', 'footerMatrix', 'global', '', '0', 'Matrix', '{\"maxBlocks\":null}', '2017-06-19 15:17:11', '2017-11-03 17:57:53', '13337fbc-68f8-4783-90ad-f49b80decd39'),
 ('59', NULL, 'Social Network Name', 'socialNetworkName', 'matrixBlockType:8', '', '0', 'PlainText', '{\"placeholder\":\"\",\"maxLength\":\"\",\"multiline\":\"\",\"initialRows\":\"4\"}', '2017-06-19 15:17:11', '2017-11-03 17:57:54', 'e8e91653-8f16-4899-924a-a3023d4b9573'),
 ('60', NULL, 'Social Network URL', 'socialNetworkUrl', 'matrixBlockType:8', '', '0', 'PlainText', '{\"placeholder\":\"\",\"maxLength\":\"\",\"multiline\":\"\",\"initialRows\":\"4\"}', '2017-06-19 15:17:11', '2017-11-03 17:57:54', 'c42f9ac7-fa58-415c-9077-3f0f7627f8dc'),
 ('63', '1', 'dark Logo', 'darkLogo', 'global', '', '0', 'Assets', '{\"useSingleFolder\":\"\",\"sources\":\"*\",\"defaultUploadLocationSource\":\"1\",\"defaultUploadLocationSubpath\":\"\",\"singleUploadLocationSource\":\"1\",\"singleUploadLocationSubpath\":\"\",\"restrictFiles\":\"\",\"limit\":\"\",\"viewMode\":\"list\",\"selectionLabel\":\"\"}', '2017-08-07 15:22:11', '2017-08-07 15:22:11', 'a54a09a1-0ee1-4c22-b90f-2559f153f195'),
 ('64', '1', 'Welcome Subtitle', 'welcomeSubtitle', 'global', '', '0', 'PlainText', '{\"placeholder\":\"\",\"maxLength\":\"\",\"multiline\":\"\",\"initialRows\":\"4\"}', '2017-08-10 02:59:38', '2017-08-10 02:59:38', '2ce7783b-b345-4c4a-a4c2-3fcfdfa46927'),
 ('65', '1', 'Preview Text', 'previewText', 'global', '', '0', 'PlainText', '{\"placeholder\":\"\",\"maxLength\":\"300\",\"multiline\":\"\",\"initialRows\":\"4\"}', '2017-08-17 17:29:42', '2017-08-17 17:29:42', '0be4144e-18cc-4002-a4d6-6a77b17f5593'),
 ('66', '1', 'Temporary Staff', 'temporaryStaff', 'global', '', '0', 'Lightswitch', '{\"default\":\"\"}', '2017-08-17 17:35:12', '2017-08-17 17:35:12', 'c3a696b2-d7d8-4445-9f90-a278372ed6bf'),
 ('67', '1', 'single Forms', 'singleForms', 'global', '', '0', 'Matrix', '{\"maxBlocks\":null}', '2017-08-28 19:19:57', '2017-09-06 22:58:24', 'edcd95e2-cc72-47d5-b108-86b0e02d2275'),
 ('68', NULL, 'Forms Title', 'formsTitle', 'matrixBlockType:10', '', '0', 'PlainText', '{\"placeholder\":\"\",\"maxLength\":\"\",\"multiline\":\"\",\"initialRows\":\"4\"}', '2017-08-28 19:19:57', '2017-09-06 22:58:24', '4e0ab9e6-c337-4257-93a4-51c08bb7dd44'),
 ('69', NULL, 'preview text', 'previewText', 'matrixBlockType:10', '', '0', 'PlainText', '{\"placeholder\":\"\",\"maxLength\":\"300\",\"multiline\":\"\",\"initialRows\":\"4\"}', '2017-08-28 19:19:57', '2017-09-06 22:58:24', '710f4348-d772-423d-bade-01ab8273ba22'),
 ('70', NULL, 'Forms link', 'formsLink', 'matrixBlockType:10', '', '0', 'Assets', '{\"useSingleFolder\":\"\",\"sources\":\"*\",\"defaultUploadLocationSource\":\"1\",\"defaultUploadLocationSubpath\":\"\",\"singleUploadLocationSource\":\"1\",\"singleUploadLocationSubpath\":\"\",\"restrictFiles\":\"\",\"limit\":\"\",\"viewMode\":\"list\",\"selectionLabel\":\"\"}', '2017-08-28 19:19:57', '2017-09-06 22:58:24', '4ba43e22-7e16-4b95-8f1a-346113de367d'),
 ('71', '1', 'District Partners', 'districtPartners', 'global', '', '0', 'PlainText', '{\"placeholder\":\"\",\"maxLength\":\"\",\"multiline\":\"\",\"initialRows\":\"4\"}', '2017-08-28 19:37:56', '2017-08-28 19:37:56', '58d0efd5-c35e-46ee-b117-935c16c0ed03'),
 ('72', '1', 'location', 'location', 'global', '', '0', 'PlainText', '{\"placeholder\":\"\",\"maxLength\":\"\",\"multiline\":\"\",\"initialRows\":\"4\"}', '2017-08-29 22:50:36', '2017-08-29 22:50:36', 'f9f730e1-dbc1-4b66-850b-57a31aeed9b0'),
 ('73', '1', 'start', 'startEndTime', 'global', '', '0', 'Date', '{\"minuteIncrement\":\"30\",\"showTime\":1,\"showDate\":0}', '2017-08-29 22:52:08', '2017-09-04 19:03:45', '0f2cc854-b4c4-4547-9a68-c76b76f08e33'),
 ('74', '1', 'end time', 'endTime', 'global', '', '0', 'Date', '{\"minuteIncrement\":\"30\",\"showTime\":1,\"showDate\":0}', '2017-09-04 19:03:25', '2017-09-04 19:03:25', '3cc6028e-1be3-4871-a1e7-f2d4645ef846'),
 ('75', '1', 'Youtube Video Link', 'youtubeVideoLink', 'global', 'copy and paste the youtube/vimeo video link here', '0', 'PlainText', '{\"placeholder\":\"\",\"maxLength\":\"\",\"multiline\":\"\",\"initialRows\":\"4\"}', '2017-09-13 21:11:11', '2017-09-13 21:11:11', 'e7567b63-4dd0-40a8-a768-e51d2a414331'),
 ('76', '1', 'Social Media', 'socialMedia', 'global', '', '0', 'Matrix', '{\"maxBlocks\":null}', '2017-09-18 19:13:10', '2017-09-18 19:40:11', '10c8d6b3-fc16-42ff-968c-eb049b16a9ba'),
 ('77', NULL, 'Social Name', 'socialName', 'matrixBlockType:11', '', '0', 'Dropdown', '{\"options\":[{\"label\":\"Facebook\",\"value\":\"facebook\",\"default\":\"\"},{\"label\":\"Instagram\",\"value\":\"instagram\",\"default\":\"\"},{\"label\":\"Twitter\",\"value\":\"twitter\",\"default\":\"\"},{\"label\":\"Linkedin\",\"value\":\"linkedin\",\"default\":\"\"},{\"label\":\"Flickr\",\"value\":\"flickr\",\"default\":\"\"},{\"label\":\"Youtube\",\"value\":\"youtube\",\"default\":\"\"},{\"label\":\"Snapchat\",\"value\":\"snapchat\",\"default\":\"\"},{\"label\":\"Tumblr\",\"value\":\"tumblr\",\"default\":\"\"},{\"label\":\"Other\",\"value\":\"other\",\"default\":\"\"}]}', '2017-09-18 19:13:10', '2017-09-18 19:40:11', '635c9469-3b29-4231-91bb-30c90eee3958'),
 ('78', NULL, 'Address', 'address', 'matrixBlockType:11', '', '0', 'PlainText', '{\"placeholder\":\"http:\\/\\/\",\"maxLength\":\"\",\"multiline\":\"\",\"initialRows\":\"4\"}', '2017-09-18 19:13:10', '2017-09-18 19:40:12', '634fa624-62e7-472e-b926-7507a18c89b2'),
 ('79', '1', 'News type', 'newsType', 'global', '', '0', 'Categories', '{\"source\":\"group:2\",\"limit\":\"\",\"selectionLabel\":\"\"}', '2017-09-18 21:20:45', '2017-09-18 22:05:44', '6c0f521c-7477-4c2b-bef8-91a3b5920515'),
 ('80', '1', 'Photo Gallery', 'photoGallery', 'global', '', '0', 'Assets', '{\"useSingleFolder\":\"\",\"sources\":\"*\",\"defaultUploadLocationSource\":\"1\",\"defaultUploadLocationSubpath\":\"\",\"singleUploadLocationSource\":\"1\",\"singleUploadLocationSubpath\":\"\",\"restrictFiles\":\"\",\"limit\":\"\",\"viewMode\":\"list\",\"selectionLabel\":\"\"}', '2017-10-23 19:37:51', '2017-10-23 19:37:51', '664c8a43-22e3-4549-aeae-21b8c9e14058'),
 ('81', '1', 'Additional Program Link', 'additionalProgramLink', 'global', '', '0', 'PlainText', '{\"placeholder\":\"\",\"maxLength\":\"\",\"multiline\":\"\",\"initialRows\":\"4\"}', '2017-10-23 22:08:59', '2017-10-23 22:11:18', '8f118e48-340d-4885-a2d3-957a815fc33f'),
 ('82', '1', 'Footer Copyright Text', 'copyrightText', 'global', '', '0', 'RichText', '{\"configFile\":\"\",\"availableAssetSources\":\"*\",\"availableTransforms\":\"*\",\"cleanupHtml\":\"1\",\"purifyHtml\":\"1\",\"purifierConfig\":\"\",\"columnType\":\"text\"}', '2017-11-02 21:39:39', '2017-11-02 21:39:39', 'efaacb58-ab4d-47b1-a2a7-923624145014'),
 ('83', '1', 'Career Exploration Resources', 'careerExplorationResources', 'global', '', '0', 'Matrix', '{\"maxBlocks\":null}', '2017-11-03 17:48:24', '2017-11-03 17:48:24', 'd5717c3d-0ef4-4e5c-a1bf-2030711f9421'),
 ('84', NULL, 'external title', 'externalTitle', 'matrixBlockType:12', '', '0', 'PlainText', '{\"placeholder\":\"\",\"maxLength\":\"\",\"multiline\":\"\",\"initialRows\":\"4\"}', '2017-11-03 17:48:24', '2017-11-03 17:48:24', '262c8565-6927-48ed-95c7-648b0a81ad91'),
 ('85', NULL, 'external Url', 'externalUrl', 'matrixBlockType:12', '', '0', 'PlainText', '{\"placeholder\":\"\",\"maxLength\":\"\",\"multiline\":\"\",\"initialRows\":\"4\"}', '2017-11-03 17:48:24', '2017-11-03 17:48:24', '3924e640-fbf2-4126-9808-f9a91b90535c');



DROP TABLE IF EXISTS `craft_globalsets`;


--
-- Schema for table `craft_globalsets`
--
CREATE TABLE `craft_globalsets` (
  `id` int(11) NOT NULL,
  `name` varchar(255) COLLATE utf8_unicode_ci NOT NULL,
  `handle` varchar(255) COLLATE utf8_unicode_ci NOT NULL,
  `fieldLayoutId` int(10) DEFAULT NULL,
  `dateCreated` datetime NOT NULL,
  `dateUpdated` datetime NOT NULL,
  `uid` char(36) COLLATE utf8_unicode_ci NOT NULL DEFAULT '0',
  PRIMARY KEY (`id`),
  UNIQUE KEY `craft_globalsets_name_unq_idx` (`name`),
  UNIQUE KEY `craft_globalsets_handle_unq_idx` (`handle`),
  KEY `craft_globalsets_fieldLayoutId_fk` (`fieldLayoutId`)
) ENGINE=InnoDB DEFAULT CHARSET=utf8 COLLATE=utf8_unicode_ci;

--
-- Data for table `craft_globalsets`
--

INSERT INTO `craft_globalsets` (`id`, `name`, `handle`, `fieldLayoutId`, `dateCreated`, `dateUpdated`, `uid`) VALUES
 ('7', 'Header', 'header', '94', '2017-04-20 13:46:52', '2017-08-07 15:22:29', '72f30217-8ec2-4e2b-8dfe-a7e36dc74da8'),
 ('8', 'Footer', 'footer', '139', '2017-04-20 13:46:56', '2017-11-02 21:39:58', '3ac3f79e-a791-471f-9b80-daf25ab59775'),
 ('92', 'Apply', 'apply', '85', '2017-06-19 15:33:20', '2017-06-19 15:33:20', '285d643b-8579-4621-940b-7efa21a51feb'),
 ('137', 'Image Missing', 'imageMissing', '96', '2017-08-07 17:17:20', '2017-08-07 17:17:20', '658fd840-8396-4872-b3e8-e28b3c45b27a'),
 ('207', '404', 'fourohfour', '144', '2017-11-06 19:42:52', '2017-11-06 19:42:52', '9df9847d-bdd7-40d9-b6e2-71b468fefa52');



DROP TABLE IF EXISTS `craft_info`;


--
-- Schema for table `craft_info`
--
CREATE TABLE `craft_info` (
  `id` int(11) NOT NULL AUTO_INCREMENT,
  `version` varchar(50) COLLATE utf8_unicode_ci NOT NULL,
  `schemaVersion` varchar(15) COLLATE utf8_unicode_ci NOT NULL,
  `edition` tinyint(1) unsigned NOT NULL DEFAULT '0',
  `siteName` varchar(100) COLLATE utf8_unicode_ci NOT NULL,
  `siteUrl` varchar(255) COLLATE utf8_unicode_ci NOT NULL,
  `timezone` varchar(30) COLLATE utf8_unicode_ci DEFAULT NULL,
  `on` tinyint(1) unsigned NOT NULL DEFAULT '0',
  `maintenance` tinyint(1) unsigned NOT NULL DEFAULT '0',
  `dateCreated` datetime NOT NULL,
  `dateUpdated` datetime NOT NULL,
  `uid` char(36) COLLATE utf8_unicode_ci NOT NULL DEFAULT '0',
  PRIMARY KEY (`id`)
) ENGINE=InnoDB AUTO_INCREMENT=2 DEFAULT CHARSET=utf8 COLLATE=utf8_unicode_ci;

--
-- Data for table `craft_info`
--

INSERT INTO `craft_info` (`id`, `version`, `schemaVersion`, `edition`, `siteName`, `siteUrl`, `timezone`, `on`, `maintenance`, `dateCreated`, `dateUpdated`, `uid`) VALUES
 ('1', '2.6.2994', '2.6.10', '0', 'Kent Roosevelt Career Technical Education', 'http://cte.ideabasekent.com/public', 'America/New_York', '1', '0', '2017-04-18 15:32:57', '2017-11-06 21:29:01', '0194bf23-446b-41f8-a7ca-18aff7a009ef');



DROP TABLE IF EXISTS `craft_locales`;


--
-- Schema for table `craft_locales`
--
CREATE TABLE `craft_locales` (
  `locale` char(12) COLLATE utf8_unicode_ci NOT NULL,
  `sortOrder` smallint(6) unsigned DEFAULT NULL,
  `dateCreated` datetime NOT NULL,
  `dateUpdated` datetime NOT NULL,
  `uid` char(36) COLLATE utf8_unicode_ci NOT NULL DEFAULT '0',
  PRIMARY KEY (`locale`),
  KEY `craft_locales_sortOrder_idx` (`sortOrder`)
) ENGINE=InnoDB DEFAULT CHARSET=utf8 COLLATE=utf8_unicode_ci;

--
-- Data for table `craft_locales`
--

INSERT INTO `craft_locales` (`locale`, `sortOrder`, `dateCreated`, `dateUpdated`, `uid`) VALUES
 ('en_us', '1', '2017-04-18 15:32:58', '2017-04-18 15:32:58', 'b32b316c-c584-4531-8359-55fd796c9e8e');



DROP TABLE IF EXISTS `craft_matrixblocks`;


--
-- Schema for table `craft_matrixblocks`
--
CREATE TABLE `craft_matrixblocks` (
  `id` int(11) NOT NULL,
  `ownerId` int(11) NOT NULL,
  `fieldId` int(11) NOT NULL,
  `typeId` int(11) DEFAULT NULL,
  `sortOrder` smallint(6) unsigned DEFAULT NULL,
  `ownerLocale` char(12) COLLATE utf8_unicode_ci DEFAULT NULL,
  `dateCreated` datetime NOT NULL,
  `dateUpdated` datetime NOT NULL,
  `uid` char(36) COLLATE utf8_unicode_ci NOT NULL DEFAULT '0',
  PRIMARY KEY (`id`),
  KEY `craft_matrixblocks_ownerId_idx` (`ownerId`),
  KEY `craft_matrixblocks_fieldId_idx` (`fieldId`),
  KEY `craft_matrixblocks_typeId_idx` (`typeId`),
  KEY `craft_matrixblocks_sortOrder_idx` (`sortOrder`),
  KEY `craft_matrixblocks_ownerLocale_fk` (`ownerLocale`)
) ENGINE=InnoDB DEFAULT CHARSET=utf8 COLLATE=utf8_unicode_ci;

--
-- Data for table `craft_matrixblocks`
--

INSERT INTO `craft_matrixblocks` (`id`, `ownerId`, `fieldId`, `typeId`, `sortOrder`, `ownerLocale`, `dateCreated`, `dateUpdated`, `uid`) VALUES
 ('43', '9', '51', '7', '1', NULL, '2017-05-04 14:25:04', '2017-10-23 18:30:49', '49e3742c-90cc-450c-8987-cf5ca6805a6a'),
 ('44', '9', '51', '7', '2', NULL, '2017-05-04 14:25:04', '2017-10-23 18:30:49', '1c6449c7-9b5b-4fc1-87a8-8d29e85f173d'),
 ('161', '35', '67', '10', '1', NULL, '2017-09-04 16:49:37', '2017-11-03 18:01:50', 'afef8048-37a5-4589-bfb3-92202f079d9e'),
 ('162', '35', '67', '10', '2', NULL, '2017-09-04 16:49:37', '2017-11-03 18:01:50', '371800a3-ddc8-48c4-92b0-77fa603d22d0'),
 ('163', '35', '67', '10', '3', NULL, '2017-09-04 16:49:37', '2017-11-03 18:01:51', 'edde435e-ef42-4114-b9dd-8261b4ce2951'),
 ('178', '8', '76', '11', '1', NULL, '2017-09-18 19:41:11', '2017-11-02 21:40:17', 'f53c4a56-301b-4a8d-9348-bcf4ba3bb4a2'),
 ('179', '8', '76', '11', '2', NULL, '2017-09-18 19:41:11', '2017-11-02 21:40:17', 'a4ed479e-24c1-4346-b8c5-4c3833866863'),
 ('180', '8', '76', '11', '3', NULL, '2017-09-18 19:41:11', '2017-11-02 21:40:17', 'a781dab8-57c0-4b53-b63e-8d481807b2e7'),
 ('181', '8', '76', '11', '4', NULL, '2017-09-18 19:41:11', '2017-11-02 21:40:17', '3f78bfc2-d472-44e0-b703-7cce10534b51'),
 ('182', '8', '76', '11', '5', NULL, '2017-09-18 19:41:11', '2017-11-02 21:40:17', '5ba34c15-a5be-461a-a716-c63300aa5d1a'),
 ('183', '8', '76', '11', '6', NULL, '2017-09-18 19:41:11', '2017-11-02 21:40:17', '41605f35-abe8-45b1-95f2-b793d9ed16dc'),
 ('184', '8', '76', '11', '7', NULL, '2017-09-18 19:41:11', '2017-11-02 21:40:17', '1780d7a5-499c-44d9-92b8-294c5f2d13c1'),
 ('185', '8', '76', '11', '8', NULL, '2017-09-18 19:41:11', '2017-11-02 21:40:17', '4a765bb5-0939-4d9e-80c2-1577e8f8409b'),
 ('186', '8', '76', '11', '9', NULL, '2017-09-18 19:41:11', '2017-11-02 21:40:17', 'e0842b31-ff50-4144-a0e3-f812bd0c1502'),
 ('190', '71', '35', '6', '1', NULL, '2017-10-16 20:27:39', '2017-10-25 21:10:47', 'ed962e8f-4e96-4b55-8a14-9296a8c6e955'),
 ('191', '71', '35', '6', '2', NULL, '2017-10-16 20:27:39', '2017-10-25 21:10:47', 'e085e659-2f8c-45a9-b3b8-ce9cc10d03de'),
 ('192', '71', '35', '6', '3', NULL, '2017-10-16 20:27:39', '2017-10-25 21:10:47', '6b38a462-45ec-43b3-88ae-0391c9827dfe'),
 ('193', '71', '35', '6', '4', NULL, '2017-10-16 20:27:39', '2017-10-25 21:10:47', 'b65fe546-7aba-4727-9a1f-eac260e42d53'),
 ('202', '117', '76', '11', '1', NULL, '2017-11-02 22:41:27', '2017-11-02 22:41:27', '3c523d18-2fbe-42b7-a2cb-48344ef34f95'),
 ('203', '117', '76', '11', '2', NULL, '2017-11-02 22:41:27', '2017-11-02 22:41:27', '94ee6ef4-1f54-4829-9eb3-49bfa48823ea'),
 ('204', '35', '83', '12', '1', NULL, '2017-11-03 18:01:51', '2017-11-03 18:01:51', 'eee99894-eef2-4159-8e6f-6b4a480a711e'),
 ('205', '35', '83', '12', '2', NULL, '2017-11-03 18:01:51', '2017-11-03 18:01:51', '79803f49-cab5-4dc2-80bf-d51e0b465d0f'),
 ('206', '35', '83', '12', '3', NULL, '2017-11-03 18:01:51', '2017-11-03 18:01:51', '61c26dd9-7c44-45cb-86a2-b39fb11eec70');



DROP TABLE IF EXISTS `craft_matrixblocktypes`;


--
-- Schema for table `craft_matrixblocktypes`
--
CREATE TABLE `craft_matrixblocktypes` (
  `id` int(11) NOT NULL AUTO_INCREMENT,
  `fieldId` int(11) NOT NULL,
  `fieldLayoutId` int(11) DEFAULT NULL,
  `name` varchar(255) COLLATE utf8_unicode_ci NOT NULL,
  `handle` varchar(255) COLLATE utf8_unicode_ci NOT NULL,
  `sortOrder` smallint(6) unsigned DEFAULT NULL,
  `dateCreated` datetime NOT NULL,
  `dateUpdated` datetime NOT NULL,
  `uid` char(36) COLLATE utf8_unicode_ci NOT NULL DEFAULT '0',
  PRIMARY KEY (`id`),
  UNIQUE KEY `craft_matrixblocktypes_name_fieldId_unq_idx` (`name`,`fieldId`),
  UNIQUE KEY `craft_matrixblocktypes_handle_fieldId_unq_idx` (`handle`,`fieldId`),
  KEY `craft_matrixblocktypes_fieldId_fk` (`fieldId`),
  KEY `craft_matrixblocktypes_fieldLayoutId_fk` (`fieldLayoutId`)
) ENGINE=InnoDB AUTO_INCREMENT=13 DEFAULT CHARSET=utf8 COLLATE=utf8_unicode_ci;

--
-- Data for table `craft_matrixblocktypes`
--

INSERT INTO `craft_matrixblocktypes` (`id`, `fieldId`, `fieldLayoutId`, `name`, `handle`, `sortOrder`, `dateCreated`, `dateUpdated`, `uid`) VALUES
 ('6', '35', '66', 'Program Overview', 'programOverview', '1', '2017-05-02 15:30:02', '2017-05-02 15:33:10', 'b01c7f53-a073-438f-bd07-9555df6e01cd'),
 ('7', '51', '74', 'criteria', 'criteria', '1', '2017-05-04 14:21:31', '2017-05-04 14:49:34', 'bffcfea2-28c6-4431-aef8-db5ec0398066'),
 ('8', '58', '143', 'Social Network', 'socialNetwork', '1', '2017-06-19 15:17:11', '2017-11-03 17:57:54', '4d54bbce-8366-4d40-8665-e58ca1205792'),
 ('10', '67', '115', 'forms', 'forms', '1', '2017-08-28 19:19:57', '2017-09-06 22:58:24', 'ee781778-18f8-45fd-8170-82739a1b9794'),
 ('11', '76', '127', 'Social Media Block', 'socialMediaBlock', '1', '2017-09-18 19:13:10', '2017-09-18 19:40:12', '0cb3d183-2782-41d3-b6f5-ee378bdd45ea'),
 ('12', '83', '141', 'external Link', 'externalLink', '1', '2017-11-03 17:48:24', '2017-11-03 17:48:25', '7d1691dc-b1d7-4c8e-81b5-d4ac3950be4e');



DROP TABLE IF EXISTS `craft_matrixcontent_admissionsmatrix`;


--
-- Schema for table `craft_matrixcontent_admissionsmatrix`
--
CREATE TABLE `craft_matrixcontent_admissionsmatrix` (
  `id` int(11) NOT NULL AUTO_INCREMENT,
  `elementId` int(11) NOT NULL,
  `locale` char(12) COLLATE utf8_unicode_ci NOT NULL,
  `field_criteria_courseTitle` text COLLATE utf8_unicode_ci,
  `field_criteria_description` text COLLATE utf8_unicode_ci,
  `field_criteria_matrixLightswitch` tinyint(1) unsigned NOT NULL DEFAULT '0',
  `dateCreated` datetime NOT NULL,
  `dateUpdated` datetime NOT NULL,
  `uid` char(36) COLLATE utf8_unicode_ci NOT NULL DEFAULT '0',
  PRIMARY KEY (`id`),
  UNIQUE KEY `craft_matrixcontent_admissionsmatrix_elementId_locale_unq_idx` (`elementId`,`locale`),
  KEY `craft_matrixcontent_admissionsmatrix_locale_fk` (`locale`)
) ENGINE=InnoDB AUTO_INCREMENT=3 DEFAULT CHARSET=utf8 COLLATE=utf8_unicode_ci;

--
-- Data for table `craft_matrixcontent_admissionsmatrix`
--

INSERT INTO `craft_matrixcontent_admissionsmatrix` (`id`, `elementId`, `locale`, `field_criteria_courseTitle`, `field_criteria_description`, `field_criteria_matrixLightswitch`, `dateCreated`, `dateUpdated`, `uid`) VALUES
 ('1', '43', 'en_us', 'Specific 1', '<p>Lorem ipsum dolor sit amet, consectetuer adipiscing elit. Aenean commodo ligula eget dolor. Aenean massa. Cum sociis natoque penatibus et magnis dis parturient montes, nascetur ridiculus mus.	</p>', '1', '2017-05-04 14:25:04', '2017-10-23 18:30:49', '0e33c4a4-91c9-400f-b480-8ce2ec744a27'),
 ('2', '44', 'en_us', 'Specific 2', '<p>Lorem ipsum dolor sit amet, consectetuer adipiscing elit. Aenean commodo ligula eget dolor. Aenean massa. Cum sociis natoque penatibus et magnis dis parturient montes, nascetur ridiculus mus.</p>', '1', '2017-05-04 14:25:04', '2017-10-23 18:30:49', 'e231a5f4-53fb-47d0-ab0f-6fd1b5eafbc4');



DROP TABLE IF EXISTS `craft_matrixcontent_careerexplorationresources`;


--
-- Schema for table `craft_matrixcontent_careerexplorationresources`
--
CREATE TABLE `craft_matrixcontent_careerexplorationresources` (
  `id` int(11) NOT NULL AUTO_INCREMENT,
  `elementId` int(11) NOT NULL,
  `locale` char(12) COLLATE utf8_unicode_ci NOT NULL,
  `field_externalLink_externalTitle` text COLLATE utf8_unicode_ci,
  `field_externalLink_externalUrl` text COLLATE utf8_unicode_ci,
  `dateCreated` datetime NOT NULL,
  `dateUpdated` datetime NOT NULL,
  `uid` char(36) COLLATE utf8_unicode_ci NOT NULL DEFAULT '0',
  PRIMARY KEY (`id`),
  UNIQUE KEY `craf_matrixconten_careerexplorationresour_elementI_local_unq_idx` (`elementId`,`locale`),
  KEY `craft_matrixcontent_careerexplorationresources_locale_fk` (`locale`)
) ENGINE=InnoDB AUTO_INCREMENT=4 DEFAULT CHARSET=utf8 COLLATE=utf8_unicode_ci;

--
-- Data for table `craft_matrixcontent_careerexplorationresources`
--

INSERT INTO `craft_matrixcontent_careerexplorationresources` (`id`, `elementId`, `locale`, `field_externalLink_externalTitle`, `field_externalLink_externalUrl`, `dateCreated`, `dateUpdated`, `uid`) VALUES
 ('1', '204', 'en_us', 'dsfdsfsd', 'dfsdfs', '2017-11-03 18:01:51', '2017-11-03 18:01:51', 'bd4334d7-638c-4550-b978-4dab4f844881'),
 ('2', '205', 'en_us', 'fdsfdsf', 'dfsdfs', '2017-11-03 18:01:51', '2017-11-03 18:01:51', '118d912c-2ab1-46f8-aa73-737dbfd3ea1a'),
 ('3', '206', 'en_us', 'fdsfdsfs', 'dsfsdfs', '2017-11-03 18:01:51', '2017-11-03 18:01:51', '703ac4f9-29cf-4413-bf30-26aa61f23fb2');



DROP TABLE IF EXISTS `craft_matrixcontent_footermatrix`;


--
-- Schema for table `craft_matrixcontent_footermatrix`
--
CREATE TABLE `craft_matrixcontent_footermatrix` (
  `id` int(11) NOT NULL AUTO_INCREMENT,
  `elementId` int(11) NOT NULL,
  `locale` char(12) COLLATE utf8_unicode_ci NOT NULL,
  `field_socialNetwork_socialNetworkName` text COLLATE utf8_unicode_ci,
  `field_socialNetwork_socialNetworkUrl` text COLLATE utf8_unicode_ci,
  `dateCreated` datetime NOT NULL,
  `dateUpdated` datetime NOT NULL,
  `uid` char(36) COLLATE utf8_unicode_ci NOT NULL DEFAULT '0',
  PRIMARY KEY (`id`),
  UNIQUE KEY `craft_matrixcontent_footermatrix_elementId_locale_unq_idx` (`elementId`,`locale`),
  KEY `craft_matrixcontent_footermatrix_locale_fk` (`locale`)
) ENGINE=InnoDB DEFAULT CHARSET=utf8 COLLATE=utf8_unicode_ci;

DROP TABLE IF EXISTS `craft_matrixcontent_programsmatrix`;


--
-- Schema for table `craft_matrixcontent_programsmatrix`
--
CREATE TABLE `craft_matrixcontent_programsmatrix` (
  `id` int(11) NOT NULL AUTO_INCREMENT,
  `elementId` int(11) NOT NULL,
  `locale` char(12) COLLATE utf8_unicode_ci NOT NULL,
  `field_programOverview_heading` text COLLATE utf8_unicode_ci,
  `field_programOverview_text` text COLLATE utf8_unicode_ci,
  `dateCreated` datetime NOT NULL,
  `dateUpdated` datetime NOT NULL,
  `uid` char(36) COLLATE utf8_unicode_ci NOT NULL DEFAULT '0',
  PRIMARY KEY (`id`),
  UNIQUE KEY `craft_matrixcontent_programsmatrix_elementId_locale_unq_idx` (`elementId`,`locale`),
  KEY `craft_matrixcontent_programsmatrix_locale_fk` (`locale`)
) ENGINE=InnoDB AUTO_INCREMENT=5 DEFAULT CHARSET=utf8 COLLATE=utf8_unicode_ci;

--
-- Data for table `craft_matrixcontent_programsmatrix`
--

INSERT INTO `craft_matrixcontent_programsmatrix` (`id`, `elementId`, `locale`, `field_programOverview_heading`, `field_programOverview_text`, `dateCreated`, `dateUpdated`, `uid`) VALUES
 ('1', '190', 'en_us', 'dsadasdas', '[{\"col1\":\"sdadasd\"},{\"col1\":\"sadsaddsa\"}]', '2017-10-16 20:27:39', '2017-10-25 21:10:47', '326835e9-8cab-486e-a968-45a9f15f18ad'),
 ('2', '191', 'en_us', 'fgdfgdgd', '[{\"col1\":\"fgdgdfg\"},{\"col1\":\"gfdgdfgdf\"}]', '2017-10-16 20:27:39', '2017-10-25 21:10:47', '298c641a-bc10-4827-aa30-c078006be4a1'),
 ('3', '192', 'en_us', 'fdgdsdsf', '[{\"col1\":\"fgdg\"},{\"col1\":\"fgdfggd\"}]', '2017-10-16 20:27:39', '2017-10-25 21:10:47', 'bd03dad7-a10c-4271-9f09-6adff82addbd'),
 ('4', '193', 'en_us', '', '[{\"col1\":\"\"}]', '2017-10-16 20:27:39', '2017-10-25 21:10:47', '0d9ab68b-77df-4cc2-be18-3fe09d691790');



DROP TABLE IF EXISTS `craft_matrixcontent_singleforms`;


--
-- Schema for table `craft_matrixcontent_singleforms`
--
CREATE TABLE `craft_matrixcontent_singleforms` (
  `id` int(11) NOT NULL AUTO_INCREMENT,
  `elementId` int(11) NOT NULL,
  `locale` char(12) COLLATE utf8_unicode_ci NOT NULL,
  `field_forms_formsTitle` text COLLATE utf8_unicode_ci,
  `field_forms_previewText` text COLLATE utf8_unicode_ci,
  `dateCreated` datetime NOT NULL,
  `dateUpdated` datetime NOT NULL,
  `uid` char(36) COLLATE utf8_unicode_ci NOT NULL DEFAULT '0',
  PRIMARY KEY (`id`),
  UNIQUE KEY `craft_matrixcontent_singleforms_elementId_locale_unq_idx` (`elementId`,`locale`),
  KEY `craft_matrixcontent_singleforms_locale_fk` (`locale`)
) ENGINE=InnoDB AUTO_INCREMENT=4 DEFAULT CHARSET=utf8 COLLATE=utf8_unicode_ci;

--
-- Data for table `craft_matrixcontent_singleforms`
--

INSERT INTO `craft_matrixcontent_singleforms` (`id`, `elementId`, `locale`, `field_forms_formsTitle`, `field_forms_previewText`, `dateCreated`, `dateUpdated`, `uid`) VALUES
 ('1', '161', 'en_us', 'kjbblkbkjbzkjcb', 'knjsfdknskdfn', '2017-09-04 16:49:37', '2017-11-03 18:01:50', '0689fc9e-a635-46c4-84ab-0051dc7c599e'),
 ('2', '162', 'en_us', 'kdsnflnlsnkl', 'flsdkflsndfl', '2017-09-04 16:49:37', '2017-11-03 18:01:50', '6e10c5de-019f-41ca-8dd8-a5c5ecc89758'),
 ('3', '163', 'en_us', 'fdksjnfksnfksdnk', 'fndsfksdnfks', '2017-09-04 16:49:37', '2017-11-03 18:01:50', '67ba5f7b-661a-4a17-858f-ddcf281bd24c');



DROP TABLE IF EXISTS `craft_matrixcontent_socialmedia`;


--
-- Schema for table `craft_matrixcontent_socialmedia`
--
CREATE TABLE `craft_matrixcontent_socialmedia` (
  `id` int(11) NOT NULL AUTO_INCREMENT,
  `elementId` int(11) NOT NULL,
  `locale` char(12) COLLATE utf8_unicode_ci NOT NULL,
  `field_socialMediaBlock_socialName` varchar(255) COLLATE utf8_unicode_ci DEFAULT NULL,
  `field_socialMediaBlock_address` text COLLATE utf8_unicode_ci,
  `dateCreated` datetime NOT NULL,
  `dateUpdated` datetime NOT NULL,
  `uid` char(36) COLLATE utf8_unicode_ci NOT NULL DEFAULT '0',
  PRIMARY KEY (`id`),
  UNIQUE KEY `craft_matrixcontent_socialmedia_elementId_locale_unq_idx` (`elementId`,`locale`),
  KEY `craft_matrixcontent_socialmedia_locale_fk` (`locale`)
) ENGINE=InnoDB AUTO_INCREMENT=12 DEFAULT CHARSET=utf8 COLLATE=utf8_unicode_ci;

--
-- Data for table `craft_matrixcontent_socialmedia`
--

INSERT INTO `craft_matrixcontent_socialmedia` (`id`, `elementId`, `locale`, `field_socialMediaBlock_socialName`, `field_socialMediaBlock_address`, `dateCreated`, `dateUpdated`, `uid`) VALUES
 ('1', '178', 'en_us', 'facebook', 'fdsfsdfsdfsddfs', '2017-09-18 19:41:11', '2017-11-02 21:40:17', 'bee88429-46ba-4f02-86ff-96b202f79fd1'),
 ('2', '179', 'en_us', 'instagram', 'dsffdsfs', '2017-09-18 19:41:11', '2017-11-02 21:40:17', '5a90bcdd-815e-4603-bd23-ef2d158303de'),
 ('3', '180', 'en_us', 'twitter', 'dsfsdfsd', '2017-09-18 19:41:11', '2017-11-02 21:40:17', '22784d00-b85e-41ea-a106-6ce4e327d4b3'),
 ('4', '181', 'en_us', 'linkedin', 'dfsdfsd', '2017-09-18 19:41:11', '2017-11-02 21:40:17', '6a559b4c-43f1-4fb6-a8e8-4afa07f39650'),
 ('5', '182', 'en_us', 'flickr', 'dfssfds', '2017-09-18 19:41:11', '2017-11-02 21:40:17', '627262ca-7d83-4d97-bb92-f4580e845dec'),
 ('6', '183', 'en_us', 'youtube', 'fsdfsdfs', '2017-09-18 19:41:11', '2017-11-02 21:40:17', 'a0669361-de2a-4ffc-92e1-46d7cb0963ab'),
 ('7', '184', 'en_us', 'snapchat', 'fdssdfsdffsd', '2017-09-18 19:41:11', '2017-11-02 21:40:17', 'b8006ed0-a2f0-4000-98a8-8f42c16eafa4'),
 ('8', '185', 'en_us', 'tumblr', 'fsddfsfs', '2017-09-18 19:41:11', '2017-11-02 21:40:17', '335b6329-11e4-4167-8db2-295439c00ca4'),
 ('9', '186', 'en_us', 'other', 'dsfdsfsfd', '2017-09-18 19:41:11', '2017-11-02 21:40:17', '82dbde99-11cf-4f9f-b527-0f56d78cc0e0'),
 ('10', '202', 'en_us', 'facebook', 'sdffds', '2017-11-02 22:41:27', '2017-11-02 22:41:27', 'b5177f50-ea8e-460b-8691-586762c3a7f0'),
 ('11', '203', 'en_us', 'instagram', 'fsdfdsfdsfds', '2017-11-02 22:41:27', '2017-11-02 22:41:27', 'b01e803a-58f0-44bf-881d-359462ecaf24');



DROP TABLE IF EXISTS `craft_migrations`;


--
-- Schema for table `craft_migrations`
--
CREATE TABLE `craft_migrations` (
  `id` int(11) NOT NULL AUTO_INCREMENT,
  `pluginId` int(11) DEFAULT NULL,
  `version` varchar(255) COLLATE utf8_unicode_ci NOT NULL,
  `applyTime` datetime NOT NULL,
  `dateCreated` datetime NOT NULL,
  `dateUpdated` datetime NOT NULL,
  `uid` char(36) COLLATE utf8_unicode_ci NOT NULL DEFAULT '0',
  PRIMARY KEY (`id`),
  UNIQUE KEY `craft_migrations_version_unq_idx` (`version`),
  KEY `craft_migrations_pluginId_fk` (`pluginId`)
) ENGINE=InnoDB AUTO_INCREMENT=69 DEFAULT CHARSET=utf8 COLLATE=utf8_unicode_ci;

--
-- Data for table `craft_migrations`
--

INSERT INTO `craft_migrations` (`id`, `pluginId`, `version`, `applyTime`, `dateCreated`, `dateUpdated`, `uid`) VALUES
 ('1', NULL, 'm000000_000000_base', '2017-04-18 15:32:58', '2017-04-18 15:32:58', '2017-04-18 15:32:58', '95cb4797-0742-412a-958a-7098fdf597f7'),
 ('2', NULL, 'm140730_000001_add_filename_and_format_to_transformindex', '2017-04-18 15:32:58', '2017-04-18 15:32:58', '2017-04-18 15:32:58', '6345c06c-f077-44fa-8b92-db62401c7061'),
 ('3', NULL, 'm140815_000001_add_format_to_transforms', '2017-04-18 15:32:58', '2017-04-18 15:32:58', '2017-04-18 15:32:58', '540011fb-6cce-46f9-bf29-e77b979f2485'),
 ('4', NULL, 'm140822_000001_allow_more_than_128_items_per_field', '2017-04-18 15:32:58', '2017-04-18 15:32:58', '2017-04-18 15:32:58', 'b079ece5-5813-4246-b64f-0c161f989307'),
 ('5', NULL, 'm140829_000001_single_title_formats', '2017-04-18 15:32:58', '2017-04-18 15:32:58', '2017-04-18 15:32:58', 'd4aa80cc-bd46-4a93-bfae-c9b5e134a4dc'),
 ('6', NULL, 'm140831_000001_extended_cache_keys', '2017-04-18 15:32:58', '2017-04-18 15:32:58', '2017-04-18 15:32:58', 'a9e72194-c037-4aec-b4d4-b2f40895768c'),
 ('7', NULL, 'm140922_000001_delete_orphaned_matrix_blocks', '2017-04-18 15:32:58', '2017-04-18 15:32:58', '2017-04-18 15:32:58', '12308340-5069-425a-93b1-1546f6bdff9e'),
 ('8', NULL, 'm141008_000001_elements_index_tune', '2017-04-18 15:32:58', '2017-04-18 15:32:58', '2017-04-18 15:32:58', 'a04b7c6b-d162-47c3-834e-3fd7d6a44605'),
 ('9', NULL, 'm141009_000001_assets_source_handle', '2017-04-18 15:32:58', '2017-04-18 15:32:58', '2017-04-18 15:32:58', '4d6301df-a7db-42f6-80f4-f033e6fcf92d'),
 ('10', NULL, 'm141024_000001_field_layout_tabs', '2017-04-18 15:32:58', '2017-04-18 15:32:58', '2017-04-18 15:32:58', '993606df-7ab2-4137-bf51-d5c393635d87'),
 ('11', NULL, 'm141030_000000_plugin_schema_versions', '2017-04-18 15:32:58', '2017-04-18 15:32:58', '2017-04-18 15:32:58', '9aa0e7d2-658c-4d41-bd22-0f4bca5f5f4c'),
 ('12', NULL, 'm141030_000001_drop_structure_move_permission', '2017-04-18 15:32:58', '2017-04-18 15:32:58', '2017-04-18 15:32:58', '5356ade9-c69a-4107-9259-4ee21b41f2da'),
 ('13', NULL, 'm141103_000001_tag_titles', '2017-04-18 15:32:58', '2017-04-18 15:32:58', '2017-04-18 15:32:58', 'be3c0f5c-01ac-408c-a899-5aebc40a4ec3'),
 ('14', NULL, 'm141109_000001_user_status_shuffle', '2017-04-18 15:32:58', '2017-04-18 15:32:58', '2017-04-18 15:32:58', 'd09a9901-037c-40d6-85dc-77a6678f4986'),
 ('15', NULL, 'm141126_000001_user_week_start_day', '2017-04-18 15:32:58', '2017-04-18 15:32:58', '2017-04-18 15:32:58', '8df1a8ea-d364-429d-924d-acb9d9aea229'),
 ('16', NULL, 'm150210_000001_adjust_user_photo_size', '2017-04-18 15:32:58', '2017-04-18 15:32:58', '2017-04-18 15:32:58', 'b5022374-20be-4e9a-978f-b458c072ee4e'),
 ('17', NULL, 'm150724_000001_adjust_quality_settings', '2017-04-18 15:32:58', '2017-04-18 15:32:58', '2017-04-18 15:32:58', '838dce59-07e0-452c-9500-29e8d4862807'),
 ('18', NULL, 'm150827_000000_element_index_settings', '2017-04-18 15:32:58', '2017-04-18 15:32:58', '2017-04-18 15:32:58', '2d2a7a55-0b50-40f2-97a9-6b591f94ef42'),
 ('19', NULL, 'm150918_000001_add_colspan_to_widgets', '2017-04-18 15:32:58', '2017-04-18 15:32:58', '2017-04-18 15:32:58', '442ee2a3-0f43-44d7-bdec-2a2305c7bd1c'),
 ('20', NULL, 'm151007_000000_clear_asset_caches', '2017-04-18 15:32:58', '2017-04-18 15:32:58', '2017-04-18 15:32:58', 'c2e44ccc-5089-4c6c-a742-f20a3c96dd06'),
 ('21', NULL, 'm151109_000000_text_url_formats', '2017-04-18 15:32:58', '2017-04-18 15:32:58', '2017-04-18 15:32:58', 'c53d76b5-b859-474c-83dc-db2680cf553a'),
 ('22', NULL, 'm151110_000000_move_logo', '2017-04-18 15:32:58', '2017-04-18 15:32:58', '2017-04-18 15:32:58', '9b0c9a89-9757-4229-ba63-c857ccbae673'),
 ('23', NULL, 'm151117_000000_adjust_image_widthheight', '2017-04-18 15:32:58', '2017-04-18 15:32:58', '2017-04-18 15:32:58', '67cbafff-e4b3-4323-a168-3e782f086d8a'),
 ('24', NULL, 'm151127_000000_clear_license_key_status', '2017-04-18 15:32:58', '2017-04-18 15:32:58', '2017-04-18 15:32:58', '1a62373a-e85b-4ba6-a1d2-3ef668d7e1c1'),
 ('25', NULL, 'm151127_000000_plugin_license_keys', '2017-04-18 15:32:58', '2017-04-18 15:32:58', '2017-04-18 15:32:58', 'f5ae0676-a032-47ae-99fb-0c6498374a9b'),
 ('26', NULL, 'm151130_000000_update_pt_widget_feeds', '2017-04-18 15:32:58', '2017-04-18 15:32:58', '2017-04-18 15:32:58', '8ad99ad9-d4f5-47db-b341-bfd1f32ae314'),
 ('27', NULL, 'm160114_000000_asset_sources_public_url_default_true', '2017-04-18 15:32:58', '2017-04-18 15:32:58', '2017-04-18 15:32:58', 'a6138ae2-8763-4720-a543-5596c85605bb'),
 ('28', NULL, 'm160223_000000_sortorder_to_smallint', '2017-04-18 15:32:58', '2017-04-18 15:32:58', '2017-04-18 15:32:58', 'eefca93c-0e91-4bb9-8688-7ccd5282dccd'),
 ('29', NULL, 'm160229_000000_set_default_entry_statuses', '2017-04-18 15:32:58', '2017-04-18 15:32:58', '2017-04-18 15:32:58', '2ceed3cc-e3a6-4a59-b04a-18fe0320e48e'),
 ('30', NULL, 'm160304_000000_client_permissions', '2017-04-18 15:32:58', '2017-04-18 15:32:58', '2017-04-18 15:32:58', 'e5020bf9-da34-4007-a62c-47a4ba56a175'),
 ('31', NULL, 'm160322_000000_asset_filesize', '2017-04-18 15:32:58', '2017-04-18 15:32:58', '2017-04-18 15:32:58', '1215a0d5-db86-45e1-a5b5-4904eeecc674'),
 ('32', NULL, 'm160503_000000_orphaned_fieldlayouts', '2017-04-18 15:32:58', '2017-04-18 15:32:58', '2017-04-18 15:32:58', '8df9d11f-2d41-4264-ad96-a8c95ebafe52'),
 ('33', NULL, 'm160510_000000_tasksettings', '2017-04-18 15:32:58', '2017-04-18 15:32:58', '2017-04-18 15:32:58', 'e9ac496b-ffd2-4848-8588-f5794f381192'),
 ('34', NULL, 'm160829_000000_pending_user_content_cleanup', '2017-04-18 15:32:58', '2017-04-18 15:32:58', '2017-04-18 15:32:58', 'b8548f95-b3d3-4aaa-9c4a-a93cbc2210a7'),
 ('35', NULL, 'm160830_000000_asset_index_uri_increase', '2017-04-18 15:32:58', '2017-04-18 15:32:58', '2017-04-18 15:32:58', '8e59b663-a27a-4086-b781-f0268e2b7ef3'),
 ('36', NULL, 'm160919_000000_usergroup_handle_title_unique', '2017-04-18 15:32:58', '2017-04-18 15:32:58', '2017-04-18 15:32:58', '04e3f917-108b-4ff2-aeab-c823ba0fdbc9'),
 ('37', NULL, 'm161108_000000_new_version_format', '2017-04-18 15:32:58', '2017-04-18 15:32:58', '2017-04-18 15:32:58', 'd3200c8c-0bdc-44cf-95c0-63f727ba7025'),
 ('38', NULL, 'm161109_000000_index_shuffle', '2017-04-18 15:32:58', '2017-04-18 15:32:58', '2017-04-18 15:32:58', 'dfdd4e35-c87d-490c-a224-7975a115500b'),
 ('39', '1', 'm151225_000000_seomatic_addHumansField', '2017-04-25 14:13:28', '2017-04-25 14:13:28', '2017-04-25 14:13:28', 'b7a79965-3e40-4cc7-b941-91d0dba0c26e'),
 ('40', '1', 'm151226_000000_seomatic_addTwitterFacebookFields', '2017-04-25 14:13:28', '2017-04-25 14:13:28', '2017-04-25 14:13:28', '49f6878c-e41d-402e-b548-ee617b9b8228'),
 ('41', '1', 'm160101_000000_seomatic_addRobotsFields', '2017-04-25 14:13:28', '2017-04-25 14:13:28', '2017-04-25 14:13:28', '20130019-7578-464c-acf7-2784ff0bdef6'),
 ('42', '1', 'm160111_000000_seomatic_addTitleFields', '2017-04-25 14:13:28', '2017-04-25 14:13:28', '2017-04-25 14:13:28', '32de52c8-32dd-4a3a-920f-d05474281e96'),
 ('43', '1', 'm160122_000000_seomatic_addTypeFields', '2017-04-25 14:13:28', '2017-04-25 14:13:28', '2017-04-25 14:13:28', 'a83db13c-ef8e-4bbc-8e71-3c54b71b0bdb'),
 ('44', '1', 'm160123_000000_seomatic_addOpeningHours', '2017-04-25 14:13:28', '2017-04-25 14:13:28', '2017-04-25 14:13:28', '7c8b3c35-7e47-49b4-915f-746a14c39214'),
 ('45', '1', 'm160202_000000_seomatic_addSocialHandles', '2017-04-25 14:13:28', '2017-04-25 14:13:28', '2017-04-25 14:13:28', '867f7baa-2016-4fde-af64-81dd9e9561fa'),
 ('46', '1', 'm160204_000000_seomatic_addGoogleAnalytics', '2017-04-25 14:13:28', '2017-04-25 14:13:28', '2017-04-25 14:13:28', '35245808-0090-440a-a1b0-2c90750a7e9e'),
 ('47', '1', 'm160205_000000_seomatic_addResturantMenu', '2017-04-25 14:13:28', '2017-04-25 14:13:28', '2017-04-25 14:13:28', '5de9c01a-2be4-478d-b2be-7dcb6edd6de1'),
 ('48', '1', 'm160206_000000_seomatic_addGoogleAnalyticsPlugins', '2017-04-25 14:13:28', '2017-04-25 14:13:28', '2017-04-25 14:13:28', '8b14b7f4-ae85-409c-8b14-b2752b0745ed'),
 ('49', '1', 'm160206_000000_seomatic_addGoogleAnalyticsSendPageView', '2017-04-25 14:13:28', '2017-04-25 14:13:28', '2017-04-25 14:13:28', '87952335-4bc8-4471-bd18-956368cb80f5'),
 ('50', '1', 'm160209_000000_seomatic_alterDescriptionsColumns', '2017-04-25 14:13:28', '2017-04-25 14:13:28', '2017-04-25 14:13:28', 'e9f93611-73f1-4059-b83d-0ac897e97456'),
 ('51', '1', 'm160209_000001_seomatic_addRobotsTxt', '2017-04-25 14:13:28', '2017-04-25 14:13:28', '2017-04-25 14:13:28', '008d92c0-bef2-458c-9aea-5d58a4cb242a'),
 ('52', '1', 'm160227_000000_seomatic_addFacebookAppId', '2017-04-25 14:13:28', '2017-04-25 14:13:28', '2017-04-25 14:13:28', '47a60030-88b5-4cf3-956c-ee09a763b987'),
 ('53', '1', 'm160416_000000_seomatic_addContactPoints', '2017-04-25 14:13:28', '2017-04-25 14:13:28', '2017-04-25 14:13:28', '1c616bc1-aceb-4063-b1e1-07df9d519def'),
 ('54', '1', 'm160509_000000_seomatic_addSiteLinksBing', '2017-04-25 14:13:28', '2017-04-25 14:13:28', '2017-04-25 14:13:28', 'd73f2025-3d1a-4d32-a451-45622b884a73'),
 ('55', '1', 'm160707_000000_seomatic_addGoogleTagManager', '2017-04-25 14:13:28', '2017-04-25 14:13:28', '2017-04-25 14:13:28', '54bc7e1c-e2f0-4c17-9e27-294ad1998537'),
 ('56', '1', 'm160715_000000_seomatic_addSeoImageTransforms', '2017-04-25 14:13:28', '2017-04-25 14:13:28', '2017-04-25 14:13:28', '2b9a2772-18d7-4aa9-b082-94d12990e879'),
 ('57', '1', 'm160723_000000_seomatic_addSeoMainEntityOfPage', '2017-04-25 14:13:28', '2017-04-25 14:13:28', '2017-04-25 14:13:28', 'bbcafb83-9727-4215-9d5a-8647cd869ff7'),
 ('58', '1', 'm160724_000000_seomatic_addSeoMainEntityCategory', '2017-04-25 14:13:28', '2017-04-25 14:13:28', '2017-04-25 14:13:28', 'a654bd19-d3ab-4be7-942c-3a91bb7b8d1d'),
 ('59', '1', 'm160811_000000_seomatic_addVimeo', '2017-04-25 14:13:28', '2017-04-25 14:13:28', '2017-04-25 14:13:28', '18976d4b-92fd-47bb-8a53-70e9d356d7ef'),
 ('60', '1', 'm160904_000000_seomatic_addTwitterFacebookImages', '2017-04-25 14:13:28', '2017-04-25 14:13:28', '2017-04-25 14:13:28', 'f7e3027d-e464-459c-9a2f-0c648e71dba1'),
 ('61', '1', 'm161220_000000_seomatic_addPriceRange', '2017-04-25 14:13:28', '2017-04-25 14:13:28', '2017-04-25 14:13:28', 'e5660fc0-dd4b-4e51-892b-1f3296a3f773'),
 ('62', '2', 'm150212_145000_AmNav_renamePagesToNodes', '2017-04-25 14:18:26', '2017-04-25 14:18:26', '2017-04-25 14:18:26', 'aeb91128-d4a1-452c-8ecd-3cdba7123b24'),
 ('63', '2', 'm150217_112800_AmNav_expandPageData', '2017-04-25 14:18:26', '2017-04-25 14:18:26', '2017-04-25 14:18:26', '7754eec5-81f9-412d-8f0a-d6a2f67d8d77'),
 ('64', '2', 'm150403_093000_AmNav_nodesWithElements', '2017-04-25 14:18:26', '2017-04-25 14:18:26', '2017-04-25 14:18:26', '75f9e55e-c736-4155-b463-1cfa657608f4'),
 ('65', '2', 'm150512_105600_AmNav_addOptionalClass', '2017-04-25 14:18:26', '2017-04-25 14:18:26', '2017-04-25 14:18:26', '76e87591-9f36-4f3b-ac44-a3cb5fa5b43a'),
 ('66', '1', 'm170212_000000_seomatic_addGoogleAnalyticsAnonymizeIp', '2017-06-19 14:56:19', '2017-06-19 14:56:19', '2017-06-19 14:56:19', '4f331dc7-ef75-4ed3-b769-838a34f0cac6'),
 ('67', '1', 'm170212_000000_seomatic_addWikipedia', '2017-06-19 14:56:19', '2017-06-19 14:56:19', '2017-06-19 14:56:19', '25baddb4-dd44-4dad-bb4e-557acae20df4'),
 ('68', NULL, 'm170612_000000_route_index_shuffle', '2017-08-07 14:23:02', '2017-08-07 14:23:02', '2017-08-07 14:23:02', '2e6548b8-4635-4047-9f08-fe916f024b2a');



DROP TABLE IF EXISTS `craft_plugins`;


--
-- Schema for table `craft_plugins`
--
CREATE TABLE `craft_plugins` (
  `id` int(11) NOT NULL AUTO_INCREMENT,
  `class` varchar(150) COLLATE utf8_unicode_ci NOT NULL,
  `version` varchar(15) COLLATE utf8_unicode_ci NOT NULL,
  `schemaVersion` varchar(15) COLLATE utf8_unicode_ci DEFAULT NULL,
  `licenseKey` char(24) COLLATE utf8_unicode_ci DEFAULT NULL,
  `licenseKeyStatus` enum('valid','invalid','mismatched','unknown') COLLATE utf8_unicode_ci NOT NULL DEFAULT 'unknown',
  `enabled` tinyint(1) unsigned NOT NULL DEFAULT '0',
  `settings` text COLLATE utf8_unicode_ci,
  `installDate` datetime NOT NULL,
  `dateCreated` datetime NOT NULL,
  `dateUpdated` datetime NOT NULL,
  `uid` char(36) COLLATE utf8_unicode_ci NOT NULL DEFAULT '0',
  PRIMARY KEY (`id`)
) ENGINE=InnoDB AUTO_INCREMENT=7 DEFAULT CHARSET=utf8 COLLATE=utf8_unicode_ci;

--
-- Data for table `craft_plugins`
--

INSERT INTO `craft_plugins` (`id`, `class`, `version`, `schemaVersion`, `licenseKey`, `licenseKeyStatus`, `enabled`, `settings`, `installDate`, `dateCreated`, `dateUpdated`, `uid`) VALUES
 ('1', 'Seomatic', '1.1.56', '1.1.25', NULL, 'unknown', '1', NULL, '2017-04-25 14:13:28', '2017-04-25 14:13:28', '2017-11-16 21:34:57', '330fdbb9-4e61-4b62-9c21-4ca1974e07b9'),
 ('2', 'AmNav', '1.8.0', '1.7.4', NULL, 'unknown', '1', '{\"pluginName\":\"Navigation\",\"canDoActions\":\"1\",\"quietErrors\":\"\"}', '2017-04-25 14:18:26', '2017-04-25 14:18:26', '2017-11-10 19:06:55', 'c85e3f1b-8cc3-4a26-96a4-d686df2e887e'),
 ('3', 'Adminbar', '2.1.2', '2.0.0', NULL, 'unknown', '1', NULL, '2017-08-10 03:10:34', '2017-08-10 03:10:34', '2017-11-10 19:06:55', '5f247c3e-3a92-401f-a545-1336a084f308'),
 ('4', 'CpFieldLinks', '1.2.2', '1.0', NULL, 'unknown', '1', NULL, '2017-08-10 03:10:38', '2017-08-10 03:10:38', '2017-11-10 19:06:55', '79fddba6-8a89-4ac7-b92f-368f4a9f8dd2'),
 ('5', 'VideoEmbedUtility', '1.0.0', NULL, NULL, 'unknown', '1', NULL, '2017-09-11 23:14:34', '2017-09-11 23:14:34', '2017-11-10 19:06:55', 'ba652a4f-4209-4921-a586-42264a7a409b'),
 ('6', 'VideoEmbed', '1.1', NULL, NULL, 'unknown', '1', NULL, '2017-09-11 23:19:08', '2017-09-11 23:19:08', '2017-11-10 19:06:55', 'd2f46cca-0804-4471-aa2c-7a9059460192');



DROP TABLE IF EXISTS `craft_rackspaceaccess`;


--
-- Schema for table `craft_rackspaceaccess`
--
CREATE TABLE `craft_rackspaceaccess` (
  `id` int(11) NOT NULL AUTO_INCREMENT,
  `connectionKey` varchar(255) COLLATE utf8_unicode_ci NOT NULL,
  `token` varchar(255) COLLATE utf8_unicode_ci NOT NULL,
  `storageUrl` varchar(255) COLLATE utf8_unicode_ci NOT NULL,
  `cdnUrl` varchar(255) COLLATE utf8_unicode_ci NOT NULL,
  `dateCreated` datetime NOT NULL,
  `dateUpdated` datetime NOT NULL,
  `uid` char(36) COLLATE utf8_unicode_ci NOT NULL DEFAULT '0',
  PRIMARY KEY (`id`),
  UNIQUE KEY `craft_rackspaceaccess_connectionKey_unq_idx` (`connectionKey`)
) ENGINE=InnoDB DEFAULT CHARSET=utf8 COLLATE=utf8_unicode_ci;

DROP TABLE IF EXISTS `craft_relations`;


--
-- Schema for table `craft_relations`
--
CREATE TABLE `craft_relations` (
  `id` int(11) NOT NULL AUTO_INCREMENT,
  `fieldId` int(11) NOT NULL,
  `sourceId` int(11) NOT NULL,
  `sourceLocale` char(12) COLLATE utf8_unicode_ci DEFAULT NULL,
  `targetId` int(11) NOT NULL,
  `sortOrder` smallint(6) DEFAULT NULL,
  `dateCreated` datetime NOT NULL,
  `dateUpdated` datetime NOT NULL,
  `uid` char(36) COLLATE utf8_unicode_ci NOT NULL DEFAULT '0',
  PRIMARY KEY (`id`),
  UNIQUE KEY `craft_relations_fieldId_sourceId_sourceLocale_targetId_unq_idx` (`fieldId`,`sourceId`,`sourceLocale`,`targetId`),
  KEY `craft_relations_sourceId_fk` (`sourceId`),
  KEY `craft_relations_sourceLocale_fk` (`sourceLocale`),
  KEY `craft_relations_targetId_fk` (`targetId`)
) ENGINE=InnoDB AUTO_INCREMENT=468 DEFAULT CHARSET=utf8 COLLATE=utf8_unicode_ci;

--
-- Data for table `craft_relations`
--

INSERT INTO `craft_relations` (`id`, `fieldId`, `sourceId`, `sourceLocale`, `targetId`, `sortOrder`, `dateCreated`, `dateUpdated`, `uid`) VALUES
 ('136', '37', '92', NULL, '9', '1', '2017-06-19 15:33:39', '2017-06-19 15:33:39', '80df1aa2-18ef-471b-aa96-14dd4655523a'),
 ('180', '56', '111', NULL, '50', '1', '2017-07-05 16:39:03', '2017-07-05 16:39:03', '5139624d-e540-430f-ba32-f2ebc966719b'),
 ('186', '56', '115', NULL, '50', '1', '2017-07-05 16:42:27', '2017-07-05 16:42:27', '06d8c209-b9fc-417a-a305-b25e40edfd74'),
 ('193', '15', '51', NULL, '94', '1', '2017-07-05 16:44:27', '2017-07-05 16:44:27', 'f04094aa-8850-40a9-b6df-a8bc9f7ff953'),
 ('194', '56', '51', NULL, '50', '1', '2017-07-05 16:44:27', '2017-07-05 16:44:27', '3bec24fb-b427-4160-9e44-807f35b265ce'),
 ('195', '19', '87', NULL, '103', '1', '2017-07-05 16:45:19', '2017-07-05 16:45:19', '2e4ab571-7bda-405c-a8c0-5983f669ab53'),
 ('196', '21', '87', NULL, '71', '1', '2017-07-05 16:45:19', '2017-07-05 16:45:19', 'a34b6e26-0412-496d-a4fa-0a6b040dfb34'),
 ('197', '19', '88', NULL, '105', '1', '2017-07-05 16:45:40', '2017-07-05 16:45:40', 'e76d8134-fdbb-4135-a6ca-ccfdf43aee7b'),
 ('198', '21', '88', NULL, '71', '1', '2017-07-05 16:45:40', '2017-07-05 16:45:40', 'a637fa15-b5ee-493d-b957-d984fce6aea7'),
 ('199', '19', '86', NULL, '115', '1', '2017-07-05 16:47:46', '2017-07-05 16:47:46', 'bf35b45d-6a21-490e-948e-d7e3a5dbe143'),
 ('200', '19', '86', NULL, '116', '2', '2017-07-05 16:47:46', '2017-07-05 16:47:46', '27c7b9d4-09a0-41af-8029-0a1e1a405555'),
 ('201', '21', '86', NULL, '70', '1', '2017-07-05 16:47:46', '2017-07-05 16:47:46', 'b361123c-77ea-440d-a46b-3d06a2505c27'),
 ('202', '19', '84', NULL, '99', '1', '2017-07-05 16:48:26', '2017-07-05 16:48:26', '21a898a4-def1-46a2-8ae1-a19cb9b7b2ae'),
 ('203', '21', '84', NULL, '69', '1', '2017-07-05 16:48:26', '2017-07-05 16:48:26', '3cda82f4-987a-416e-922e-f67feeb6eb7d'),
 ('212', '19', '83', NULL, '91', '1', '2017-07-05 16:49:47', '2017-07-05 16:49:47', '0c22a334-08bd-4936-8e35-031e7e3ef251'),
 ('213', '21', '83', NULL, '68', '1', '2017-07-05 16:49:47', '2017-07-05 16:49:47', 'eaf6067d-ee5e-4604-8e0b-8f9c18e037f5'),
 ('226', '19', '81', NULL, '105', '1', '2017-07-05 16:52:46', '2017-07-05 16:52:46', '94cf6c66-245a-4101-8d3c-8a8905784462'),
 ('227', '19', '81', NULL, '91', '2', '2017-07-05 16:52:46', '2017-07-05 16:52:46', 'abe6dcf0-3018-445d-9526-9f6eb4ab87ff'),
 ('228', '19', '81', NULL, '107', '3', '2017-07-05 16:52:46', '2017-07-05 16:52:46', '06836ee9-5ac7-4963-b5c9-05ce64cbd063'),
 ('229', '19', '81', NULL, '106', '4', '2017-07-05 16:52:46', '2017-07-05 16:52:46', '285be0ae-9382-4115-a0db-93a89ca2c393'),
 ('230', '21', '81', NULL, '67', '1', '2017-07-05 16:52:46', '2017-07-05 16:52:46', '48433859-7003-4815-82c2-089ab45c7e3a'),
 ('231', '19', '80', NULL, '113', '1', '2017-07-05 16:53:04', '2017-07-05 16:53:04', '2342ad01-c43a-4bd3-9325-65013e4bb0b2'),
 ('232', '19', '80', NULL, '112', '2', '2017-07-05 16:53:04', '2017-07-05 16:53:04', 'bf048d3e-1592-4dcf-8833-6afebaedc03c'),
 ('233', '19', '80', NULL, '111', '3', '2017-07-05 16:53:04', '2017-07-05 16:53:04', '3e610fb7-8a90-44f3-892e-98df0ac5a660'),
 ('234', '19', '80', NULL, '110', '4', '2017-07-05 16:53:04', '2017-07-05 16:53:04', '1b5b32df-11e1-4903-8fb7-e90a1873918c'),
 ('235', '19', '80', NULL, '108', '5', '2017-07-05 16:53:04', '2017-07-05 16:53:04', 'cb01ed27-bdc5-4ec1-b69d-482224c38c86'),
 ('236', '19', '80', NULL, '109', '6', '2017-07-05 16:53:04', '2017-07-05 16:53:04', '3a2122c2-7fec-4c9e-a9bc-840ace040e0e'),
 ('237', '21', '80', NULL, '67', '1', '2017-07-05 16:53:04', '2017-07-05 16:53:04', '082ddb22-466b-45a8-8279-f76c9c814980'),
 ('240', '19', '78', NULL, '118', '1', '2017-07-05 16:53:52', '2017-07-05 16:53:52', '08c24e4c-31b7-45dc-a3fd-d06be0424b7e'),
 ('241', '21', '78', NULL, '65', '1', '2017-07-05 16:53:52', '2017-07-05 16:53:52', 'eb47379e-a7d2-46bc-8ad3-75f20a1fb41d'),
 ('242', '19', '77', NULL, '102', '1', '2017-07-05 16:54:15', '2017-07-05 16:54:15', 'a60df0a2-d0e8-4955-8ee2-1d1f6146456d'),
 ('243', '21', '77', NULL, '64', '1', '2017-07-05 16:54:15', '2017-07-05 16:54:15', '39fba702-b62c-46b4-89e3-6b23f87b5bbf'),
 ('244', '19', '76', NULL, '117', '1', '2017-07-05 16:54:56', '2017-07-05 16:54:56', 'a0b00b45-6de3-4218-a938-1df61fa2fbf6'),
 ('245', '21', '76', NULL, '63', '1', '2017-07-05 16:54:56', '2017-07-05 16:54:56', '4926845f-6285-4bec-a87b-86e67c52287a'),
 ('246', '19', '75', NULL, '100', '1', '2017-07-05 16:55:44', '2017-07-05 16:55:44', '3f5b7937-131a-4827-b75d-07e80fc7d26c'),
 ('247', '19', '75', NULL, '51', '2', '2017-07-05 16:55:44', '2017-07-05 16:55:44', 'a1551c20-7bb9-470e-b7c0-2317b454b7a6'),
 ('248', '21', '75', NULL, '62', '1', '2017-07-05 16:55:44', '2017-07-05 16:55:44', '1003a845-9aba-4e5d-822a-6b38e539414c'),
 ('249', '19', '72', NULL, '96', '1', '2017-07-05 16:56:42', '2017-07-05 16:56:42', '40c2cc8c-8c4a-472d-a886-b965d8f71b16'),
 ('250', '21', '72', NULL, '60', '1', '2017-07-05 16:56:42', '2017-07-05 16:56:42', '6498b186-2836-4012-9b10-97cf84be143e'),
 ('251', '19', '73', NULL, '114', '1', '2017-07-05 16:56:58', '2017-07-05 16:56:58', '0038ccdb-0c68-459a-8adb-61c1768c2686'),
 ('252', '21', '73', NULL, '60', '1', '2017-07-05 16:56:58', '2017-07-05 16:56:58', '958d310a-07c2-4e9b-a1c5-58559fee8419'),
 ('253', '19', '82', NULL, '101', '1', '2017-07-05 16:57:43', '2017-07-05 16:57:43', '9e7a2d12-4b30-40b7-932e-b3b8836b7250'),
 ('254', '21', '82', NULL, '68', '1', '2017-07-05 16:57:43', '2017-07-05 16:57:43', 'd7e7aad9-0d02-4b6c-a76a-18bc8d87a8ce'),
 ('255', '19', '79', NULL, '105', '1', '2017-07-05 16:58:11', '2017-07-05 16:58:11', '2e2ddee4-adb0-4413-ae71-ca93e1fdae8c'),
 ('256', '21', '79', NULL, '66', '1', '2017-07-05 16:58:11', '2017-07-05 16:58:11', '465a3a37-1dec-4372-905d-35a6b1b97942'),
 ('276', '15', '68', NULL, '130', '1', '2017-08-07 17:07:11', '2017-08-07 17:07:11', '4a566460-d92b-4c32-b419-dc10cf590b60'),
 ('277', '38', '68', NULL, '57', '1', '2017-08-07 17:07:11', '2017-08-07 17:07:11', '2a39b97b-f136-4d1c-8d9c-37d306f9a704'),
 ('278', '15', '70', NULL, '129', '1', '2017-08-07 17:07:21', '2017-08-07 17:07:21', '718cf58b-6eca-4176-b053-715c40eccff0'),
 ('279', '38', '70', NULL, '58', '1', '2017-08-07 17:07:21', '2017-08-07 17:07:21', '91f3c996-cb08-4c6a-b53f-edd3b14886b4'),
 ('282', '15', '65', NULL, '132', '1', '2017-08-07 17:07:59', '2017-08-07 17:07:59', '0bb00153-44b7-4b33-a6ab-9ca8081c6460'),
 ('283', '38', '65', NULL, '56', '1', '2017-08-07 17:07:59', '2017-08-07 17:07:59', '335396ad-a408-4b23-befe-28a0ed94fbdb'),
 ('284', '15', '64', NULL, '131', '1', '2017-08-07 17:08:24', '2017-08-07 17:08:24', '4e2726fc-60b2-43fc-9595-f4aeaa7a4cef'),
 ('285', '38', '64', NULL, '55', '1', '2017-08-07 17:08:24', '2017-08-07 17:08:24', 'cb5f51ca-f737-47aa-8fbd-e91d295d8425'),
 ('290', '15', '63', NULL, '129', '1', '2017-08-07 17:09:19', '2017-08-07 17:09:19', '9cd0c544-2aaa-44df-b954-899907687ade'),
 ('291', '38', '63', NULL, '54', '1', '2017-08-07 17:09:19', '2017-08-07 17:09:19', 'a9bbd1ac-2469-4335-8131-ba8fbe18135c'),
 ('292', '15', '67', NULL, '131', '1', '2017-08-07 17:09:24', '2017-08-07 17:09:24', 'c84cdb49-0600-4ddf-95c9-c219c626a883'),
 ('293', '38', '67', NULL, '57', '1', '2017-08-07 17:09:24', '2017-08-07 17:09:24', '17bc2f8a-7e1c-4d0b-be40-ce2a2437ec1a'),
 ('294', '15', '66', NULL, '134', '1', '2017-08-07 17:09:35', '2017-08-07 17:09:35', '8c622491-1f9e-4a2d-90d9-541cde08b855'),
 ('295', '38', '66', NULL, '57', '1', '2017-08-07 17:09:35', '2017-08-07 17:09:35', '64de9bc1-f26c-45e3-8878-e6019e04dcea'),
 ('296', '15', '69', NULL, '131', '1', '2017-08-07 17:10:37', '2017-08-07 17:10:37', 'b65d7c39-0ea0-4b36-ae3b-f876339564bd'),
 ('297', '38', '69', NULL, '58', '1', '2017-08-07 17:10:37', '2017-08-07 17:10:37', 'b3efadd9-e7b3-4b42-98f2-f5351a693838'),
 ('298', '15', '60', NULL, '133', '1', '2017-08-07 17:10:56', '2017-08-07 17:10:56', 'b9821d23-7d18-4b4f-af8b-9adc19c4a7f7'),
 ('299', '38', '60', NULL, '53', '1', '2017-08-07 17:10:56', '2017-08-07 17:10:56', 'ddcd6acc-e9bb-4ec3-8b44-cf8adc65576e'),
 ('301', '56', '118', NULL, '50', '1', '2017-08-07 17:13:52', '2017-08-07 17:13:52', '8d8eb305-bfa2-4468-9b04-c00fa043c1a7'),
 ('302', '56', '116', NULL, '50', '1', '2017-08-07 17:13:57', '2017-08-07 17:13:57', 'c8b4a271-0dcc-49af-a21f-2e264da86948'),
 ('303', '56', '114', NULL, '50', '1', '2017-08-07 17:14:01', '2017-08-07 17:14:01', '815f404a-b498-4ab0-9b28-8b8dfebda27a'),
 ('304', '56', '113', NULL, '50', '1', '2017-08-07 17:14:06', '2017-08-07 17:14:06', '2229ff6d-913c-4737-98d0-af0c45aa8172'),
 ('305', '56', '112', NULL, '50', '1', '2017-08-07 17:14:10', '2017-08-07 17:14:10', 'faa25b88-8394-4f0a-9956-71df94278f81'),
 ('306', '56', '108', NULL, '50', '1', '2017-08-07 17:14:20', '2017-08-07 17:14:20', '9238a8ee-a76d-4419-8896-6354506027d3'),
 ('307', '56', '109', NULL, '50', '1', '2017-08-07 17:14:25', '2017-08-07 17:14:25', '4f7b4d4b-26d1-44b1-b6e0-b07673881265'),
 ('309', '56', '106', NULL, '50', '1', '2017-08-07 17:14:36', '2017-08-07 17:14:36', '5c120292-0882-4706-8413-a2cce0f4daf2'),
 ('310', '56', '107', NULL, '50', '1', '2017-08-07 17:14:41', '2017-08-07 17:14:41', '855595d5-c962-4969-a136-30b35d5428ab'),
 ('311', '56', '105', NULL, '50', '1', '2017-08-07 17:14:46', '2017-08-07 17:14:46', 'ad72cf5c-e10a-46e4-b042-6db3416e182e'),
 ('313', '15', '102', NULL, '136', '1', '2017-08-07 17:15:17', '2017-08-07 17:15:17', 'e38adcff-c795-440c-9586-e1133d643652'),
 ('314', '56', '102', NULL, '50', '1', '2017-08-07 17:15:17', '2017-08-07 17:15:17', '26c331c7-922d-4b22-ad52-13c1ceefed2a'),
 ('315', '56', '103', NULL, '50', '1', '2017-08-07 17:15:23', '2017-08-07 17:15:23', '4e59cfe6-9842-403c-a85b-2625fc5ca2b4'),
 ('316', '56', '104', NULL, '50', '1', '2017-08-07 17:15:30', '2017-08-07 17:15:30', '2faaa935-e771-4f3f-9f5c-ada9fbb2ad46'),
 ('317', '56', '101', NULL, '50', '1', '2017-08-07 17:15:36', '2017-08-07 17:15:36', '6b59e810-c39b-451b-a729-64895b44193c'),
 ('318', '56', '100', NULL, '50', '1', '2017-08-07 17:15:44', '2017-08-07 17:15:44', '9a4d1589-723e-4358-9885-4dc5e6f633e6'),
 ('320', '56', '91', NULL, '50', '1', '2017-08-07 17:15:56', '2017-08-07 17:15:56', 'f0a31e7b-bddd-4c71-98ab-072b61b90be0'),
 ('321', '15', '96', NULL, '95', '1', '2017-08-07 17:16:04', '2017-08-07 17:16:04', 'cf168450-e22c-4c0d-be59-63aeca0ea60c'),
 ('322', '56', '96', NULL, '50', '1', '2017-08-07 17:16:04', '2017-08-07 17:16:04', 'a0b89f0a-74c2-4aff-b104-d2cd425253d2'),
 ('324', '15', '137', NULL, '139', '1', '2017-08-07 18:37:52', '2017-08-07 18:37:52', 'a29d4ee2-abef-4db7-a4ba-a75dbc690ce6'),
 ('355', '15', '55', NULL, '151', '1', '2017-08-10 15:18:52', '2017-08-10 15:18:52', 'b5a39932-7568-4493-b245-54f53ef3b691'),
 ('362', '15', '58', NULL, '147', '1', '2017-08-10 16:22:45', '2017-08-10 16:22:45', '1ab02226-f3f7-43c7-a2d6-51ddf0dd1a21'),
 ('370', '15', '62', NULL, '151', '1', '2017-08-28 19:41:00', '2017-08-28 19:41:00', '80c59058-d66f-4d0b-b6c8-7a7a5efabf60'),
 ('371', '38', '62', NULL, '54', '1', '2017-08-28 19:41:00', '2017-08-28 19:41:00', '6f27d632-6ee6-4a7b-849a-1dec7e12adb1'),
 ('372', '15', '56', NULL, '147', '1', '2017-08-28 19:41:54', '2017-08-28 19:41:54', '8336998f-45a1-41c5-80ca-19a6ffec79c2'),
 ('374', '15', '57', NULL, '95', '1', '2017-08-28 19:42:22', '2017-08-28 19:42:22', 'e422d53f-1c78-49f8-8a63-822966ede412'),
 ('375', '15', '59', NULL, '128', '1', '2017-08-28 19:42:39', '2017-08-28 19:42:39', 'c6e10754-e6d5-4200-9e3c-cf7351d9f01c'),
 ('382', '15', '2', NULL, '128', '1', '2017-09-04 21:24:42', '2017-09-04 21:24:42', '3f58fb65-7262-443e-a810-86a77b030a5b'),
 ('383', '15', '2', NULL, '95', '2', '2017-09-04 21:24:42', '2017-09-04 21:24:42', '5ccd87dc-b1ea-47bc-81b9-12463823270c'),
 ('384', '15', '2', NULL, '94', '3', '2017-09-04 21:24:42', '2017-09-04 21:24:42', '337016b6-95d4-4db3-a5aa-fc0aba16c337'),
 ('385', '34', '2', NULL, '4', '1', '2017-09-04 21:24:42', '2017-09-04 21:24:42', 'df3c661b-77f6-4854-9f02-320ffc887551'),
 ('386', '37', '2', NULL, '9', '1', '2017-09-04 21:24:42', '2017-09-04 21:24:42', 'b57f38ae-6d47-41fd-88f7-a61d3c419917'),
 ('388', '15', '93', NULL, '90', '1', '2017-09-08 15:41:32', '2017-09-08 15:41:32', '6f481969-3d82-485f-a7a2-33d9a243e7a9'),
 ('389', '21', '93', NULL, '60', '1', '2017-09-08 15:41:32', '2017-09-08 15:41:32', '5e520d0a-b7ef-407e-b52d-1b5d666be706'),
 ('390', '21', '93', NULL, '71', '2', '2017-09-08 15:41:32', '2017-09-08 15:41:32', 'e7a4adc3-eb5d-4b83-81c2-82bfe4351242'),
 ('398', '15', '152', NULL, '128', '1', '2017-09-13 21:09:53', '2017-09-13 21:09:53', 'b534eb15-2f99-4bb7-8157-83efa46f0596'),
 ('399', '21', '152', NULL, '63', '1', '2017-09-13 21:09:53', '2017-09-13 21:09:53', 'f45d0e19-05db-44a3-9d73-a1bffa6843e5');
INSERT INTO `craft_relations` (`id`, `fieldId`, `sourceId`, `sourceLocale`, `targetId`, `sortOrder`, `dateCreated`, `dateUpdated`, `uid`) VALUES
 ('408', '15', '53', NULL, '128', '1', '2017-09-13 21:54:26', '2017-09-13 21:54:26', 'e46983e2-acfb-45d5-9ad7-f5b2bfbd2dd7'),
 ('409', '15', '54', NULL, '95', '1', '2017-09-13 21:54:37', '2017-09-13 21:54:37', '07382bf4-204b-4cec-bbf2-025852d85dbd'),
 ('415', '39', '52', NULL, '155', '1', '2017-09-18 22:01:32', '2017-09-18 22:01:32', '617a92de-a5e8-4568-9446-b7fcb784887e'),
 ('416', '39', '158', NULL, '156', '1', '2017-09-18 22:01:42', '2017-09-18 22:01:42', '7735b45b-1030-45ab-85e6-205a49b26733'),
 ('417', '39', '159', NULL, '155', '1', '2017-09-18 22:01:50', '2017-09-18 22:01:50', '4881e14a-389e-44ea-ba79-8258a0f50619'),
 ('418', '39', '160', NULL, '155', '1', '2017-09-18 22:01:58', '2017-09-18 22:01:58', 'd0f63e38-8018-4d9b-9fb5-3e69c18fa654'),
 ('421', '79', '174', NULL, '188', '1', '2017-09-18 22:02:28', '2017-09-18 22:02:28', '6e5fd1fd-0bb5-4ee4-9249-c7856f1a4a59'),
 ('423', '79', '173', NULL, '189', '1', '2017-09-18 22:02:46', '2017-09-18 22:02:46', 'a1c08164-40a9-49fe-9192-4ea7a8db7692'),
 ('424', '56', '99', NULL, '50', '1', '2017-09-25 18:43:19', '2017-09-25 18:43:19', '9d6be1e2-9113-4864-a004-7d7c6fccd97a'),
 ('425', '3', '7', NULL, '122', '1', '2017-10-04 20:44:36', '2017-10-04 20:44:36', '80dc0081-ec8d-4dc4-88ce-806ddf466b8e'),
 ('426', '63', '7', NULL, '141', '1', '2017-10-04 20:44:36', '2017-10-04 20:44:36', '14eaeea8-de1b-4eaa-b496-e1da815056a8'),
 ('430', '15', '9', NULL, '38', '1', '2017-10-23 18:30:49', '2017-10-23 18:30:49', 'ec2373d9-b24b-4fa0-ad33-bc444b953713'),
 ('438', '15', '4', NULL, '128', '1', '2017-10-23 22:11:36', '2017-10-23 22:11:36', 'c64a4c67-e301-4557-b9a4-a54eb2e4dfbc'),
 ('447', '15', '71', NULL, '128', '1', '2017-10-25 21:10:47', '2017-10-25 21:10:47', 'b5e267dc-ca10-4478-a038-bce996f591b2'),
 ('448', '80', '71', NULL, '94', '1', '2017-10-25 21:10:47', '2017-10-25 21:10:47', 'a6ff5682-a7d8-4eb7-af8a-f4cf395c0eba'),
 ('449', '80', '71', NULL, '95', '2', '2017-10-25 21:10:47', '2017-10-25 21:10:47', '27b13ff1-a327-40cc-9840-62bb310af38a'),
 ('450', '80', '71', NULL, '136', '3', '2017-10-25 21:10:47', '2017-10-25 21:10:47', 'ee61dc2e-da3e-49f8-9769-8776455ad7e7'),
 ('451', '80', '71', NULL, '128', '4', '2017-10-25 21:10:47', '2017-10-25 21:10:47', '4e3402b2-8843-40a2-a00a-f4fbc09db453'),
 ('452', '80', '71', NULL, '89', '5', '2017-10-25 21:10:47', '2017-10-25 21:10:47', 'f9cff3d0-15b5-4b36-95f1-a038bd044dca'),
 ('453', '80', '71', NULL, '90', '6', '2017-10-25 21:10:47', '2017-10-25 21:10:47', '91a3b045-a302-42ab-98ba-103139dfca10'),
 ('454', '80', '71', NULL, '194', '7', '2017-10-25 21:10:47', '2017-10-25 21:10:47', '704d5a53-1f65-4787-b0ee-5f10e6950b3e'),
 ('455', '80', '71', NULL, '195', '8', '2017-10-25 21:10:47', '2017-10-25 21:10:47', '987a7827-a3e6-41f0-b724-c66df4137cda'),
 ('456', '80', '71', NULL, '197', '9', '2017-10-25 21:10:47', '2017-10-25 21:10:47', 'e5dc768c-dfbc-4b4e-af27-35296b3d0cca'),
 ('457', '80', '71', NULL, '198', '10', '2017-10-25 21:10:47', '2017-10-25 21:10:47', '84ca6f49-0bf5-4421-8bde-0cb60f98dcf2'),
 ('458', '80', '71', NULL, '199', '11', '2017-10-25 21:10:47', '2017-10-25 21:10:47', '29ea23a3-f328-4bc3-ae83-b9800ba11ef9'),
 ('459', '80', '71', NULL, '200', '12', '2017-10-25 21:10:47', '2017-10-25 21:10:47', '0b1e44bc-daed-47ee-85fd-45040f4868e1'),
 ('460', '80', '71', NULL, '201', '13', '2017-10-25 21:10:47', '2017-10-25 21:10:47', '2621da01-6303-48bf-aa8d-0d2cc4eb86b4'),
 ('461', '38', '71', NULL, '59', '1', '2017-10-25 21:10:47', '2017-10-25 21:10:47', '35a40229-360c-416a-8df1-b922bf97510f'),
 ('462', '3', '8', NULL, '143', '1', '2017-11-02 21:40:17', '2017-11-02 21:40:17', '540ba05a-c61c-432b-9040-5749d9c88332'),
 ('463', '56', '117', NULL, '50', '1', '2017-11-02 22:41:27', '2017-11-02 22:41:27', '2447cef9-07b7-4257-b062-fe5ec28d0f04'),
 ('464', '70', '161', NULL, '36', '1', '2017-11-03 18:01:50', '2017-11-03 18:01:50', '685bdd75-6e8f-4d97-a3fd-105d500fbde9'),
 ('466', '15', '207', NULL, '201', '1', '2017-11-06 19:43:40', '2017-11-06 19:43:40', '739be1b6-b2df-41d4-968c-707432507370'),
 ('467', '79', '175', NULL, '187', '1', '2017-11-10 19:11:29', '2017-11-10 19:11:29', '68998901-c76d-41d9-845a-d540443367be');



DROP TABLE IF EXISTS `craft_routes`;


--
-- Schema for table `craft_routes`
--
CREATE TABLE `craft_routes` (
  `id` int(11) NOT NULL AUTO_INCREMENT,
  `locale` char(12) COLLATE utf8_unicode_ci DEFAULT NULL,
  `urlParts` varchar(255) COLLATE utf8_unicode_ci NOT NULL,
  `urlPattern` varchar(255) COLLATE utf8_unicode_ci NOT NULL,
  `template` varchar(255) COLLATE utf8_unicode_ci NOT NULL,
  `sortOrder` smallint(6) unsigned DEFAULT NULL,
  `dateCreated` datetime NOT NULL,
  `dateUpdated` datetime NOT NULL,
  `uid` char(36) COLLATE utf8_unicode_ci NOT NULL DEFAULT '0',
  PRIMARY KEY (`id`),
  KEY `craft_routes_locale_idx` (`locale`),
  KEY `craft_routes_urlPattern_idx` (`urlPattern`)
) ENGINE=InnoDB DEFAULT CHARSET=utf8 COLLATE=utf8_unicode_ci;

DROP TABLE IF EXISTS `craft_searchindex`;


--
-- Schema for table `craft_searchindex`
--
CREATE TABLE `craft_searchindex` (
  `elementId` int(11) NOT NULL,
  `attribute` varchar(25) COLLATE utf8_unicode_ci NOT NULL,
  `fieldId` int(11) NOT NULL,
  `locale` char(12) COLLATE utf8_unicode_ci NOT NULL,
  `keywords` text COLLATE utf8_unicode_ci NOT NULL,
  PRIMARY KEY (`elementId`,`attribute`,`fieldId`,`locale`),
  FULLTEXT KEY `craft_searchindex_keywords_idx` (`keywords`)
) ENGINE=MyISAM DEFAULT CHARSET=utf8 COLLATE=utf8_unicode_ci;

--
-- Data for table `craft_searchindex`
--

INSERT INTO `craft_searchindex` (`elementId`, `attribute`, `fieldId`, `locale`, `keywords`) VALUES
 ('1', 'username', '0', 'en_us', ' careertech '),
 ('1', 'firstname', '0', 'en_us', ''),
 ('1', 'lastname', '0', 'en_us', ''),
 ('1', 'fullname', '0', 'en_us', ''),
 ('1', 'email', '0', 'en_us', ' alongwell ideabasekent com '),
 ('1', 'slug', '0', 'en_us', ''),
 ('2', 'slug', '0', 'en_us', ' homepage '),
 ('2', 'title', '0', 'en_us', ' home '),
 ('2', 'field', '1', 'en_us', ' if you are a high school student planning your future then kent roosevelt career technical programs is the place for you learn in our high tech facility from instructors with real world experience the kent roosevelt high school career technical programs are open to students within the six district educational compact '),
 ('3', 'field', '1', 'en_us', ' craft is the cms that s powering careertech web it s beautiful powerful flexible and easy to use and it s made by pixel tonic we can t wait to dive in and see what it s capable of this is even more captivating content which you couldn t see on the news index page because it was entered after a page break and the news index template only likes to show the content on the first page craft a nice alternative to word if you re making a website '),
 ('3', 'field', '2', 'en_us', ''),
 ('3', 'slug', '0', 'en_us', ' we just installed craft '),
 ('3', 'title', '0', 'en_us', ' we just installed craft '),
 ('4', 'slug', '0', 'en_us', ' programs landing page '),
 ('4', 'title', '0', 'en_us', ' explore programs '),
 ('5', 'slug', '0', 'en_us', ' faculty staff landing page '),
 ('5', 'title', '0', 'en_us', ' faculty staff '),
 ('6', 'slug', '0', 'en_us', ' news calendars landing page '),
 ('6', 'title', '0', 'en_us', ' news calendars landing page '),
 ('7', 'slug', '0', 'en_us', ''),
 ('8', 'slug', '0', 'en_us', ''),
 ('8', 'field', '5', 'en_us', ' career tech office '),
 ('8', 'field', '6', 'en_us', ' district partners '),
 ('8', 'field', '8', 'en_us', ' 1400 n mantua st kent oh 44240 '),
 ('8', 'field', '7', 'en_us', ' facebook com '),
 ('8', 'field', '9', 'en_us', ' 330 676 8740 '),
 ('8', 'field', '10', 'en_us', ''),
 ('7', 'field', '5', 'en_us', ' trhs career technical education '),
 ('7', 'field', '3', 'en_us', ' 3 white red expanded '),
 ('7', 'field', '4', 'en_us', ''),
 ('5', 'field', '1', 'en_us', ''),
 ('5', 'field', '28', 'en_us', ''),
 ('6', 'field', '1', 'en_us', ''),
 ('4', 'field', '1', 'en_us', ' lorem ipsum dolor sit amet consectetuer adipiscing elit aenean commodoligula eget dolor aenean massa cum sociis natoque penatibus etmagnis dis parturient montes nascetur ridiculus mus '),
 ('2', 'field', '35', 'en_us', ''),
 ('2', 'field', '23', 'en_us', ' this is information about when we re accepting applications and why you should apply today '),
 ('147', 'filename', '0', 'en_us', ' 28 jpg '),
 ('147', 'extension', '0', 'en_us', ' jpg '),
 ('2', 'field', '24', 'en_us', ' how to apply '),
 ('2', 'field', '32', 'en_us', ' news '),
 ('2', 'field', '36', 'en_us', ' welcome to kent roosevelt '),
 ('2', 'field', '33', 'en_us', ' explore pathways '),
 ('2', 'field', '15', 'en_us', ' cos2 franek cuva '),
 ('2', 'field', '34', 'en_us', ' explore programs '),
 ('2', 'field', '22', 'en_us', ''),
 ('2', 'field', '31', 'en_us', ' 1 '),
 ('9', 'slug', '0', 'en_us', ' admissions '),
 ('9', 'title', '0', 'en_us', ' how to apply '),
 ('2', 'field', '37', 'en_us', ' how to apply '),
 ('55', 'title', '0', 'en_us', ' construction technologies '),
 ('55', 'slug', '0', 'en_us', ' construction technologies '),
 ('54', 'title', '0', 'en_us', ' business marketing '),
 ('54', 'slug', '0', 'en_us', ' business marketing '),
 ('53', 'title', '0', 'en_us', ' agriculture environmental services '),
 ('53', 'slug', '0', 'en_us', ' agriculture environmental services '),
 ('69', 'slug', '0', 'en_us', ' athletic health care fitness '),
 ('69', 'title', '0', 'en_us', ' athletic health care fitness '),
 ('70', 'field', '1', 'en_us', ' lorem ipsum dolor sit amet consectetuer adipiscing elit aenean commodo ligula eget dolor aenean massa cum sociis natoque penatibus et magnis dis parturient montes nascetur ridiculus mus '),
 ('69', 'field', '38', 'en_us', ' health science '),
 ('69', 'field', '15', 'en_us', ' eng man '),
 ('69', 'field', '16', 'en_us', ' 1 '),
 ('69', 'field', '14', 'en_us', ' 2 '),
 ('69', 'field', '13', 'en_us', ' kent '),
 ('69', 'field', '12', 'en_us', ' 10 '),
 ('69', 'field', '11', 'en_us', ' lorem ipsum dolor sit amet consectetuer adipiscing elit aenean commodo ligula eget dolor aenean massa cum sociis natoque penatibus et magnis dis parturient montes nascetur ridiculus mus '),
 ('69', 'field', '1', 'en_us', ' lorem ipsum dolor sit amet consectetuer adipiscing elit aenean commodo ligula eget dolor aenean massa cum sociis natoque penatibus et magnis dis parturient montes nascetur ridiculus mus '),
 ('68', 'field', '15', 'en_us', ' engineering academy '),
 ('68', 'field', '16', 'en_us', ' 1 '),
 ('68', 'field', '38', 'en_us', ' engineering and science technologies '),
 ('68', 'field', '35', 'en_us', ''),
 ('68', 'slug', '0', 'en_us', ' computer aided design and engineering technologies '),
 ('68', 'title', '0', 'en_us', ' computer aided design and engineering technologies '),
 ('73', 'field', '15', 'en_us', ''),
 ('68', 'field', '14', 'en_us', ' 2 '),
 ('68', 'field', '13', 'en_us', ' kent '),
 ('68', 'field', '12', 'en_us', ' 10 '),
 ('68', 'field', '11', 'en_us', ' lorem ipsum dolor sit amet consectetuer adipiscing elit aenean commodo ligula eget dolor aenean massa cum sociis natoque penatibus et magnis dis parturient montes nascetur ridiculus mus '),
 ('67', 'field', '35', 'en_us', ''),
 ('67', 'slug', '0', 'en_us', ' engineering academy '),
 ('67', 'title', '0', 'en_us', ' engineering academy '),
 ('68', 'field', '1', 'en_us', ' lorem ipsum dolor sit amet consectetuer adipiscing elit aenean commodo ligula eget dolor aenean massa cum sociis natoque penatibus et magnis dis parturient montes nascetur ridiculus mus '),
 ('67', 'field', '13', 'en_us', ' kent '),
 ('67', 'field', '14', 'en_us', ' 2 '),
 ('67', 'field', '15', 'en_us', ' eng man '),
 ('67', 'field', '16', 'en_us', ' 1 '),
 ('67', 'field', '38', 'en_us', ' engineering and science technologies '),
 ('73', 'field', '1', 'en_us', ' lorem ipsum dolor sit amet consectetuer adipiscing elit aenean commodo ligula eget dolor aenean massa cum sociis natoque penatibus et magnis dis parturient montes nascetur ridiculus mus '),
 ('72', 'field', '21', 'en_us', ' forestry and landscape management '),
 ('72', 'slug', '0', 'en_us', ' forestry and landscape management i '),
 ('72', 'title', '0', 'en_us', ' forestry and landscape management i '),
 ('56', 'title', '0', 'en_us', ' education and training '),
 ('57', 'slug', '0', 'en_us', ' engineering and science technologies '),
 ('57', 'title', '0', 'en_us', ' engineering and science technologies '),
 ('56', 'slug', '0', 'en_us', ' education and training '),
 ('52', 'title', '0', 'en_us', ' first event '),
 ('52', 'slug', '0', 'en_us', ' first event '),
 ('52', 'field', '21', 'en_us', ''),
 ('72', 'field', '15', 'en_us', ''),
 ('72', 'field', '18', 'en_us', ''),
 ('72', 'field', '19', 'en_us', ' tom franek ');
INSERT INTO `craft_searchindex` (`elementId`, `attribute`, `fieldId`, `locale`, `keywords`) VALUES
 ('72', 'field', '20', 'en_us', ''),
 ('69', 'field', '35', 'en_us', ''),
 ('67', 'field', '12', 'en_us', ' 10 '),
 ('67', 'field', '11', 'en_us', ' lorem ipsum dolor sit amet consectetuer adipiscing elit aenean commodo ligula eget dolor aenean massa cum sociis natoque penatibus et magnis dis parturient montes nascetur ridiculus mus '),
 ('67', 'field', '1', 'en_us', ' lorem ipsum dolor sit amet consectetuer adipiscing elit aenean commodo ligula eget dolor aenean massa cum sociis natoque penatibus et magnis dis parturient montes nascetur ridiculus mus '),
 ('66', 'field', '35', 'en_us', ''),
 ('66', 'slug', '0', 'en_us', ' electronics robotics and programming '),
 ('66', 'title', '0', 'en_us', ' electronics robotics and programming '),
 ('66', 'field', '14', 'en_us', ' 2 '),
 ('66', 'field', '15', 'en_us', ' ele2 '),
 ('66', 'field', '16', 'en_us', ' 1 '),
 ('66', 'field', '38', 'en_us', ' engineering and science technologies '),
 ('66', 'field', '13', 'en_us', ' kent '),
 ('66', 'field', '12', 'en_us', ' 10 '),
 ('66', 'field', '11', 'en_us', ' lorem ipsum dolor sit amet consectetuer adipiscing elit aenean commodo ligula eget dolor aenean massa cum sociis natoque penatibus et magnis dis parturient montes nascetur ridiculus mus '),
 ('66', 'field', '1', 'en_us', ' lorem ipsum dolor sit amet consectetuer adipiscing elit aenean commodo ligula eget dolor aenean massa cum sociis natoque penatibus et magnis dis parturient montes nascetur ridiculus mus '),
 ('65', 'field', '38', 'en_us', ' education and training '),
 ('65', 'field', '35', 'en_us', ''),
 ('65', 'slug', '0', 'en_us', ' teaching professions '),
 ('65', 'title', '0', 'en_us', ' teaching professions '),
 ('65', 'field', '16', 'en_us', ' 1 '),
 ('65', 'field', '15', 'en_us', ' teaching 3 '),
 ('65', 'field', '14', 'en_us', ' 2 '),
 ('65', 'field', '13', 'en_us', ' kent '),
 ('65', 'field', '12', 'en_us', ' 10 '),
 ('65', 'field', '11', 'en_us', ' lorem ipsum dolor sit amet consectetuer adipiscing elit aenean commodo ligula eget dolor aenean massa cum sociis natoque penatibus et magnis dis parturient montes nascetur ridiculus mus '),
 ('64', 'title', '0', 'en_us', ' construction technologies '),
 ('65', 'field', '1', 'en_us', ' lorem ipsum dolor sit amet consectetuer adipiscing elit aenean commodo ligula eget dolor aenean massa cum sociis natoque penatibus et magnis dis parturient montes nascetur ridiculus mus '),
 ('64', 'slug', '0', 'en_us', ' construction technologies '),
 ('64', 'field', '35', 'en_us', ''),
 ('64', 'field', '38', 'en_us', ' construction technologies '),
 ('64', 'field', '16', 'en_us', ' 1 '),
 ('64', 'field', '15', 'en_us', ' eng man '),
 ('64', 'field', '14', 'en_us', ' 10 '),
 ('64', 'field', '13', 'en_us', ' kent '),
 ('64', 'field', '12', 'en_us', ' 10 '),
 ('64', 'field', '11', 'en_us', ' lorem ipsum dolor sit amet consectetuer adipiscing elit aenean commodo ligula eget dolor aenean massa cum sociis natoque penatibus et magnis dis parturient montes nascetur ridiculus mus '),
 ('64', 'field', '1', 'en_us', ' lorem ipsum dolor sit amet consectetuer adipiscing elit aenean commodo ligula eget dolor aenean massa cum sociis natoque penatibus et magnis dis parturient montes nascetur ridiculus mus '),
 ('63', 'title', '0', 'en_us', ' marketing management '),
 ('63', 'slug', '0', 'en_us', ' marketing management '),
 ('63', 'field', '35', 'en_us', ''),
 ('63', 'field', '14', 'en_us', ' 2 '),
 ('63', 'field', '15', 'en_us', ' teaching '),
 ('63', 'field', '16', 'en_us', ' 1 '),
 ('63', 'field', '38', 'en_us', ' business marketing '),
 ('63', 'field', '12', 'en_us', ' 10 '),
 ('63', 'field', '13', 'en_us', ' kent '),
 ('63', 'field', '11', 'en_us', ' lorem ipsum dolor sit amet consectetuer adipiscing elit aenean commodo ligula eget dolor aenean massa cum sociis natoque penatibus et magnis dis parturient montes nascetur ridiculus mus '),
 ('62', 'title', '0', 'en_us', ' business and sports management '),
 ('63', 'field', '1', 'en_us', ' lorem ipsum dolor sit amet consectetuer adipiscing elit aenean commodo ligula eget dolor aenean massa cum sociis natoque penatibus et magnis dis parturient montes nascetur ridiculus mus '),
 ('62', 'field', '15', 'en_us', ' img 4470 '),
 ('62', 'field', '16', 'en_us', ' 1 '),
 ('62', 'field', '38', 'en_us', ' business marketing '),
 ('62', 'field', '35', 'en_us', ''),
 ('62', 'slug', '0', 'en_us', ' business and sports management '),
 ('62', 'field', '14', 'en_us', ' 2 '),
 ('62', 'field', '13', 'en_us', ' kent '),
 ('62', 'field', '12', 'en_us', ' 10 '),
 ('35', 'slug', '0', 'en_us', ' form '),
 ('35', 'title', '0', 'en_us', ' forms '),
 ('36', 'filename', '0', 'en_us', ' ideabase_logo_horizontalcolor png '),
 ('36', 'extension', '0', 'en_us', ' png '),
 ('36', 'kind', '0', 'en_us', ' image '),
 ('36', 'slug', '0', 'en_us', ' idea base logo horizontal color '),
 ('36', 'title', '0', 'en_us', ' idea base logo horizontal color '),
 ('37', 'field', '1', 'en_us', ' here is another news entry  '),
 ('37', 'field', '2', 'en_us', ''),
 ('37', 'slug', '0', 'en_us', ' more news '),
 ('37', 'title', '0', 'en_us', ' more news '),
 ('4', 'field', '15', 'en_us', ' cos2 '),
 ('38', 'filename', '0', 'en_us', ' trhs image png '),
 ('38', 'extension', '0', 'en_us', ' png '),
 ('38', 'kind', '0', 'en_us', ' image '),
 ('38', 'slug', '0', 'en_us', ' trhs image '),
 ('38', 'title', '0', 'en_us', ' trhs image '),
 ('62', 'field', '11', 'en_us', ' lorem ipsum dolor sit amet consectetuer adipiscing elit aenean commodo ligula eget dolor aenean massa cum sociis natoque penatibus et magnis dis parturient montes nascetur ridiculus mus '),
 ('60', 'slug', '0', 'en_us', ' forestry and landscape management '),
 ('60', 'title', '0', 'en_us', ' forestry and landscape management '),
 ('62', 'field', '1', 'en_us', ' lorem ipsum dolor sit amet consectetuer adipiscing elit aenean commodo ligula eget dolor aenean massa cum sociis natoque penatibus et magnis dis parturient montes nascetur ridiculus mus '),
 ('60', 'field', '11', 'en_us', ' lorem ipsum dolor sit amet consectetuer adipiscing elit aenean commodo ligula eget dolor aenean massa cum sociis natoque penatibus et magnis dis parturient montes nascetur ridiculus mus '),
 ('60', 'field', '12', 'en_us', ' 10 '),
 ('60', 'field', '13', 'en_us', ' kent '),
 ('60', 'field', '14', 'en_us', ' 2 '),
 ('60', 'field', '15', 'en_us', ' 20151208 085642 '),
 ('60', 'field', '16', 'en_us', ' 1 '),
 ('60', 'field', '38', 'en_us', ' agriculture environmental services '),
 ('60', 'field', '35', 'en_us', ''),
 ('9', 'field', '16', 'en_us', ' 0 '),
 ('9', 'field', '15', 'en_us', ' trhs image '),
 ('9', 'field', '47', 'en_us', ' lorem ipsum dolor sit amet consectetuer adipiscing elit aenean commodo ligula eget dolor aenean massa cum sociis natoque penatibus et magnis dis parturient montes nascetur ridiculus mus '),
 ('9', 'field', '48', 'en_us', ' lorem ipsum dolor sit amet consectetuer adipiscing elit aenean commodo ligula eget dolor aenean massa cum sociis natoque penatibus et magnis dis parturient montes nascetur ridiculus mus '),
 ('9', 'field', '49', 'en_us', ' lorem ipsum dolor sit amet consectetuer adipiscing elit aenean commodo ligula eget dolor aenean massa cum sociis natoque penatibus et magnis dis parturient montes nascetur ridiculus mus '),
 ('9', 'field', '50', 'en_us', ' program fall 2017 spring 2017 program fall 2017 spring 2017 general may 1 2017 dec 1 2017 general may 1 2017 dec 1 2017 specific 1 may 1 2017 dec 1 2017 specific 1 may 1 2017 dec 1 2017 specific 2 may 1 2017 dec 1 2017 specific 2 may 1 2017 dec 1 2017 '),
 ('9', 'field', '51', 'en_us', ' specific 1 lorem ipsum dolor sit amet consectetuer adipiscing elit aenean commodo ligula eget dolor aenean massa cum sociis natoque penatibus et magnis dis parturient montes nascetur ridiculus mus 1 specific 2 lorem ipsum dolor sit amet consectetuer adipiscing elit aenean commodo ligula eget dolor aenean massa cum sociis natoque penatibus et magnis dis parturient montes nascetur ridiculus mus 1 '),
 ('43', 'field', '52', 'en_us', ' specific 1 '),
 ('43', 'field', '53', 'en_us', ' lorem ipsum dolor sit amet consectetuer adipiscing elit aenean commodo ligula eget dolor aenean massa cum sociis natoque penatibus et magnis dis parturient montes nascetur ridiculus mus '),
 ('43', 'slug', '0', 'en_us', ''),
 ('44', 'field', '52', 'en_us', ' specific 2 '),
 ('44', 'field', '53', 'en_us', ' lorem ipsum dolor sit amet consectetuer adipiscing elit aenean commodo ligula eget dolor aenean massa cum sociis natoque penatibus et magnis dis parturient montes nascetur ridiculus mus '),
 ('44', 'slug', '0', 'en_us', '');
INSERT INTO `craft_searchindex` (`elementId`, `attribute`, `fieldId`, `locale`, `keywords`) VALUES
 ('43', 'field', '54', 'en_us', ' 1 '),
 ('44', 'field', '54', 'en_us', ' 1 '),
 ('9', 'field', '55', 'en_us', ' lorem ipsum dolor sit amet consectetuer adipiscing elit aenean commodo ligula eget dolor aenean massa cum sociis natoque penatibus et magnis dis parturient montes nascetur ridiculus mus '),
 ('72', 'field', '1', 'en_us', ' lorem ipsum dolor sit amet consectetuer adipiscing elit aenean commodo ligula eget dolor aenean massa cum sociis natoque penatibus et magnis dis parturient montes nascetur ridiculus mus '),
 ('52', 'field', '25', 'en_us', ' 2017 05 17 '),
 ('52', 'field', '27', 'en_us', ' lorem ipsum dolor sit amet consectetuer adipiscing elit aenean commodo ligula eget dolor aenean massa cum sociis natoque penatibus et magnis dis parturient montes nascetur ridiculus mus '),
 ('51', 'title', '0', 'en_us', ' janelle cuva '),
 ('51', 'slug', '0', 'en_us', ' jon doe '),
 ('51', 'field', '56', 'en_us', ' teacher '),
 ('51', 'field', '9', 'en_us', ''),
 ('51', 'field', '26', 'en_us', ' ke_jcuva kentschools net '),
 ('51', 'field', '15', 'en_us', ' cuva '),
 ('51', 'field', '1', 'en_us', ' mrs cuva has been a business teacher at roosevelt for 16 years she holds a bachelor s degree from kent state university in business education and also has a master s degree in instructional technology she has been married for 14 years and has three beautiful children '),
 ('50', 'title', '0', 'en_us', ' faculty '),
 ('50', 'slug', '0', 'en_us', ' teacher '),
 ('60', 'field', '1', 'en_us', ' lorem ipsum dolor sit amet consectetuer adipiscing elit aenean commodo ligula eget dolor aenean massa cum sociis natoque penatibus et magnis dis parturient montes nascetur ridiculus mus '),
 ('58', 'slug', '0', 'en_us', ' health science '),
 ('58', 'title', '0', 'en_us', ' health science '),
 ('59', 'slug', '0', 'en_us', ' human services '),
 ('59', 'title', '0', 'en_us', ' human services '),
 ('70', 'field', '11', 'en_us', ' lorem ipsum dolor sit amet consectetuer adipiscing elit aenean commodo ligula eget dolor aenean massa cum sociis natoque penatibus et magnis dis parturient montes nascetur ridiculus mus '),
 ('70', 'field', '12', 'en_us', ' 10 '),
 ('70', 'field', '13', 'en_us', ' kent '),
 ('70', 'field', '14', 'en_us', ' 2 '),
 ('70', 'field', '15', 'en_us', ' teaching '),
 ('70', 'field', '16', 'en_us', ' 1 '),
 ('70', 'field', '38', 'en_us', ' health science '),
 ('70', 'field', '35', 'en_us', ''),
 ('70', 'slug', '0', 'en_us', ' health care and technologies '),
 ('70', 'title', '0', 'en_us', ' health care and technologies '),
 ('71', 'field', '1', 'en_us', ' lorem ipsum dolor sit amet consectetuer adipiscing elit aenean commodo ligula eget dolor aenean massa cum sociis natoque penatibus et magnis dis parturient montes nascetur ridiculus mus '),
 ('71', 'field', '11', 'en_us', ' lorem ipsum dolor sit amet consectetuer adipiscing elit aenean commodo ligula eget dolor aenean massa cum sociis natoque penatibus et magnis dis parturient montes nascetur ridiculus mus '),
 ('71', 'field', '12', 'en_us', ' 10 '),
 ('71', 'field', '13', 'en_us', ' kent '),
 ('71', 'field', '14', 'en_us', ' 2 '),
 ('71', 'field', '15', 'en_us', ' cos2 '),
 ('71', 'field', '16', 'en_us', ' 1 '),
 ('71', 'field', '38', 'en_us', ' human services '),
 ('71', 'field', '35', 'en_us', ' sdadasd sdadasd sadsaddsa sadsaddsa dsadasdas fgdgdfg fgdgdfg gfdgdfgdf gfdgdfgdf fgdfgdgd fgdg fgdg fgdfggd fgdfggd fdgdsdsf '),
 ('71', 'slug', '0', 'en_us', ' cosmetology '),
 ('71', 'title', '0', 'en_us', ' cosmetology '),
 ('73', 'field', '18', 'en_us', ''),
 ('73', 'field', '19', 'en_us', ' john lang '),
 ('73', 'field', '20', 'en_us', ''),
 ('73', 'field', '21', 'en_us', ' forestry and landscape management '),
 ('73', 'slug', '0', 'en_us', ' forestry and landscape management ii '),
 ('73', 'title', '0', 'en_us', ' forestry and landscape management ii '),
 ('190', 'field', '45', 'en_us', ' dsadasdas '),
 ('190', 'field', '46', 'en_us', ' sdadasd sdadasd sadsaddsa sadsaddsa '),
 ('190', 'slug', '0', 'en_us', ''),
 ('191', 'field', '45', 'en_us', ' fgdfgdgd '),
 ('191', 'field', '46', 'en_us', ' fgdgdfg fgdgdfg gfdgdfgdf gfdgdfgdf '),
 ('75', 'field', '1', 'en_us', ' lorem ipsum dolor sit amet consectetuer adipiscing elit aenean commodoligula eget dolor aenean massa cum sociis natoque penatibus etmagnis dis parturient montes nascetur ridiculus mus '),
 ('75', 'field', '15', 'en_us', ''),
 ('75', 'field', '18', 'en_us', ''),
 ('75', 'field', '19', 'en_us', ' ben dunlap janelle cuva '),
 ('75', 'field', '20', 'en_us', ''),
 ('75', 'field', '21', 'en_us', ' business and sports management '),
 ('75', 'slug', '0', 'en_us', ' business and sports management ii '),
 ('75', 'title', '0', 'en_us', ' business and sports management '),
 ('76', 'field', '1', 'en_us', ' lorem ipsum dolor sit amet consectetuer adipiscing elit aenean commodoligula eget dolor aenean massa cum sociis natoque penatibus etmagnis dis parturient montes nascetur ridiculus mus '),
 ('76', 'field', '15', 'en_us', ''),
 ('76', 'field', '18', 'en_us', ''),
 ('76', 'field', '19', 'en_us', ' brent pfeiffer '),
 ('76', 'field', '20', 'en_us', ''),
 ('76', 'field', '21', 'en_us', ' marketing management '),
 ('76', 'slug', '0', 'en_us', ' marketing management deca '),
 ('76', 'title', '0', 'en_us', ' marketing management deca '),
 ('77', 'field', '1', 'en_us', ' lorem ipsum dolor sit amet consectetuer adipiscing elit aenean commodoligula eget dolor aenean massa cum sociis natoque penatibus etmagnis dis parturient montes nascetur ridiculus mus '),
 ('77', 'field', '15', 'en_us', ''),
 ('77', 'field', '18', 'en_us', ''),
 ('77', 'field', '19', 'en_us', ' don titko '),
 ('77', 'field', '20', 'en_us', ''),
 ('77', 'field', '21', 'en_us', ' construction technologies '),
 ('77', 'slug', '0', 'en_us', ' construction technologies '),
 ('77', 'title', '0', 'en_us', ' construction technologies '),
 ('78', 'field', '1', 'en_us', ' lorem ipsum dolor sit amet consectetuer adipiscing elit aenean commodoligula eget dolor aenean massa cum sociis natoque penatibus etmagnis dis parturient montes nascetur ridiculus mus '),
 ('78', 'field', '15', 'en_us', ''),
 ('78', 'field', '18', 'en_us', ''),
 ('78', 'field', '19', 'en_us', ' rhonda butler carson '),
 ('78', 'field', '20', 'en_us', ''),
 ('78', 'field', '21', 'en_us', ' teaching professions '),
 ('78', 'slug', '0', 'en_us', ' teaching professions '),
 ('78', 'title', '0', 'en_us', ' teaching professions '),
 ('79', 'field', '1', 'en_us', ' lorem ipsum dolor sit amet consectetuer adipiscing elit aenean commodoligula eget dolor aenean massa cum sociis natoque penatibus etmagnis dis parturient montes nascetur ridiculus mus '),
 ('79', 'field', '15', 'en_us', ''),
 ('79', 'field', '18', 'en_us', ''),
 ('79', 'field', '19', 'en_us', ' jeff lesueur '),
 ('79', 'field', '20', 'en_us', ''),
 ('79', 'field', '21', 'en_us', ' electronics robotics and programming '),
 ('79', 'slug', '0', 'en_us', ' electronics robotics professions '),
 ('79', 'title', '0', 'en_us', ' electronics robotics programming '),
 ('80', 'field', '1', 'en_us', ' lorem ipsum dolor sit amet consectetuer adipiscing elit aenean commodoligula eget dolor aenean massa cum sociis natoque penatibus etmagnis dis parturient montes nascetur ridiculus mus '),
 ('80', 'field', '15', 'en_us', ''),
 ('80', 'field', '18', 'en_us', ''),
 ('80', 'field', '19', 'en_us', ' dan syvanych john seabolt aaron morris sarah kaplan kasey adelman david helmick '),
 ('80', 'field', '20', 'en_us', ''),
 ('80', 'field', '21', 'en_us', ' engineering academy '),
 ('80', 'slug', '0', 'en_us', ' engineering academy '),
 ('80', 'title', '0', 'en_us', ' engineering academy academic ');
INSERT INTO `craft_searchindex` (`elementId`, `attribute`, `fieldId`, `locale`, `keywords`) VALUES
 ('81', 'field', '1', 'en_us', ' lorem ipsum dolor sit amet consectetuer adipiscing elit aenean commodoligula eget dolor aenean massa cum sociis natoque penatibus etmagnis dis parturient montes nascetur ridiculus mus '),
 ('81', 'field', '15', 'en_us', ''),
 ('81', 'field', '18', 'en_us', ''),
 ('81', 'field', '19', 'en_us', ' jeff lesueur jeffrey bee laura eyring ed borsuk '),
 ('81', 'field', '20', 'en_us', ''),
 ('81', 'field', '21', 'en_us', ' engineering academy '),
 ('81', 'slug', '0', 'en_us', ' engineering academy computer aided design math '),
 ('81', 'title', '0', 'en_us', ' engineering academy technology '),
 ('82', 'field', '1', 'en_us', ' lorem ipsum dolor sit amet consectetuer adipiscing elit aenean commodoligula eget dolor aenean massa cum sociis natoque penatibus etmagnis dis parturient montes nascetur ridiculus mus '),
 ('82', 'field', '15', 'en_us', ''),
 ('82', 'field', '18', 'en_us', ''),
 ('82', 'field', '19', 'en_us', ' troy spear '),
 ('82', 'field', '20', 'en_us', ''),
 ('82', 'field', '21', 'en_us', ' computer aided design and engineering technologies '),
 ('82', 'slug', '0', 'en_us', ' computer aided design and engineering technologies i '),
 ('82', 'title', '0', 'en_us', ' computer aided design and engineering technologies i '),
 ('83', 'field', '1', 'en_us', ' lorem ipsum dolor sit amet consectetuer adipiscing elit aenean commodoligula eget dolor aenean massa cum sociis natoque penatibus etmagnis dis parturient montes nascetur ridiculus mus '),
 ('83', 'field', '15', 'en_us', ''),
 ('83', 'field', '18', 'en_us', ''),
 ('83', 'field', '19', 'en_us', ' jeffrey bee '),
 ('83', 'field', '20', 'en_us', ''),
 ('83', 'field', '21', 'en_us', ' computer aided design and engineering technologies '),
 ('83', 'slug', '0', 'en_us', ' computer aided design and engineering technologies i 1 '),
 ('83', 'title', '0', 'en_us', ' computer aided design and engineering technologies ii '),
 ('84', 'field', '1', 'en_us', ' lorem ipsum dolor sit amet consectetuer adipiscing elit aenean commodoligula eget dolor aenean massa cum sociis natoque penatibus etmagnis dis parturient montes nascetur ridiculus mus '),
 ('84', 'field', '15', 'en_us', ''),
 ('84', 'field', '18', 'en_us', ''),
 ('84', 'field', '19', 'en_us', ' terry slattery '),
 ('84', 'field', '20', 'en_us', ''),
 ('84', 'field', '21', 'en_us', ' athletic health care fitness '),
 ('84', 'slug', '0', 'en_us', ' athletic healthcare and fitness '),
 ('84', 'title', '0', 'en_us', ' athletic healthcare and fitness '),
 ('86', 'field', '1', 'en_us', ' lorem ipsum dolor sit amet consectetuer adipiscing elit aenean commodoligula eget dolor aenean massa cum sociis natoque penatibus etmagnis dis parturient montes nascetur ridiculus mus '),
 ('86', 'field', '15', 'en_us', ''),
 ('86', 'field', '18', 'en_us', ''),
 ('86', 'field', '19', 'en_us', ' catie milton angela textor '),
 ('86', 'field', '20', 'en_us', ''),
 ('86', 'field', '21', 'en_us', ' health care and technologies '),
 ('86', 'slug', '0', 'en_us', ' health career technologies 1 '),
 ('86', 'title', '0', 'en_us', ' health career technologies '),
 ('87', 'field', '1', 'en_us', ' lorem ipsum dolor sit amet consectetuer adipiscing elit aenean commodoligula eget dolor aenean massa cum sociis natoque penatibus etmagnis dis parturient montes nascetur ridiculus mus '),
 ('87', 'field', '15', 'en_us', ''),
 ('87', 'field', '18', 'en_us', ''),
 ('87', 'field', '19', 'en_us', ' sandi melucci '),
 ('87', 'field', '20', 'en_us', ''),
 ('87', 'field', '21', 'en_us', ' cosmetology '),
 ('87', 'slug', '0', 'en_us', ' cosmetology i '),
 ('87', 'title', '0', 'en_us', ' cosmetology i '),
 ('88', 'field', '1', 'en_us', ' lorem ipsum dolor sit amet consectetuer adipiscing elit aenean commodoligula eget dolor aenean massa cum sociis natoque penatibus etmagnis dis parturient montes nascetur ridiculus mus '),
 ('88', 'field', '15', 'en_us', ''),
 ('88', 'field', '18', 'en_us', ''),
 ('88', 'field', '19', 'en_us', ' jeff lesueur '),
 ('88', 'field', '20', 'en_us', ''),
 ('88', 'field', '21', 'en_us', ' cosmetology '),
 ('88', 'slug', '0', 'en_us', ' cosmetology ii '),
 ('88', 'title', '0', 'en_us', ' cosmetology ii '),
 ('89', 'filename', '0', 'en_us', ' mj smiling 6 jpg '),
 ('89', 'extension', '0', 'en_us', ' jpg '),
 ('89', 'kind', '0', 'en_us', ' image '),
 ('89', 'slug', '0', 'en_us', ' mj smiling 6 '),
 ('89', 'title', '0', 'en_us', ' mj smiling 6 '),
 ('90', 'filename', '0', 'en_us', ' mj smiling 8 jpg '),
 ('90', 'extension', '0', 'en_us', ' jpg '),
 ('90', 'kind', '0', 'en_us', ' image '),
 ('90', 'slug', '0', 'en_us', ' mj smiling 8 '),
 ('90', 'title', '0', 'en_us', ' mj smiling 8 '),
 ('91', 'field', '1', 'en_us', ' he is a mechanical engineer with a bachelor of science in mechanical engineering degree from the university of akron he earned a master s degree in career and technical education through kent state university he has worked as a mechanical designer project engineer or product engineer on projects worth hundreds of thousands of dollars to multi million dollar projects from new york city to alaska and globally saudi arabia and south korea he has had privilege to have taught and coached four ohio gold medal champions in technical drafting in the past six years 2006 2012 all portage county students each student competed at the national level against the best in the country '),
 ('91', 'field', '15', 'en_us', ''),
 ('91', 'field', '26', 'en_us', ' needed '),
 ('91', 'field', '9', 'en_us', ' needed '),
 ('91', 'field', '56', 'en_us', ' teacher '),
 ('91', 'slug', '0', 'en_us', ' robert '),
 ('91', 'title', '0', 'en_us', ' jeffrey bee '),
 ('71', 'field', '57', 'en_us', ''),
 ('92', 'field', '37', 'en_us', ' how to apply '),
 ('92', 'slug', '0', 'en_us', ''),
 ('93', 'field', '1', 'en_us', ' lorem ipsum dolor sit amet facilisi nostra id fermentum malesuada inceptos amet ut dui commodo elit et vel sed aliquam est malesuada quis viverra vestibulum vel volutpat nec aliquam vulputate nisl dui donec porta arcu nisl nulla praesent mauris odio pellentesque suspendisse mollis dui nobis dictum auctor a sapien torquent massa non id cras cras donec pede sollicitudin pulvinar mi eu lacus enim eleifend eu sed consectetuer dignissim dolor at id maecenas velit mauris eget ultricies aliquam ligula non per massa dis urna tempus sagittis diam mi ut sed pulvinar placerat felis ipsum sodales vulputate magna vitae rhoncus lacinia justo ac sollicitudin donec a aliquet ac lectus sit sem magna vestibulum suscipit wisi cursus euismod vel a venenatis odio curabitur in dapibus inceptos sit vestibulum quis id volutpat donec aliquam blandit neque justo aliquam iaculis eget ut praesent justo nunc quam arcu dolor ullamcorper congue massa suspendisse nec porttitor etiam integer cubilia quam sed suspendisse ut adipiscing in congue tristique ac dictumst quis vel in mollis vel semper sodales nulla enim amet hac felis sagittis arcu mollis magna aliquet litora enim aliquam in amet at aspernatur wisi ut eget eos nam ac id pede in vestibulum urna eros ante morbi dis sem tristique tempor dictumst est luctus vel mollis cursus ipsum ipsum pellentesque libero sodales duis metus dui ac consectetuer diam volutpat risus sem suspendisse magna morbi voluptas quis aenean eros imperdiet non viverra nulla ad sem suscipit praesent phasellus vestibulum hac metus ultrices eu aliquam elit sollicitudin volutpat lacus nibh erat ante duis nullam ac pellentesque in lorem at suspendisse duis '),
 ('93', 'field', '15', 'en_us', ' mj smiling 8 '),
 ('93', 'field', '21', 'en_us', ' forestry and landscape management cosmetology '),
 ('93', 'slug', '0', 'en_us', ' lorem ipsum '),
 ('93', 'title', '0', 'en_us', ' lorem ipsum '),
 ('94', 'filename', '0', 'en_us', ' cuva png '),
 ('94', 'extension', '0', 'en_us', ' png '),
 ('94', 'kind', '0', 'en_us', ' image '),
 ('94', 'slug', '0', 'en_us', ' cuva '),
 ('94', 'title', '0', 'en_us', ' cuva '),
 ('95', 'filename', '0', 'en_us', ' franek jpg '),
 ('95', 'extension', '0', 'en_us', ' jpg '),
 ('95', 'kind', '0', 'en_us', ' image '),
 ('95', 'slug', '0', 'en_us', ' franek '),
 ('95', 'title', '0', 'en_us', ' franek '),
 ('96', 'field', '1', 'en_us', ' as an instructor of forestry and landscape management for 16 years at kent theodore roosevelt high school i ve enjoyed the mix of teaching new skills and knowledge along with providing the ability to apply these skills and knowledge on real job sites in the community it provides for a very fulfilling career i believe that careers related to this field provide and promote an active healthy and happy lifestyle and a very high quality of life as part of the program i advocate living healthy by emphasizing safe working habits proper diet and sleep habits and involvement in activities that promote fitness '),
 ('96', 'field', '15', 'en_us', ' franek '),
 ('96', 'field', '26', 'en_us', ' ke_tfranek kentschools net '),
 ('96', 'field', '9', 'en_us', ' needed '),
 ('96', 'field', '56', 'en_us', ' teacher '),
 ('96', 'slug', '0', 'en_us', ' mr tom franek '),
 ('96', 'title', '0', 'en_us', ' tom franek '),
 ('147', 'kind', '0', 'en_us', ' image '),
 ('147', 'slug', '0', 'en_us', ' 28 ');
INSERT INTO `craft_searchindex` (`elementId`, `attribute`, `fieldId`, `locale`, `keywords`) VALUES
 ('147', 'title', '0', 'en_us', ' 28 '),
 ('97', 'filename', '0', 'en_us', ' 1 white red condensed svg '),
 ('97', 'extension', '0', 'en_us', ' svg '),
 ('97', 'kind', '0', 'en_us', ' image '),
 ('97', 'slug', '0', 'en_us', ' 1 white red condensed '),
 ('97', 'title', '0', 'en_us', ' 1 white red condensed '),
 ('99', 'field', '9', 'en_us', ''),
 ('99', 'field', '26', 'en_us', ''),
 ('99', 'field', '1', 'en_us', ''),
 ('99', 'field', '15', 'en_us', ''),
 ('99', 'field', '56', 'en_us', ' faculty '),
 ('99', 'slug', '0', 'en_us', ' terry slattery '),
 ('99', 'title', '0', 'en_us', ' terry slattery '),
 ('100', 'field', '1', 'en_us', ''),
 ('100', 'field', '15', 'en_us', ''),
 ('100', 'field', '26', 'en_us', ' ke_bdunlap kentschools net '),
 ('100', 'field', '9', 'en_us', ''),
 ('100', 'field', '56', 'en_us', ' teacher '),
 ('100', 'slug', '0', 'en_us', ' ben dunlap '),
 ('100', 'title', '0', 'en_us', ' ben dunlap '),
 ('101', 'field', '1', 'en_us', ''),
 ('101', 'field', '15', 'en_us', ''),
 ('101', 'field', '26', 'en_us', ' ke_tspear kentschools net '),
 ('101', 'field', '9', 'en_us', ''),
 ('101', 'field', '56', 'en_us', ' teacher '),
 ('101', 'slug', '0', 'en_us', ' troy spear '),
 ('101', 'title', '0', 'en_us', ' troy spear '),
 ('102', 'field', '1', 'en_us', ''),
 ('102', 'field', '15', 'en_us', ' titko '),
 ('102', 'field', '26', 'en_us', ' ke_dtitko kentschools net '),
 ('102', 'field', '9', 'en_us', ''),
 ('102', 'field', '56', 'en_us', ' teacher '),
 ('102', 'slug', '0', 'en_us', ' don titko '),
 ('102', 'title', '0', 'en_us', ' don titko '),
 ('103', 'field', '1', 'en_us', ''),
 ('103', 'field', '15', 'en_us', ''),
 ('103', 'field', '26', 'en_us', ' ke_smelucci kentschools net '),
 ('103', 'field', '9', 'en_us', ''),
 ('103', 'field', '56', 'en_us', ' teacher '),
 ('103', 'slug', '0', 'en_us', ' sandi melucci '),
 ('103', 'title', '0', 'en_us', ' sandi melucci '),
 ('104', 'field', '1', 'en_us', ''),
 ('104', 'field', '15', 'en_us', ''),
 ('104', 'field', '26', 'en_us', ' ke_dwardell kentschools net '),
 ('104', 'field', '9', 'en_us', ''),
 ('104', 'field', '56', 'en_us', ' teacher '),
 ('104', 'slug', '0', 'en_us', ' danielle wardell '),
 ('104', 'title', '0', 'en_us', ' danielle wardell '),
 ('105', 'field', '1', 'en_us', ''),
 ('105', 'field', '15', 'en_us', ''),
 ('105', 'field', '26', 'en_us', ' ke_jlesueur kentschools net '),
 ('105', 'field', '9', 'en_us', ''),
 ('105', 'field', '56', 'en_us', ' teacher '),
 ('105', 'slug', '0', 'en_us', ' jeff lesueur '),
 ('105', 'title', '0', 'en_us', ' jeff lesueur '),
 ('106', 'field', '1', 'en_us', ''),
 ('106', 'field', '15', 'en_us', ''),
 ('106', 'field', '26', 'en_us', ' st_borsuk smfcsd org '),
 ('106', 'field', '9', 'en_us', ''),
 ('106', 'field', '56', 'en_us', ' teacher '),
 ('106', 'slug', '0', 'en_us', ' ed borsuk '),
 ('106', 'title', '0', 'en_us', ' ed borsuk '),
 ('107', 'field', '1', 'en_us', ''),
 ('107', 'field', '15', 'en_us', ''),
 ('107', 'field', '26', 'en_us', ' ke_leyring kentschools net '),
 ('107', 'field', '9', 'en_us', ''),
 ('107', 'field', '56', 'en_us', ' teacher '),
 ('107', 'slug', '0', 'en_us', ' laura eyring '),
 ('107', 'title', '0', 'en_us', ' laura eyring '),
 ('108', 'field', '1', 'en_us', ''),
 ('108', 'field', '15', 'en_us', ''),
 ('108', 'field', '26', 'en_us', ' ke_kadelman kentschools net '),
 ('108', 'field', '9', 'en_us', ''),
 ('108', 'field', '56', 'en_us', ' teacher '),
 ('108', 'slug', '0', 'en_us', ' kasey adelman '),
 ('108', 'title', '0', 'en_us', ' kasey adelman '),
 ('109', 'field', '1', 'en_us', ''),
 ('109', 'field', '15', 'en_us', ''),
 ('109', 'field', '26', 'en_us', ' st_helmick smfcsd org '),
 ('109', 'field', '9', 'en_us', ''),
 ('109', 'field', '56', 'en_us', ' teacher '),
 ('109', 'slug', '0', 'en_us', ' david helmick st helmick smfcsd org '),
 ('109', 'title', '0', 'en_us', ' david helmick '),
 ('110', 'field', '1', 'en_us', ''),
 ('110', 'field', '15', 'en_us', ''),
 ('110', 'field', '26', 'en_us', ' ke_skaplan kentschools net '),
 ('110', 'field', '9', 'en_us', ''),
 ('110', 'field', '56', 'en_us', ''),
 ('110', 'slug', '0', 'en_us', ' sarah kaplan '),
 ('110', 'title', '0', 'en_us', ' sarah kaplan '),
 ('111', 'field', '1', 'en_us', ''),
 ('111', 'field', '15', 'en_us', ''),
 ('111', 'field', '26', 'en_us', ' st_morris smfcsd org '),
 ('111', 'field', '9', 'en_us', ''),
 ('111', 'field', '56', 'en_us', ' teacher '),
 ('111', 'slug', '0', 'en_us', ' aaron morris '),
 ('111', 'title', '0', 'en_us', ' aaron morris '),
 ('112', 'field', '1', 'en_us', ''),
 ('112', 'field', '15', 'en_us', ''),
 ('112', 'field', '26', 'en_us', ' ke_jseabolt kentschools net ');
INSERT INTO `craft_searchindex` (`elementId`, `attribute`, `fieldId`, `locale`, `keywords`) VALUES
 ('112', 'field', '9', 'en_us', ''),
 ('112', 'field', '56', 'en_us', ' teacher '),
 ('112', 'slug', '0', 'en_us', ' john seabolt '),
 ('112', 'title', '0', 'en_us', ' john seabolt '),
 ('113', 'field', '1', 'en_us', ''),
 ('113', 'field', '15', 'en_us', ''),
 ('113', 'field', '26', 'en_us', ' st_dsyvanych smfcsd org '),
 ('113', 'field', '9', 'en_us', ''),
 ('113', 'field', '56', 'en_us', ' teacher '),
 ('113', 'slug', '0', 'en_us', ' dan syvanych '),
 ('113', 'title', '0', 'en_us', ' dan syvanych '),
 ('114', 'field', '1', 'en_us', ''),
 ('114', 'field', '15', 'en_us', ''),
 ('114', 'field', '26', 'en_us', ' ke_jlang kentschools net '),
 ('114', 'field', '9', 'en_us', ''),
 ('114', 'field', '56', 'en_us', ' teacher '),
 ('114', 'slug', '0', 'en_us', ' john lang '),
 ('114', 'title', '0', 'en_us', ' john lang '),
 ('115', 'field', '1', 'en_us', ''),
 ('115', 'field', '15', 'en_us', ''),
 ('115', 'field', '26', 'en_us', ' ke_cmilton kentschools net '),
 ('115', 'field', '9', 'en_us', ''),
 ('115', 'field', '56', 'en_us', ' teacher '),
 ('115', 'slug', '0', 'en_us', ' catie milton '),
 ('115', 'title', '0', 'en_us', ' catie milton '),
 ('116', 'field', '1', 'en_us', ''),
 ('116', 'field', '15', 'en_us', ''),
 ('116', 'field', '26', 'en_us', ' ke_atextor kentschools net '),
 ('116', 'field', '9', 'en_us', ''),
 ('116', 'field', '56', 'en_us', ' teacher '),
 ('116', 'slug', '0', 'en_us', ' angela textor '),
 ('116', 'title', '0', 'en_us', ' angela textor '),
 ('117', 'field', '1', 'en_us', ''),
 ('117', 'field', '15', 'en_us', ''),
 ('117', 'field', '26', 'en_us', ' ke_bpfeiffer kentschools net '),
 ('117', 'field', '9', 'en_us', ''),
 ('117', 'field', '56', 'en_us', ' faculty '),
 ('117', 'slug', '0', 'en_us', ' brent pfeiffer '),
 ('117', 'title', '0', 'en_us', ' brent pfeiffer '),
 ('118', 'field', '1', 'en_us', ''),
 ('118', 'field', '15', 'en_us', ''),
 ('118', 'field', '26', 'en_us', ' ke_rbulter kentschools net '),
 ('118', 'field', '9', 'en_us', ''),
 ('118', 'field', '56', 'en_us', ' teacher '),
 ('118', 'slug', '0', 'en_us', ' rhonda butler carson ke rbulter kentschools net '),
 ('118', 'title', '0', 'en_us', ' rhonda butler carson '),
 ('120', 'slug', '0', 'en_us', ' staff '),
 ('120', 'title', '0', 'en_us', ' staff administration '),
 ('121', 'filename', '0', 'en_us', ' wp or man jpg '),
 ('121', 'extension', '0', 'en_us', ' jpg '),
 ('121', 'kind', '0', 'en_us', ' image '),
 ('121', 'slug', '0', 'en_us', ' wp or man '),
 ('121', 'title', '0', 'en_us', ' wp or man '),
 ('122', 'filename', '0', 'en_us', ' 3 white red expanded svg '),
 ('122', 'extension', '0', 'en_us', ' svg '),
 ('122', 'kind', '0', 'en_us', ' image '),
 ('122', 'slug', '0', 'en_us', ' 3 white red expanded '),
 ('122', 'title', '0', 'en_us', ' 3 white red expanded '),
 ('8', 'field', '3', 'en_us', ' kentcte 05 '),
 ('7', 'field', '63', 'en_us', ' kent roosevelt high school career technical education '),
 ('8', 'field', '76', 'en_us', ' fdsfsdfsdfsddfs facebook dsffdsfs instagram dsfsdfsd twitter dfsdfsd linkedin dfssfds flickr fsdfsdfs youtube fdssdfsdffsd snapchat fsddfsfs tumblr dsfdsfsfd other '),
 ('124', 'filename', '0', 'en_us', ' 3 black red expanded svg '),
 ('124', 'extension', '0', 'en_us', ' svg '),
 ('124', 'kind', '0', 'en_us', ' image '),
 ('124', 'slug', '0', 'en_us', ' 3 black red expanded '),
 ('124', 'title', '0', 'en_us', ' 3 black red expanded '),
 ('129', 'extension', '0', 'en_us', ' jpg '),
 ('129', 'filename', '0', 'en_us', ' teaching jpg '),
 ('128', 'filename', '0', 'en_us', ' cos2 jpg '),
 ('128', 'extension', '0', 'en_us', ' jpg '),
 ('128', 'kind', '0', 'en_us', ' image '),
 ('128', 'slug', '0', 'en_us', ' cos2 '),
 ('128', 'title', '0', 'en_us', ' cos2 '),
 ('129', 'kind', '0', 'en_us', ' image '),
 ('129', 'slug', '0', 'en_us', ' teaching '),
 ('129', 'title', '0', 'en_us', ' teaching '),
 ('70', 'field', '57', 'en_us', ''),
 ('130', 'filename', '0', 'en_us', ' engineering academy jpg '),
 ('130', 'extension', '0', 'en_us', ' jpg '),
 ('130', 'kind', '0', 'en_us', ' image '),
 ('130', 'slug', '0', 'en_us', ' engineering academy '),
 ('130', 'title', '0', 'en_us', ' engineering academy '),
 ('68', 'field', '57', 'en_us', ''),
 ('131', 'filename', '0', 'en_us', ' eng man jpg '),
 ('131', 'extension', '0', 'en_us', ' jpg '),
 ('131', 'kind', '0', 'en_us', ' image '),
 ('131', 'slug', '0', 'en_us', ' eng man '),
 ('131', 'title', '0', 'en_us', ' eng man '),
 ('67', 'field', '57', 'en_us', ''),
 ('132', 'filename', '0', 'en_us', ' teaching 3 jpg '),
 ('132', 'extension', '0', 'en_us', ' jpg '),
 ('132', 'kind', '0', 'en_us', ' image '),
 ('132', 'slug', '0', 'en_us', ' teaching 3 '),
 ('132', 'title', '0', 'en_us', ' teaching 3 '),
 ('65', 'field', '57', 'en_us', ''),
 ('64', 'field', '57', 'en_us', ''),
 ('133', 'filename', '0', 'en_us', ' 20151208_085642 jpg '),
 ('133', 'extension', '0', 'en_us', ' jpg '),
 ('133', 'kind', '0', 'en_us', ' image '),
 ('133', 'slug', '0', 'en_us', ' 20151208 085642 ');
INSERT INTO `craft_searchindex` (`elementId`, `attribute`, `fieldId`, `locale`, `keywords`) VALUES
 ('133', 'title', '0', 'en_us', ' 20151208 085642 '),
 ('60', 'field', '57', 'en_us', ''),
 ('134', 'filename', '0', 'en_us', ' ele2 jpg '),
 ('134', 'extension', '0', 'en_us', ' jpg '),
 ('134', 'kind', '0', 'en_us', ' image '),
 ('134', 'slug', '0', 'en_us', ' ele2 '),
 ('134', 'title', '0', 'en_us', ' ele2 '),
 ('62', 'field', '57', 'en_us', ''),
 ('63', 'field', '57', 'en_us', ''),
 ('66', 'field', '57', 'en_us', ''),
 ('69', 'field', '57', 'en_us', ''),
 ('137', 'slug', '0', 'en_us', ''),
 ('140', 'extension', '0', 'en_us', ' svg '),
 ('137', 'field', '15', 'en_us', ' doughboy '),
 ('136', 'filename', '0', 'en_us', ' titko png '),
 ('136', 'extension', '0', 'en_us', ' png '),
 ('136', 'kind', '0', 'en_us', ' image '),
 ('136', 'slug', '0', 'en_us', ' titko '),
 ('136', 'title', '0', 'en_us', ' titko '),
 ('140', 'filename', '0', 'en_us', ' kentcte full white red svg '),
 ('139', 'filename', '0', 'en_us', ' doughboy png '),
 ('139', 'extension', '0', 'en_us', ' png '),
 ('139', 'kind', '0', 'en_us', ' image '),
 ('139', 'slug', '0', 'en_us', ' doughboy '),
 ('139', 'title', '0', 'en_us', ' doughboy '),
 ('140', 'kind', '0', 'en_us', ' image '),
 ('140', 'slug', '0', 'en_us', ' kentcte full white red '),
 ('140', 'title', '0', 'en_us', ' kent roosevelt high school career technical education '),
 ('141', 'filename', '0', 'en_us', ' kentcte full blackred svg '),
 ('141', 'extension', '0', 'en_us', ' svg '),
 ('141', 'kind', '0', 'en_us', ' image '),
 ('141', 'slug', '0', 'en_us', ' kentcte full blackred '),
 ('141', 'title', '0', 'en_us', ' kent roosevelt high school career technical education '),
 ('145', 'filename', '0', 'en_us', ' cte white red full2 08 svg '),
 ('142', 'filename', '0', 'en_us', ' kentcte condensed whitered svg '),
 ('142', 'extension', '0', 'en_us', ' svg '),
 ('142', 'kind', '0', 'en_us', ' image '),
 ('142', 'slug', '0', 'en_us', ' kentcte condensed whitered '),
 ('142', 'title', '0', 'en_us', ' kent cte '),
 ('143', 'filename', '0', 'en_us', ' kentcte 05 svg '),
 ('143', 'extension', '0', 'en_us', ' svg '),
 ('143', 'kind', '0', 'en_us', ' image '),
 ('143', 'slug', '0', 'en_us', ' kentcte 05 '),
 ('143', 'title', '0', 'en_us', ' kentcte 05 '),
 ('144', 'filename', '0', 'en_us', ' cte white red full 08 svg '),
 ('144', 'extension', '0', 'en_us', ' svg '),
 ('144', 'kind', '0', 'en_us', ' image '),
 ('144', 'slug', '0', 'en_us', ' cte white red full 08 '),
 ('144', 'title', '0', 'en_us', ' cte white red full 08 '),
 ('145', 'extension', '0', 'en_us', ' svg '),
 ('145', 'kind', '0', 'en_us', ' image '),
 ('145', 'slug', '0', 'en_us', ' cte white red full2 08 '),
 ('145', 'title', '0', 'en_us', ' cte white red full2 08 '),
 ('146', 'filename', '0', 'en_us', ' practice jpg '),
 ('146', 'extension', '0', 'en_us', ' jpg '),
 ('146', 'kind', '0', 'en_us', ' image '),
 ('146', 'slug', '0', 'en_us', ' practice '),
 ('146', 'title', '0', 'en_us', ' practice '),
 ('2', 'field', '64', 'en_us', ' career technical education '),
 ('151', 'filename', '0', 'en_us', ' img_4470 jpg '),
 ('151', 'extension', '0', 'en_us', ' jpg '),
 ('151', 'kind', '0', 'en_us', ' image '),
 ('151', 'slug', '0', 'en_us', ' img 4470 '),
 ('151', 'title', '0', 'en_us', ' img 4470 '),
 ('152', 'field', '1', 'en_us', ' this is the body '),
 ('152', 'field', '15', 'en_us', ' cos2 '),
 ('152', 'field', '21', 'en_us', ' marketing management '),
 ('152', 'slug', '0', 'en_us', ' story about marketing management '),
 ('152', 'title', '0', 'en_us', ' story about marketing management '),
 ('194', 'extension', '0', 'en_us', ' jpg '),
 ('194', 'kind', '0', 'en_us', ' image '),
 ('59', 'field', '15', 'en_us', ' cos2 '),
 ('58', 'field', '15', 'en_us', ' 28 '),
 ('57', 'field', '15', 'en_us', ' franek '),
 ('56', 'field', '15', 'en_us', ' 28 '),
 ('55', 'field', '15', 'en_us', ' img 4470 '),
 ('54', 'field', '15', 'en_us', ' franek '),
 ('53', 'field', '15', 'en_us', ' cos2 '),
 ('194', 'filename', '0', 'en_us', ' 2013 12 10 13 55 53 jpg '),
 ('152', 'field', '65', 'en_us', ''),
 ('155', 'slug', '0', 'en_us', ' type 1 '),
 ('155', 'title', '0', 'en_us', ' type 1 '),
 ('156', 'slug', '0', 'en_us', ' type 2 '),
 ('156', 'title', '0', 'en_us', ' type 2 '),
 ('157', 'slug', '0', 'en_us', ' type 3 '),
 ('157', 'title', '0', 'en_us', ' type 3 '),
 ('8', 'field', '71', 'en_us', ''),
 ('158', 'field', '65', 'en_us', ' here is the second event '),
 ('158', 'field', '25', 'en_us', ' 2017 11 14 '),
 ('158', 'field', '27', 'en_us', ' brief event description  '),
 ('158', 'field', '72', 'en_us', ' somewhere '),
 ('158', 'field', '21', 'en_us', ''),
 ('158', 'field', '73', 'en_us', ' 2017 09 18 '),
 ('158', 'slug', '0', 'en_us', ' event two '),
 ('158', 'title', '0', 'en_us', ' event two '),
 ('159', 'field', '65', 'en_us', ' preview text '),
 ('159', 'field', '25', 'en_us', ' 2017 10 24 '),
 ('159', 'field', '27', 'en_us', ' event description '),
 ('159', 'field', '72', 'en_us', ' somewhere '),
 ('159', 'field', '21', 'en_us', '');
INSERT INTO `craft_searchindex` (`elementId`, `attribute`, `fieldId`, `locale`, `keywords`) VALUES
 ('159', 'field', '73', 'en_us', ' 2017 09 18 '),
 ('159', 'slug', '0', 'en_us', ' event three '),
 ('159', 'title', '0', 'en_us', ' event three '),
 ('160', 'field', '65', 'en_us', ' preview text '),
 ('160', 'field', '25', 'en_us', ' 2017 10 20 '),
 ('160', 'field', '27', 'en_us', ' event description '),
 ('160', 'field', '72', 'en_us', ' somewhere '),
 ('160', 'field', '21', 'en_us', ''),
 ('160', 'field', '73', 'en_us', ' 2017 09 18 '),
 ('160', 'slug', '0', 'en_us', ' fourth event '),
 ('160', 'title', '0', 'en_us', ' fourth event '),
 ('117', 'field', '66', 'en_us', ' 0 '),
 ('35', 'field', '67', 'en_us', ' idea base logo horizontal color kjbblkbkjbzkjcb knjsfdknskdfn kdsnflnlsnkl flsdkflsndfl fdksjnfksnfksdnk fndsfksdnfks '),
 ('161', 'field', '68', 'en_us', ' kjbblkbkjbzkjcb '),
 ('161', 'field', '69', 'en_us', ' knjsfdknskdfn '),
 ('161', 'field', '70', 'en_us', ' idea base logo horizontal color '),
 ('161', 'slug', '0', 'en_us', ''),
 ('162', 'field', '68', 'en_us', ' kdsnflnlsnkl '),
 ('162', 'field', '69', 'en_us', ' flsdkflsndfl '),
 ('162', 'field', '70', 'en_us', ''),
 ('162', 'slug', '0', 'en_us', ''),
 ('163', 'field', '68', 'en_us', ' fdksjnfksnfksdnk '),
 ('163', 'field', '69', 'en_us', ' fndsfksdnfks '),
 ('163', 'field', '70', 'en_us', ''),
 ('163', 'slug', '0', 'en_us', ''),
 ('52', 'field', '65', 'en_us', ''),
 ('52', 'field', '72', 'en_us', ''),
 ('52', 'field', '73', 'en_us', ' 2017 09 18 '),
 ('37', 'field', '65', 'en_us', ' dsadsadas '),
 ('37', 'field', '25', 'en_us', ' 2017 09 19 '),
 ('37', 'field', '39', 'en_us', ''),
 ('3', 'field', '65', 'en_us', ''),
 ('3', 'field', '25', 'en_us', ' 2017 09 14 '),
 ('3', 'field', '39', 'en_us', ''),
 ('160', 'field', '74', 'en_us', ' 2017 09 18 '),
 ('52', 'field', '74', 'en_us', ' 2017 09 18 '),
 ('158', 'field', '74', 'en_us', ' 2017 09 18 '),
 ('159', 'field', '74', 'en_us', ' 2017 09 18 '),
 ('93', 'field', '65', 'en_us', ''),
 ('164', 'field', '65', 'en_us', ' fdfsdfdsfds '),
 ('164', 'field', '25', 'en_us', ' 2017 09 20 '),
 ('164', 'field', '1', 'en_us', ' fsdfsdfdsf '),
 ('164', 'field', '2', 'en_us', ''),
 ('164', 'field', '39', 'en_us', ''),
 ('164', 'slug', '0', 'en_us', ' fdsfsdfds '),
 ('164', 'title', '0', 'en_us', ' fdsfsdfds '),
 ('165', 'field', '65', 'en_us', ' fdsfsdfdsf '),
 ('165', 'field', '25', 'en_us', ' 2017 09 19 '),
 ('165', 'field', '1', 'en_us', ' fdsfdsfds '),
 ('165', 'field', '2', 'en_us', ''),
 ('165', 'field', '39', 'en_us', ''),
 ('165', 'slug', '0', 'en_us', ' dfdsfsdfds '),
 ('165', 'title', '0', 'en_us', ' dfdsfsdfds '),
 ('166', 'field', '65', 'en_us', ' fdfsdfs '),
 ('166', 'field', '25', 'en_us', ' 2017 09 13 '),
 ('166', 'field', '1', 'en_us', ' dfsdfsdfds '),
 ('166', 'field', '2', 'en_us', ''),
 ('166', 'field', '39', 'en_us', ''),
 ('166', 'slug', '0', 'en_us', ' dfsdfds '),
 ('166', 'title', '0', 'en_us', ' dfsdfds '),
 ('167', 'field', '65', 'en_us', ' ghhfhfgh '),
 ('167', 'field', '25', 'en_us', ' 2017 09 14 '),
 ('167', 'field', '1', 'en_us', ' gfhfghfghfgh '),
 ('167', 'field', '2', 'en_us', ''),
 ('167', 'field', '39', 'en_us', ''),
 ('167', 'slug', '0', 'en_us', ' gfhfhf '),
 ('167', 'title', '0', 'en_us', ' gfhfhf '),
 ('168', 'field', '65', 'en_us', ' ghfghfghgfh '),
 ('168', 'field', '25', 'en_us', ' 2017 09 12 '),
 ('168', 'field', '1', 'en_us', ' ghfghfghgf '),
 ('168', 'field', '2', 'en_us', ''),
 ('168', 'field', '39', 'en_us', ''),
 ('168', 'slug', '0', 'en_us', ' ghfghfghgfhf '),
 ('168', 'title', '0', 'en_us', ' ghfghfghgfhf '),
 ('169', 'field', '65', 'en_us', ' hgfhfghfg '),
 ('169', 'field', '25', 'en_us', ' 2017 09 20 '),
 ('169', 'field', '1', 'en_us', ' ghfghfghgfhf '),
 ('169', 'field', '2', 'en_us', ''),
 ('169', 'field', '39', 'en_us', ''),
 ('169', 'slug', '0', 'en_us', ' ghfghfghfghgf '),
 ('169', 'title', '0', 'en_us', ' ghfghfghfghgf '),
 ('170', 'field', '65', 'en_us', ' hjkhjkhjk '),
 ('170', 'field', '25', 'en_us', ' 2017 09 05 '),
 ('170', 'field', '1', 'en_us', ' kjhkhjkhjkjhk '),
 ('170', 'field', '2', 'en_us', ''),
 ('170', 'field', '39', 'en_us', ''),
 ('170', 'slug', '0', 'en_us', ' jkjhkhjkhj '),
 ('170', 'title', '0', 'en_us', ' jkjhkhjkhj '),
 ('171', 'field', '65', 'en_us', ' jkjhkhj '),
 ('171', 'field', '25', 'en_us', ' 2017 09 19 '),
 ('171', 'field', '1', 'en_us', ' nvbnhdffgkdsbnyrbtvtbenmo tfhgh '),
 ('171', 'field', '2', 'en_us', ''),
 ('171', 'field', '39', 'en_us', ''),
 ('171', 'slug', '0', 'en_us', ' kjhhkhjk '),
 ('171', 'title', '0', 'en_us', ' kjhhkhjk '),
 ('172', 'field', '65', 'en_us', ' bnm gfrvb ghjh okjh5e6bw '),
 ('172', 'field', '25', 'en_us', ' 2017 09 28 '),
 ('172', 'field', '1', 'en_us', ' ninbyretvg fhjkml ijureytvgdh fhjgk loureytvsfg hj oy imuyetg '),
 ('172', 'field', '2', 'en_us', ''),
 ('172', 'field', '39', 'en_us', '');
INSERT INTO `craft_searchindex` (`elementId`, `attribute`, `fieldId`, `locale`, `keywords`) VALUES
 ('172', 'slug', '0', 'en_us', ' nj yklioituerybevbnmn '),
 ('172', 'title', '0', 'en_us', ' nj yklioituerybevbnmn '),
 ('173', 'field', '65', 'en_us', ' bbnm uplkjtrbh luiyrtegvdvbv '),
 ('173', 'field', '25', 'en_us', ''),
 ('173', 'field', '1', 'en_us', ' bnmykijbhrd cvmewrvbgm ulkjhryb nm miu rth '),
 ('173', 'field', '2', 'en_us', ''),
 ('173', 'field', '39', 'en_us', ''),
 ('173', 'slug', '0', 'en_us', ' vbjnkmmnbrvfcsafvdgbhnjj '),
 ('173', 'title', '0', 'en_us', ' vbjnkmmnbrvfcsafvdgbhnjj '),
 ('174', 'field', '65', 'en_us', ' gfdbcbvght bgfd '),
 ('174', 'field', '25', 'en_us', ' 2017 09 20 '),
 ('174', 'field', '1', 'en_us', ' fdv bxvc fm '),
 ('174', 'field', '2', 'en_us', ''),
 ('174', 'field', '39', 'en_us', ''),
 ('174', 'slug', '0', 'en_us', ' df ghnbdfg bvc '),
 ('174', 'title', '0', 'en_us', ' df ghnbdfg bvc '),
 ('175', 'field', '65', 'en_us', ' ddsf dhbvsaf sdfs '),
 ('175', 'field', '25', 'en_us', ' 2017 09 29 '),
 ('175', 'field', '1', 'en_us', ' fdsgdsf fdvcngf d m ds '),
 ('175', 'field', '2', 'en_us', ''),
 ('175', 'field', '39', 'en_us', ''),
 ('175', 'slug', '0', 'en_us', ' sddvscads ggces '),
 ('175', 'title', '0', 'en_us', ' sddvscads ggces '),
 ('93', 'field', '75', 'en_us', ''),
 ('4', 'field', '81', 'en_us', ' http sixdistrict com '),
 ('194', 'slug', '0', 'en_us', ' 2013 12 10 13 55 53 '),
 ('71', 'field', '80', 'en_us', ' cuva franek titko cos2 mj smiling 6 mj smiling 8 2013 12 10 13 55 53 2014 10 14 12 29 15 ahcf1c ahcf2 hct 3 hct 1 20160114 084112 '),
 ('193', 'slug', '0', 'en_us', ''),
 ('192', 'field', '45', 'en_us', ' fdgdsdsf '),
 ('192', 'field', '46', 'en_us', ' fgdg fgdg fgdfggd fgdfggd '),
 ('192', 'slug', '0', 'en_us', ''),
 ('193', 'field', '45', 'en_us', ''),
 ('99', 'field', '66', 'en_us', ' 0 '),
 ('160', 'field', '15', 'en_us', ''),
 ('159', 'field', '15', 'en_us', ''),
 ('158', 'field', '15', 'en_us', ''),
 ('71', 'field', '75', 'en_us', ' https www youtube com watch v=6xwpo5dn254 '),
 ('178', 'field', '77', 'en_us', ' facebook '),
 ('178', 'field', '78', 'en_us', ' fdsfsdfsdfsddfs '),
 ('178', 'slug', '0', 'en_us', ''),
 ('179', 'field', '77', 'en_us', ' instagram '),
 ('179', 'field', '78', 'en_us', ' dsffdsfs '),
 ('179', 'slug', '0', 'en_us', ''),
 ('180', 'field', '77', 'en_us', ' twitter '),
 ('180', 'field', '78', 'en_us', ' dsfsdfsd '),
 ('180', 'slug', '0', 'en_us', ''),
 ('181', 'field', '77', 'en_us', ' linkedin '),
 ('181', 'field', '78', 'en_us', ' dfsdfsd '),
 ('181', 'slug', '0', 'en_us', ''),
 ('182', 'field', '77', 'en_us', ' flickr '),
 ('182', 'field', '78', 'en_us', ' dfssfds '),
 ('182', 'slug', '0', 'en_us', ''),
 ('183', 'field', '77', 'en_us', ' youtube '),
 ('183', 'field', '78', 'en_us', ' fsdfsdfs '),
 ('183', 'slug', '0', 'en_us', ''),
 ('184', 'field', '77', 'en_us', ' snapchat '),
 ('184', 'field', '78', 'en_us', ' fdssdfsdffsd '),
 ('184', 'slug', '0', 'en_us', ''),
 ('185', 'field', '77', 'en_us', ' tumblr '),
 ('185', 'field', '78', 'en_us', ' fsddfsfs '),
 ('185', 'slug', '0', 'en_us', ''),
 ('186', 'field', '77', 'en_us', ' other '),
 ('186', 'field', '78', 'en_us', ' dsfdsfsfd '),
 ('186', 'slug', '0', 'en_us', ''),
 ('193', 'field', '46', 'en_us', ''),
 ('187', 'slug', '0', 'en_us', ' news 1 '),
 ('187', 'title', '0', 'en_us', ' news 1 '),
 ('188', 'slug', '0', 'en_us', ' news 2 '),
 ('188', 'title', '0', 'en_us', ' news 2 '),
 ('189', 'slug', '0', 'en_us', ' news 3 '),
 ('189', 'title', '0', 'en_us', ' news 3 '),
 ('52', 'field', '15', 'en_us', ''),
 ('52', 'field', '39', 'en_us', ' type 1 '),
 ('158', 'field', '39', 'en_us', ' type 2 '),
 ('159', 'field', '39', 'en_us', ' type 1 '),
 ('160', 'field', '39', 'en_us', ' type 1 '),
 ('191', 'slug', '0', 'en_us', ''),
 ('175', 'field', '79', 'en_us', ' news 1 '),
 ('174', 'field', '79', 'en_us', ' news 2 '),
 ('173', 'field', '79', 'en_us', ' news 3 '),
 ('194', 'title', '0', 'en_us', ' 2013 12 10 13 55 53 '),
 ('195', 'filename', '0', 'en_us', ' 2014 10 14 12 29 15 jpg '),
 ('195', 'extension', '0', 'en_us', ' jpg '),
 ('195', 'kind', '0', 'en_us', ' image '),
 ('195', 'slug', '0', 'en_us', ' 2014 10 14 12 29 15 '),
 ('195', 'title', '0', 'en_us', ' 2014 10 14 12 29 15 '),
 ('197', 'kind', '0', 'en_us', ' image '),
 ('197', 'slug', '0', 'en_us', ' ahcf1c '),
 ('197', 'extension', '0', 'en_us', ' jpg '),
 ('197', 'filename', '0', 'en_us', ' ahcf1c jpg '),
 ('197', 'title', '0', 'en_us', ' ahcf1c '),
 ('198', 'filename', '0', 'en_us', ' ahcf2 jpg '),
 ('198', 'extension', '0', 'en_us', ' jpg '),
 ('198', 'kind', '0', 'en_us', ' image '),
 ('198', 'slug', '0', 'en_us', ' ahcf2 '),
 ('198', 'title', '0', 'en_us', ' ahcf2 '),
 ('199', 'filename', '0', 'en_us', ' hct 3 jpg '),
 ('199', 'extension', '0', 'en_us', ' jpg '),
 ('199', 'kind', '0', 'en_us', ' image '),
 ('199', 'slug', '0', 'en_us', ' hct 3 ');
INSERT INTO `craft_searchindex` (`elementId`, `attribute`, `fieldId`, `locale`, `keywords`) VALUES
 ('199', 'title', '0', 'en_us', ' hct 3 '),
 ('200', 'filename', '0', 'en_us', ' hct 1 jpg '),
 ('200', 'extension', '0', 'en_us', ' jpg '),
 ('200', 'kind', '0', 'en_us', ' image '),
 ('200', 'slug', '0', 'en_us', ' hct 1 '),
 ('200', 'title', '0', 'en_us', ' hct 1 '),
 ('201', 'filename', '0', 'en_us', ' 20160114_084112 jpg '),
 ('201', 'extension', '0', 'en_us', ' jpg '),
 ('201', 'kind', '0', 'en_us', ' image '),
 ('201', 'slug', '0', 'en_us', ' 20160114 084112 '),
 ('201', 'title', '0', 'en_us', ' 20160114 084112 '),
 ('8', 'field', '82', 'en_us', ' designed and developed by ideabase in kent oh '),
 ('117', 'field', '76', 'en_us', ' sdffds facebook fsdfdsfdsfds instagram '),
 ('202', 'field', '77', 'en_us', ' facebook '),
 ('202', 'field', '78', 'en_us', ' sdffds '),
 ('202', 'slug', '0', 'en_us', ''),
 ('203', 'field', '77', 'en_us', ' instagram '),
 ('203', 'field', '78', 'en_us', ' fsdfdsfdsfds '),
 ('203', 'slug', '0', 'en_us', ''),
 ('35', 'field', '83', 'en_us', ' dsfdsfsd dfsdfs fdsfdsf dfsdfs fdsfdsfs dsfsdfs '),
 ('204', 'field', '84', 'en_us', ' dsfdsfsd '),
 ('204', 'field', '85', 'en_us', ' dfsdfs '),
 ('204', 'slug', '0', 'en_us', ''),
 ('205', 'field', '84', 'en_us', ' fdsfdsf '),
 ('205', 'field', '85', 'en_us', ' dfsdfs '),
 ('205', 'slug', '0', 'en_us', ''),
 ('206', 'field', '84', 'en_us', ' fdsfdsfs '),
 ('206', 'field', '85', 'en_us', ' dsfsdfs '),
 ('206', 'slug', '0', 'en_us', ''),
 ('207', 'field', '15', 'en_us', ' 20160114 084112 '),
 ('207', 'slug', '0', 'en_us', '');



DROP TABLE IF EXISTS `craft_sections`;


--
-- Schema for table `craft_sections`
--
CREATE TABLE `craft_sections` (
  `id` int(11) NOT NULL AUTO_INCREMENT,
  `structureId` int(11) DEFAULT NULL,
  `name` varchar(255) COLLATE utf8_unicode_ci NOT NULL,
  `handle` varchar(255) COLLATE utf8_unicode_ci NOT NULL,
  `type` enum('single','channel','structure') COLLATE utf8_unicode_ci NOT NULL DEFAULT 'channel',
  `hasUrls` tinyint(1) unsigned NOT NULL DEFAULT '1',
  `template` varchar(500) COLLATE utf8_unicode_ci DEFAULT NULL,
  `enableVersioning` tinyint(1) unsigned NOT NULL DEFAULT '0',
  `dateCreated` datetime NOT NULL,
  `dateUpdated` datetime NOT NULL,
  `uid` char(36) COLLATE utf8_unicode_ci NOT NULL DEFAULT '0',
  PRIMARY KEY (`id`),
  UNIQUE KEY `craft_sections_name_unq_idx` (`name`),
  UNIQUE KEY `craft_sections_handle_unq_idx` (`handle`),
  KEY `craft_sections_structureId_fk` (`structureId`)
) ENGINE=InnoDB AUTO_INCREMENT=17 DEFAULT CHARSET=utf8 COLLATE=utf8_unicode_ci;

--
-- Data for table `craft_sections`
--

INSERT INTO `craft_sections` (`id`, `structureId`, `name`, `handle`, `type`, `hasUrls`, `template`, `enableVersioning`, `dateCreated`, `dateUpdated`, `uid`) VALUES
 ('1', NULL, 'Homepage', 'homepage', 'single', '1', 'index', '1', '2017-04-18 15:33:03', '2017-04-18 15:33:03', '3d92ebac-1898-45a8-bf1d-3e2242686b3e'),
 ('2', NULL, 'News', 'news', 'channel', '1', 'news/_entry', '1', '2017-04-18 15:33:03', '2017-04-18 15:33:03', '0af578e1-1404-454b-bfae-0ad89c03bd3d'),
 ('3', NULL, 'Programs', 'programs', 'channel', '1', 'programs/_entry', '1', '2017-04-20 13:29:33', '2017-06-07 15:16:27', '3e5b60d0-8f6d-4dbb-b7e4-7064e78a2b24'),
 ('4', NULL, 'Classes', 'classes', 'channel', '1', 'programs/_classes', '1', '2017-04-20 13:29:43', '2017-07-05 17:03:29', '490ccb5f-b17f-4878-9be0-d7c093b63bb6'),
 ('5', NULL, 'Success Story', 'successStory', 'channel', '1', 'news/_entry', '1', '2017-04-20 13:29:54', '2017-08-17 17:31:41', 'dba88bfa-15af-45cc-a546-bc00a77b6152'),
 ('6', NULL, 'Projects', 'projects', 'channel', '1', 'projects/_entry', '1', '2017-04-20 13:29:58', '2017-10-23 22:06:37', '3dd69161-74ca-44ea-8150-e048e1b518d7'),
 ('7', NULL, 'Faculty', 'faculty', 'channel', '1', 'faculty/_entry', '1', '2017-04-20 13:30:04', '2017-06-07 15:26:15', '542e39e4-0de7-471e-8150-24f01b845dfc'),
 ('8', NULL, 'Events', 'events', 'channel', '1', 'news/_entry', '1', '2017-04-20 13:30:10', '2017-09-04 19:03:55', '0e08f335-e207-4ed7-965c-630c317d12ff'),
 ('10', NULL, 'Programs Landing Page', 'programsLandingPage', 'single', '1', 'programs/index.html', '1', '2017-04-20 13:30:32', '2017-10-23 22:09:22', '07646a3f-c250-4f20-beb0-624684ff0fb7'),
 ('11', NULL, 'Faculty/Staff Landing Page', 'facultyStaffLandingPage', 'single', '1', 'faculty/index.html', '1', '2017-04-20 13:30:45', '2017-04-20 14:08:04', 'a1098092-00d3-4499-9359-69c49e5b796a'),
 ('12', NULL, 'News/Calendars Landing Page', 'newsCalendarsLandingPage', 'single', '1', 'news/index.html', '1', '2017-04-20 13:31:02', '2017-08-17 17:31:22', 'aca94ee4-7634-4fec-b037-2366eeaf2311'),
 ('13', NULL, 'Admissions', 'admissions', 'single', '1', 'admissions/index.html', '1', '2017-04-20 14:32:28', '2017-09-08 16:42:30', 'e03ddd34-1a94-418a-bbb1-ebe32c693708'),
 ('14', NULL, 'Forms', 'forms', 'single', '1', 'forms/index.html', '1', '2017-04-27 14:59:34', '2017-09-04 16:31:51', 'd67b6d8c-274e-4758-b0fa-22fc8d75566c'),
 ('16', NULL, 'Electives', 'electives', 'channel', '1', 'electives/_entry', '1', '2017-07-05 17:00:17', '2017-07-05 17:00:17', 'd7173c28-2421-4ac3-8b9a-3901ac492ec7');



DROP TABLE IF EXISTS `craft_sections_i18n`;


--
-- Schema for table `craft_sections_i18n`
--
CREATE TABLE `craft_sections_i18n` (
  `id` int(11) NOT NULL AUTO_INCREMENT,
  `sectionId` int(11) NOT NULL,
  `locale` char(12) COLLATE utf8_unicode_ci NOT NULL,
  `enabledByDefault` tinyint(1) unsigned NOT NULL DEFAULT '1',
  `urlFormat` text COLLATE utf8_unicode_ci,
  `nestedUrlFormat` text COLLATE utf8_unicode_ci,
  `dateCreated` datetime NOT NULL,
  `dateUpdated` datetime NOT NULL,
  `uid` char(36) COLLATE utf8_unicode_ci NOT NULL DEFAULT '0',
  PRIMARY KEY (`id`),
  UNIQUE KEY `craft_sections_i18n_sectionId_locale_unq_idx` (`sectionId`,`locale`),
  KEY `craft_sections_i18n_locale_fk` (`locale`)
) ENGINE=InnoDB AUTO_INCREMENT=17 DEFAULT CHARSET=utf8 COLLATE=utf8_unicode_ci;

--
-- Data for table `craft_sections_i18n`
--

INSERT INTO `craft_sections_i18n` (`id`, `sectionId`, `locale`, `enabledByDefault`, `urlFormat`, `nestedUrlFormat`, `dateCreated`, `dateUpdated`, `uid`) VALUES
 ('1', '1', 'en_us', '1', '__home__', NULL, '2017-04-18 15:33:03', '2017-04-18 15:33:03', '6c93e28f-97a5-4681-98cd-873048d96992'),
 ('2', '2', 'en_us', '1', 'news/{postDate.year}/{slug}', NULL, '2017-04-18 15:33:03', '2017-04-18 15:33:03', '10ba301b-2c7a-4c71-acad-7acd24a7a4d5'),
 ('3', '3', 'en_us', '1', 'programs/{slug}', NULL, '2017-04-20 13:29:33', '2017-04-20 13:29:33', '80835956-8395-4858-bda6-4536476941b2'),
 ('4', '4', 'en_us', '1', 'classes/{slug}', NULL, '2017-04-20 13:29:43', '2017-04-20 16:16:57', 'f0a2a472-3060-482e-8049-30a7ee533027'),
 ('5', '5', 'en_us', '1', 'news/{slug}', NULL, '2017-04-20 13:29:54', '2017-08-17 17:31:41', '45acc083-b042-4aa5-b5db-765c5b37310f'),
 ('6', '6', 'en_us', '1', 'projects/{slug}', NULL, '2017-04-20 13:29:58', '2017-04-20 13:29:58', '89eced2c-a756-4877-b7dd-e1e083b2e2c0'),
 ('7', '7', 'en_us', '1', 'faculty/{slug}', NULL, '2017-04-20 13:30:04', '2017-06-07 15:18:34', 'b2bd6855-1bbe-43a2-9895-302970733c4e'),
 ('8', '8', 'en_us', '1', 'news/{slug}', NULL, '2017-04-20 13:30:10', '2017-09-04 18:13:00', 'adcc408a-1948-46a1-b6d3-b05695febf1d'),
 ('10', '10', 'en_us', '1', 'programs', NULL, '2017-04-20 13:30:32', '2017-04-20 14:09:01', '76d38a61-2078-4661-a6aa-d27eb1dbcfa8'),
 ('11', '11', 'en_us', '1', 'faculty', NULL, '2017-04-20 13:30:45', '2017-04-20 14:08:04', 'cc18bf48-72db-4829-b27a-24ad5e5a1181'),
 ('12', '12', 'en_us', '1', 'news', NULL, '2017-04-20 13:31:02', '2017-08-17 17:31:22', '5971189d-a7f5-46f2-b15d-085ddc5aa970'),
 ('13', '13', 'en_us', '1', 'admissions', NULL, '2017-04-20 14:32:28', '2017-04-20 14:32:28', 'be93bdaa-25a2-4d20-bb16-e19240611f9a'),
 ('14', '14', 'en_us', '1', 'forms', NULL, '2017-04-27 14:59:34', '2017-04-27 14:59:34', '94467df2-d988-4c4e-8dcb-27652b303351'),
 ('16', '16', 'en_us', '1', 'electives/{slug}', NULL, '2017-07-05 17:00:17', '2017-07-05 17:00:17', 'f5ef776c-231e-4273-bfc4-9be69d2d3ee1');



DROP TABLE IF EXISTS `craft_seomatic_meta`;


--
-- Schema for table `craft_seomatic_meta`
--
CREATE TABLE `craft_seomatic_meta` (
  `id` int(11) NOT NULL,
  `seoImageId` int(11) DEFAULT NULL,
  `seoTwitterImageId` int(11) DEFAULT NULL,
  `seoFacebookImageId` int(11) DEFAULT NULL,
  `locale` varchar(255) COLLATE utf8_unicode_ci DEFAULT 'en_us',
  `elementId` int(10) DEFAULT '0',
  `metaType` enum('default','template') COLLATE utf8_unicode_ci DEFAULT 'template',
  `metaPath` varchar(255) COLLATE utf8_unicode_ci DEFAULT '',
  `seoMainEntityCategory` varchar(255) COLLATE utf8_unicode_ci DEFAULT '',
  `seoMainEntityOfPage` varchar(255) COLLATE utf8_unicode_ci DEFAULT '',
  `seoTitle` varchar(255) COLLATE utf8_unicode_ci DEFAULT '',
  `seoDescription` varchar(255) COLLATE utf8_unicode_ci DEFAULT '',
  `seoKeywords` varchar(255) COLLATE utf8_unicode_ci DEFAULT '',
  `seoImageTransform` varchar(255) COLLATE utf8_unicode_ci DEFAULT '',
  `seoFacebookImageTransform` varchar(255) COLLATE utf8_unicode_ci DEFAULT '',
  `seoTwitterImageTransform` varchar(255) COLLATE utf8_unicode_ci DEFAULT '',
  `twitterCardType` varchar(255) COLLATE utf8_unicode_ci DEFAULT 'summary',
  `openGraphType` varchar(255) COLLATE utf8_unicode_ci DEFAULT 'website',
  `robots` varchar(255) COLLATE utf8_unicode_ci DEFAULT '',
  `dateCreated` datetime NOT NULL,
  `dateUpdated` datetime NOT NULL,
  `uid` char(36) COLLATE utf8_unicode_ci NOT NULL DEFAULT '0',
  PRIMARY KEY (`id`),
  KEY `craft_seomatic_meta_seoImageId_fk` (`seoImageId`),
  KEY `craft_seomatic_meta_seoTwitterImageId_fk` (`seoTwitterImageId`),
  KEY `craft_seomatic_meta_seoFacebookImageId_fk` (`seoFacebookImageId`)
) ENGINE=InnoDB DEFAULT CHARSET=utf8 COLLATE=utf8_unicode_ci;

DROP TABLE IF EXISTS `craft_seomatic_settings`;


--
-- Schema for table `craft_seomatic_settings`
--
CREATE TABLE `craft_seomatic_settings` (
  `id` int(11) NOT NULL AUTO_INCREMENT,
  `siteSeoImageId` int(11) DEFAULT NULL,
  `siteSeoTwitterImageId` int(11) DEFAULT NULL,
  `siteSeoFacebookImageId` int(11) DEFAULT NULL,
  `genericOwnerImageId` int(11) DEFAULT NULL,
  `genericCreatorImageId` int(11) DEFAULT NULL,
  `locale` varchar(255) COLLATE utf8_unicode_ci DEFAULT '',
  `siteSeoName` varchar(255) COLLATE utf8_unicode_ci DEFAULT '',
  `siteSeoTitle` varchar(255) COLLATE utf8_unicode_ci DEFAULT '',
  `siteSeoTitleSeparator` varchar(10) COLLATE utf8_unicode_ci DEFAULT '|',
  `siteSeoTitlePlacement` enum('before','after','none') COLLATE utf8_unicode_ci DEFAULT 'after',
  `siteSeoDescription` varchar(255) COLLATE utf8_unicode_ci DEFAULT '',
  `siteSeoKeywords` varchar(255) COLLATE utf8_unicode_ci DEFAULT '',
  `siteSeoImageTransform` varchar(100) COLLATE utf8_unicode_ci DEFAULT '',
  `siteSeoFacebookImageTransform` varchar(100) COLLATE utf8_unicode_ci DEFAULT '',
  `siteSeoTwitterImageTransform` varchar(100) COLLATE utf8_unicode_ci DEFAULT '',
  `siteTwitterCardType` varchar(50) COLLATE utf8_unicode_ci DEFAULT '',
  `siteOpenGraphType` varchar(50) COLLATE utf8_unicode_ci DEFAULT '',
  `siteRobots` varchar(50) COLLATE utf8_unicode_ci DEFAULT '',
  `siteRobotsTxt` text COLLATE utf8_unicode_ci,
  `siteLinksSearchTargets` text COLLATE utf8_unicode_ci,
  `siteLinksQueryInput` varchar(50) COLLATE utf8_unicode_ci DEFAULT '',
  `googleSiteVerification` varchar(100) COLLATE utf8_unicode_ci DEFAULT '',
  `bingSiteVerification` varchar(100) COLLATE utf8_unicode_ci DEFAULT '',
  `googleAnalyticsUID` varchar(50) COLLATE utf8_unicode_ci DEFAULT '',
  `googleTagManagerID` varchar(50) COLLATE utf8_unicode_ci DEFAULT '',
  `googleAnalyticsSendPageview` tinyint(1) unsigned NOT NULL DEFAULT '1',
  `googleAnalyticsAdvertising` tinyint(1) unsigned NOT NULL DEFAULT '0',
  `googleAnalyticsEcommerce` tinyint(1) unsigned NOT NULL DEFAULT '0',
  `googleAnalyticsEEcommerce` tinyint(1) unsigned NOT NULL DEFAULT '0',
  `googleAnalyticsLinkAttribution` tinyint(1) unsigned NOT NULL DEFAULT '0',
  `googleAnalyticsLinker` tinyint(1) unsigned NOT NULL DEFAULT '0',
  `googleAnalyticsAnonymizeIp` tinyint(1) NOT NULL,
  `siteOwnerType` varchar(50) COLLATE utf8_unicode_ci DEFAULT '',
  `siteOwnerSubType` varchar(50) COLLATE utf8_unicode_ci DEFAULT '',
  `siteOwnerSpecificType` varchar(50) COLLATE utf8_unicode_ci DEFAULT '',
  `genericOwnerName` varchar(255) COLLATE utf8_unicode_ci DEFAULT '',
  `genericOwnerAlternateName` varchar(255) COLLATE utf8_unicode_ci DEFAULT '',
  `genericOwnerDescription` varchar(1024) COLLATE utf8_unicode_ci DEFAULT '',
  `genericOwnerUrl` varchar(255) COLLATE utf8_unicode_ci DEFAULT '',
  `genericOwnerTelephone` varchar(255) COLLATE utf8_unicode_ci DEFAULT '',
  `genericOwnerEmail` varchar(255) COLLATE utf8_unicode_ci DEFAULT '',
  `genericOwnerStreetAddress` varchar(255) COLLATE utf8_unicode_ci DEFAULT '',
  `genericOwnerAddressLocality` varchar(255) COLLATE utf8_unicode_ci DEFAULT '',
  `genericOwnerAddressRegion` varchar(255) COLLATE utf8_unicode_ci DEFAULT '',
  `genericOwnerPostalCode` varchar(255) COLLATE utf8_unicode_ci DEFAULT '',
  `genericOwnerAddressCountry` varchar(255) COLLATE utf8_unicode_ci DEFAULT '',
  `genericOwnerGeoLatitude` varchar(255) COLLATE utf8_unicode_ci DEFAULT '',
  `genericOwnerGeoLongitude` varchar(255) COLLATE utf8_unicode_ci DEFAULT '',
  `organizationOwnerDuns` varchar(255) COLLATE utf8_unicode_ci DEFAULT '',
  `organizationOwnerFounder` varchar(255) COLLATE utf8_unicode_ci DEFAULT '',
  `organizationOwnerFoundingDate` varchar(255) COLLATE utf8_unicode_ci DEFAULT '',
  `organizationOwnerFoundingLocation` varchar(255) COLLATE utf8_unicode_ci DEFAULT '',
  `organizationOwnerContactPoints` text COLLATE utf8_unicode_ci,
  `localBusinessPriceRange` varchar(10) COLLATE utf8_unicode_ci DEFAULT '$$$',
  `localBusinessOwnerOpeningHours` text COLLATE utf8_unicode_ci,
  `corporationOwnerTickerSymbol` varchar(255) COLLATE utf8_unicode_ci DEFAULT '',
  `restaurantOwnerServesCuisine` varchar(255) COLLATE utf8_unicode_ci DEFAULT '',
  `restaurantOwnerMenuUrl` varchar(255) COLLATE utf8_unicode_ci DEFAULT '',
  `restaurantOwnerReservationsUrl` varchar(255) COLLATE utf8_unicode_ci DEFAULT '',
  `personOwnerGender` varchar(255) COLLATE utf8_unicode_ci DEFAULT '',
  `personOwnerBirthPlace` varchar(255) COLLATE utf8_unicode_ci DEFAULT '',
  `twitterHandle` varchar(50) COLLATE utf8_unicode_ci DEFAULT '',
  `facebookHandle` varchar(50) COLLATE utf8_unicode_ci DEFAULT '',
  `facebookProfileId` varchar(50) COLLATE utf8_unicode_ci DEFAULT '',
  `facebookAppId` varchar(50) COLLATE utf8_unicode_ci DEFAULT '',
  `linkedInHandle` varchar(50) COLLATE utf8_unicode_ci DEFAULT '',
  `googlePlusHandle` varchar(50) COLLATE utf8_unicode_ci DEFAULT '',
  `youtubeHandle` varchar(50) COLLATE utf8_unicode_ci DEFAULT '',
  `youtubeChannelHandle` varchar(50) COLLATE utf8_unicode_ci DEFAULT '',
  `instagramHandle` varchar(50) COLLATE utf8_unicode_ci DEFAULT '',
  `pinterestHandle` varchar(50) COLLATE utf8_unicode_ci DEFAULT '',
  `githubHandle` varchar(50) COLLATE utf8_unicode_ci DEFAULT '',
  `vimeoHandle` varchar(50) COLLATE utf8_unicode_ci DEFAULT '',
  `wikipediaUrl` varchar(100) COLLATE utf8_unicode_ci DEFAULT NULL,
  `siteCreatorType` varchar(255) COLLATE utf8_unicode_ci DEFAULT '',
  `siteCreatorSubType` varchar(255) COLLATE utf8_unicode_ci DEFAULT '',
  `siteCreatorSpecificType` varchar(255) COLLATE utf8_unicode_ci DEFAULT '',
  `genericCreatorName` varchar(255) COLLATE utf8_unicode_ci DEFAULT '',
  `genericCreatorAlternateName` varchar(255) COLLATE utf8_unicode_ci DEFAULT '',
  `genericCreatorDescription` varchar(1024) COLLATE utf8_unicode_ci DEFAULT '',
  `genericCreatorUrl` varchar(255) COLLATE utf8_unicode_ci DEFAULT '',
  `genericCreatorTelephone` varchar(255) COLLATE utf8_unicode_ci DEFAULT '',
  `genericCreatorEmail` varchar(255) COLLATE utf8_unicode_ci DEFAULT '',
  `genericCreatorStreetAddress` varchar(255) COLLATE utf8_unicode_ci DEFAULT '',
  `genericCreatorAddressLocality` varchar(255) COLLATE utf8_unicode_ci DEFAULT '',
  `genericCreatorAddressRegion` varchar(255) COLLATE utf8_unicode_ci DEFAULT '',
  `genericCreatorPostalCode` varchar(255) COLLATE utf8_unicode_ci DEFAULT '',
  `genericCreatorAddressCountry` varchar(255) COLLATE utf8_unicode_ci DEFAULT '',
  `genericCreatorGeoLatitude` varchar(255) COLLATE utf8_unicode_ci DEFAULT '',
  `genericCreatorGeoLongitude` varchar(255) COLLATE utf8_unicode_ci DEFAULT '',
  `organizationCreatorDuns` varchar(255) COLLATE utf8_unicode_ci DEFAULT '',
  `organizationCreatorFounder` varchar(255) COLLATE utf8_unicode_ci DEFAULT '',
  `organizationCreatorFoundingDate` varchar(255) COLLATE utf8_unicode_ci DEFAULT '',
  `organizationCreatorFoundingLocation` varchar(255) COLLATE utf8_unicode_ci DEFAULT '',
  `organizationCreatorContactPoints` text COLLATE utf8_unicode_ci,
  `localBusinessCreatorOpeningHours` text COLLATE utf8_unicode_ci,
  `corporationCreatorTickerSymbol` varchar(255) COLLATE utf8_unicode_ci DEFAULT '',
  `restaurantCreatorServesCuisine` varchar(255) COLLATE utf8_unicode_ci DEFAULT '',
  `restaurantCreatorMenuUrl` varchar(255) COLLATE utf8_unicode_ci DEFAULT '',
  `restaurantCreatorReservationsUrl` varchar(255) COLLATE utf8_unicode_ci DEFAULT '',
  `personCreatorGender` varchar(255) COLLATE utf8_unicode_ci DEFAULT '',
  `personCreatorBirthPlace` varchar(255) COLLATE utf8_unicode_ci DEFAULT '',
  `genericCreatorHumansTxt` text COLLATE utf8_unicode_ci,
  `dateCreated` datetime NOT NULL,
  `dateUpdated` datetime NOT NULL,
  `uid` char(36) COLLATE utf8_unicode_ci NOT NULL DEFAULT '0',
  PRIMARY KEY (`id`),
  KEY `craft_seomatic_settings_siteSeoImageId_fk` (`siteSeoImageId`),
  KEY `craft_seomatic_settings_siteSeoTwitterImageId_fk` (`siteSeoTwitterImageId`),
  KEY `craft_seomatic_settings_siteSeoFacebookImageId_fk` (`siteSeoFacebookImageId`),
  KEY `craft_seomatic_settings_genericOwnerImageId_fk` (`genericOwnerImageId`),
  KEY `craft_seomatic_settings_genericCreatorImageId_fk` (`genericCreatorImageId`)
) ENGINE=InnoDB AUTO_INCREMENT=2 DEFAULT CHARSET=utf8 COLLATE=utf8_unicode_ci;

--
-- Data for table `craft_seomatic_settings`
--

INSERT INTO `craft_seomatic_settings` (`id`, `siteSeoImageId`, `siteSeoTwitterImageId`, `siteSeoFacebookImageId`, `genericOwnerImageId`, `genericCreatorImageId`, `locale`, `siteSeoName`, `siteSeoTitle`, `siteSeoTitleSeparator`, `siteSeoTitlePlacement`, `siteSeoDescription`, `siteSeoKeywords`, `siteSeoImageTransform`, `siteSeoFacebookImageTransform`, `siteSeoTwitterImageTransform`, `siteTwitterCardType`, `siteOpenGraphType`, `siteRobots`, `siteRobotsTxt`, `siteLinksSearchTargets`, `siteLinksQueryInput`, `googleSiteVerification`, `bingSiteVerification`, `googleAnalyticsUID`, `googleTagManagerID`, `googleAnalyticsSendPageview`, `googleAnalyticsAdvertising`, `googleAnalyticsEcommerce`, `googleAnalyticsEEcommerce`, `googleAnalyticsLinkAttribution`, `googleAnalyticsLinker`, `googleAnalyticsAnonymizeIp`, `siteOwnerType`, `siteOwnerSubType`, `siteOwnerSpecificType`, `genericOwnerName`, `genericOwnerAlternateName`, `genericOwnerDescription`, `genericOwnerUrl`, `genericOwnerTelephone`, `genericOwnerEmail`, `genericOwnerStreetAddress`, `genericOwnerAddressLocality`, `genericOwnerAddressRegion`, `genericOwnerPostalCode`, `genericOwnerAddressCountry`, `genericOwnerGeoLatitude`, `genericOwnerGeoLongitude`, `organizationOwnerDuns`, `organizationOwnerFounder`, `organizationOwnerFoundingDate`, `organizationOwnerFoundingLocation`, `organizationOwnerContactPoints`, `localBusinessPriceRange`, `localBusinessOwnerOpeningHours`, `corporationOwnerTickerSymbol`, `restaurantOwnerServesCuisine`, `restaurantOwnerMenuUrl`, `restaurantOwnerReservationsUrl`, `personOwnerGender`, `personOwnerBirthPlace`, `twitterHandle`, `facebookHandle`, `facebookProfileId`, `facebookAppId`, `linkedInHandle`, `googlePlusHandle`, `youtubeHandle`, `youtubeChannelHandle`, `instagramHandle`, `pinterestHandle`, `githubHandle`, `vimeoHandle`, `wikipediaUrl`, `siteCreatorType`, `siteCreatorSubType`, `siteCreatorSpecificType`, `genericCreatorName`, `genericCreatorAlternateName`, `genericCreatorDescription`, `genericCreatorUrl`, `genericCreatorTelephone`, `genericCreatorEmail`, `genericCreatorStreetAddress`, `genericCreatorAddressLocality`, `genericCreatorAddressRegion`, `genericCreatorPostalCode`, `genericCreatorAddressCountry`, `genericCreatorGeoLatitude`, `genericCreatorGeoLongitude`, `organizationCreatorDuns`, `organizationCreatorFounder`, `organizationCreatorFoundingDate`, `organizationCreatorFoundingLocation`, `organizationCreatorContactPoints`, `localBusinessCreatorOpeningHours`, `corporationCreatorTickerSymbol`, `restaurantCreatorServesCuisine`, `restaurantCreatorMenuUrl`, `restaurantCreatorReservationsUrl`, `personCreatorGender`, `personCreatorBirthPlace`, `genericCreatorHumansTxt`, `dateCreated`, `dateUpdated`, `uid`) VALUES
 ('1', NULL, NULL, NULL, NULL, NULL, 'en_us', 'Careertech', 'This is the default global title of the site pages.', '|', 'after', 'This is the default global natural language description of the content on the site pages.', 'default,global,comma-separated,keywords', '', '', '', 'summary', 'website', '', '# robots.txt for {{ siteUrl }}\n\nSitemap: {{ siteUrl }}/sitemap.xml\n\n# Don\'t allow web crawlers to index Craft\n\nUser-agent: *\nDisallow: /craft/\n', '', '', '', '', '', '', '1', '0', '0', '0', '0', '0', '0', 'Organization', 'Corporation', '', 'Careertech', '', '', 'http://careertech.web/', '', '', '', '', '', '', '', '', '', '', '', '', '', '', '$$$', '', '', '', '', '', '', '', '', '', '', '', '', '', '', '', '', '', '', '', '', 'Organization', 'Corporation', '', '', '', '', '', '', '', '', '', '', '', '', '', '', '', '', '', '', '', '', '', '', '', '', '', '', '/* TEAM */\n\n{% if seomaticCreator.name is defined and seomaticCreator.name %}\nCreator: {{ seomaticCreator.name }}\n{% endif %}\n{% if seomaticCreator.url is defined and seomaticCreator.url %}\nURL: {{ seomaticCreator.url }}\n{% endif %}\n{% if seomaticCreator.description is defined and seomaticCreator.description %}\nDescription: {{ seomaticCreator.description }}\n{% endif %}\n\n/* THANKS */\n\nPixel & Tonic - https://pixelandtonic.com\n\n/* SITE */\n\nStandards: HTML5, CSS3\nComponents: Craft CMS, Yii, PHP, Javascript, SEOmatic', '2017-04-25 14:13:35', '2017-04-25 14:13:35', 'f0f3b4bb-1157-4ccf-8152-dc2bc83c9c60');



DROP TABLE IF EXISTS `craft_sessions`;


--
-- Schema for table `craft_sessions`
--
CREATE TABLE `craft_sessions` (
  `id` int(11) NOT NULL AUTO_INCREMENT,
  `userId` int(11) NOT NULL,
  `token` char(100) COLLATE utf8_unicode_ci NOT NULL,
  `dateCreated` datetime NOT NULL,
  `dateUpdated` datetime NOT NULL,
  `uid` char(36) COLLATE utf8_unicode_ci NOT NULL DEFAULT '0',
  PRIMARY KEY (`id`),
  KEY `craft_sessions_uid_idx` (`uid`),
  KEY `craft_sessions_token_idx` (`token`),
  KEY `craft_sessions_dateUpdated_idx` (`dateUpdated`),
  KEY `craft_sessions_userId_fk` (`userId`)
) ENGINE=InnoDB AUTO_INCREMENT=24 DEFAULT CHARSET=utf8 COLLATE=utf8_unicode_ci;

DROP TABLE IF EXISTS `craft_shunnedmessages`;


--
-- Schema for table `craft_shunnedmessages`
--
CREATE TABLE `craft_shunnedmessages` (
  `id` int(11) NOT NULL AUTO_INCREMENT,
  `userId` int(11) NOT NULL,
  `message` varchar(255) COLLATE utf8_unicode_ci NOT NULL,
  `expiryDate` datetime DEFAULT NULL,
  `dateCreated` datetime NOT NULL,
  `dateUpdated` datetime NOT NULL,
  `uid` char(36) COLLATE utf8_unicode_ci NOT NULL DEFAULT '0',
  PRIMARY KEY (`id`),
  UNIQUE KEY `craft_shunnedmessages_userId_message_unq_idx` (`userId`,`message`)
) ENGINE=InnoDB DEFAULT CHARSET=utf8 COLLATE=utf8_unicode_ci;

DROP TABLE IF EXISTS `craft_structureelements`;


--
-- Schema for table `craft_structureelements`
--
CREATE TABLE `craft_structureelements` (
  `id` int(11) NOT NULL AUTO_INCREMENT,
  `structureId` int(11) NOT NULL,
  `elementId` int(11) DEFAULT NULL,
  `root` int(11) unsigned DEFAULT NULL,
  `lft` int(11) unsigned NOT NULL,
  `rgt` int(11) unsigned NOT NULL,
  `level` smallint(6) unsigned NOT NULL,
  `dateCreated` datetime NOT NULL,
  `dateUpdated` datetime NOT NULL,
  `uid` char(36) COLLATE utf8_unicode_ci NOT NULL DEFAULT '0',
  PRIMARY KEY (`id`),
  UNIQUE KEY `craft_structureelements_structureId_elementId_unq_idx` (`structureId`,`elementId`),
  KEY `craft_structureelements_root_idx` (`root`),
  KEY `craft_structureelements_lft_idx` (`lft`),
  KEY `craft_structureelements_rgt_idx` (`rgt`),
  KEY `craft_structureelements_level_idx` (`level`),
  KEY `craft_structureelements_elementId_fk` (`elementId`)
) ENGINE=InnoDB AUTO_INCREMENT=26 DEFAULT CHARSET=utf8 COLLATE=utf8_unicode_ci;

--
-- Data for table `craft_structureelements`
--

INSERT INTO `craft_structureelements` (`id`, `structureId`, `elementId`, `root`, `lft`, `rgt`, `level`, `dateCreated`, `dateUpdated`, `uid`) VALUES
 ('1', '1', NULL, '1', '1', '16', '0', '2017-04-20 14:55:24', '2017-04-20 14:55:24', '7c88d801-30cd-4408-a2cb-49e00d6d1d51'),
 ('7', '3', NULL, '7', '1', '6', '0', '2017-05-05 14:09:25', '2017-05-05 14:09:25', '21f4f5f7-2079-4793-ab00-ea1a4e7c27fe'),
 ('8', '3', '50', '7', '2', '3', '1', '2017-05-05 14:09:26', '2017-05-05 14:09:26', 'd4a3667e-9364-48b2-b674-29c6a6134375'),
 ('9', '1', '53', '1', '2', '3', '1', '2017-05-10 16:16:17', '2017-05-10 16:16:17', 'e22aaad7-e141-41ae-8e32-f9df76fe230b'),
 ('10', '1', '54', '1', '4', '5', '1', '2017-05-10 16:16:24', '2017-05-10 16:16:24', '6c52903b-48a4-497d-8fa4-bd18d5740b19'),
 ('11', '1', '55', '1', '6', '7', '1', '2017-05-10 16:16:32', '2017-05-10 16:16:32', '890eb06a-939c-4c51-ad44-130135981654'),
 ('12', '1', '56', '1', '8', '9', '1', '2017-05-10 16:16:41', '2017-05-10 16:16:41', 'ac2a3d8c-7619-4f31-b5fa-f1c538297d6f'),
 ('13', '1', '57', '1', '10', '11', '1', '2017-05-10 16:16:51', '2017-05-10 16:16:51', '8027e87f-331f-47ff-8668-558122485b1a'),
 ('14', '1', '58', '1', '12', '13', '1', '2017-05-10 16:16:58', '2017-05-10 16:16:58', '980797a3-849e-4008-a3fa-0dddefe11120'),
 ('15', '1', '59', '1', '14', '15', '1', '2017-05-10 16:17:09', '2017-05-10 16:17:09', 'dc54d9f0-98ae-4609-abda-af80eb79e317'),
 ('16', '3', '120', '7', '4', '5', '1', '2017-08-07 14:12:03', '2017-08-07 14:12:03', 'bc4386e9-29e2-45c5-b917-896e4a1182cf'),
 ('18', '4', NULL, '18', '1', '8', '0', '2017-08-28 18:52:42', '2017-08-28 18:52:42', '26e74406-9360-4dd7-b6c7-ea494355af4b'),
 ('19', '4', '155', '18', '2', '3', '1', '2017-08-28 18:52:42', '2017-08-28 18:52:42', 'f36d35ff-c6bf-4f64-8fec-b6ab62c171f7'),
 ('20', '4', '156', '18', '4', '5', '1', '2017-08-28 18:52:50', '2017-08-28 18:52:50', 'f33005d2-a7fb-450c-9507-b4c584396dc5'),
 ('21', '4', '157', '18', '6', '7', '1', '2017-08-28 18:53:00', '2017-08-28 18:53:00', 'aeb695f9-f50e-47f4-b824-c59f578ba9cd'),
 ('22', '2', NULL, '22', '1', '8', '0', '2017-09-18 21:17:16', '2017-09-18 21:17:16', '13a4650b-1147-4dbc-ba3b-21d6fe45b0ea'),
 ('23', '2', '187', '22', '2', '3', '1', '2017-09-18 21:17:16', '2017-09-18 21:17:16', '8130d105-70fc-452f-98ce-7a60210fb030'),
 ('24', '2', '188', '22', '4', '5', '1', '2017-09-18 21:17:26', '2017-09-18 21:17:26', '8e437d30-d4ec-415c-ae73-2af378fa5b90'),
 ('25', '2', '189', '22', '6', '7', '1', '2017-09-18 21:17:34', '2017-09-18 21:17:34', '7d75c85b-f7ac-4325-9bfd-42ec8d67a652');



DROP TABLE IF EXISTS `craft_structures`;


--
-- Schema for table `craft_structures`
--
CREATE TABLE `craft_structures` (
  `id` int(11) NOT NULL AUTO_INCREMENT,
  `maxLevels` smallint(6) unsigned DEFAULT NULL,
  `dateCreated` datetime NOT NULL,
  `dateUpdated` datetime NOT NULL,
  `uid` char(36) COLLATE utf8_unicode_ci NOT NULL DEFAULT '0',
  PRIMARY KEY (`id`)
) ENGINE=InnoDB AUTO_INCREMENT=7 DEFAULT CHARSET=utf8 COLLATE=utf8_unicode_ci;

--
-- Data for table `craft_structures`
--

INSERT INTO `craft_structures` (`id`, `maxLevels`, `dateCreated`, `dateUpdated`, `uid`) VALUES
 ('1', NULL, '2017-04-20 13:31:25', '2017-08-10 15:17:26', '640509bf-6527-42dc-87a0-713ca12ca14d'),
 ('2', NULL, '2017-04-20 13:31:31', '2017-09-18 22:04:14', 'a15d3cd7-c7df-448b-89ce-d22045b18131'),
 ('3', NULL, '2017-04-20 13:31:36', '2017-04-20 13:31:36', 'ed4acc16-14bd-4f43-a701-fa6ec34b7c27'),
 ('4', NULL, '2017-04-20 13:31:40', '2017-09-18 22:04:23', 'ed4a8182-5d4c-47db-baad-2ce8831fd3dd'),
 ('5', NULL, '2017-04-20 13:32:12', '2017-04-20 13:32:12', '7a070e59-0be6-433b-a7a2-a0545ccc0f2f'),
 ('6', NULL, '2017-04-20 13:32:16', '2017-04-20 13:32:16', 'f90c20a0-446f-43b8-ac96-fa039706400f');



DROP TABLE IF EXISTS `craft_systemsettings`;


--
-- Schema for table `craft_systemsettings`
--
CREATE TABLE `craft_systemsettings` (
  `id` int(11) NOT NULL AUTO_INCREMENT,
  `category` varchar(15) COLLATE utf8_unicode_ci NOT NULL,
  `settings` text COLLATE utf8_unicode_ci,
  `dateCreated` datetime NOT NULL,
  `dateUpdated` datetime NOT NULL,
  `uid` char(36) COLLATE utf8_unicode_ci NOT NULL DEFAULT '0',
  PRIMARY KEY (`id`),
  UNIQUE KEY `craft_systemsettings_category_unq_idx` (`category`)
) ENGINE=InnoDB AUTO_INCREMENT=2 DEFAULT CHARSET=utf8 COLLATE=utf8_unicode_ci;

--
-- Data for table `craft_systemsettings`
--

INSERT INTO `craft_systemsettings` (`id`, `category`, `settings`, `dateCreated`, `dateUpdated`, `uid`) VALUES
 ('1', 'email', '{\"protocol\":\"php\",\"emailAddress\":\"alongwell@ideabasekent.com\",\"senderName\":\"Careertech\"}', '2017-04-18 15:33:03', '2017-04-18 15:33:03', '8962853b-19e6-450e-b7c7-942c00996965');



DROP TABLE IF EXISTS `craft_taggroups`;


--
-- Schema for table `craft_taggroups`
--
CREATE TABLE `craft_taggroups` (
  `id` int(11) NOT NULL AUTO_INCREMENT,
  `name` varchar(255) COLLATE utf8_unicode_ci NOT NULL,
  `handle` varchar(255) COLLATE utf8_unicode_ci NOT NULL,
  `fieldLayoutId` int(10) DEFAULT NULL,
  `dateCreated` datetime NOT NULL,
  `dateUpdated` datetime NOT NULL,
  `uid` char(36) COLLATE utf8_unicode_ci NOT NULL DEFAULT '0',
  PRIMARY KEY (`id`),
  UNIQUE KEY `craft_taggroups_name_unq_idx` (`name`),
  UNIQUE KEY `craft_taggroups_handle_unq_idx` (`handle`),
  KEY `craft_taggroups_fieldLayoutId_fk` (`fieldLayoutId`)
) ENGINE=InnoDB AUTO_INCREMENT=2 DEFAULT CHARSET=utf8 COLLATE=utf8_unicode_ci;

--
-- Data for table `craft_taggroups`
--

INSERT INTO `craft_taggroups` (`id`, `name`, `handle`, `fieldLayoutId`, `dateCreated`, `dateUpdated`, `uid`) VALUES
 ('1', 'Default', 'default', '1', '2017-04-18 15:33:03', '2017-04-18 15:33:03', '29447288-cb2c-4e92-ab7e-7637b33c9279');



DROP TABLE IF EXISTS `craft_tags`;


--
-- Schema for table `craft_tags`
--
CREATE TABLE `craft_tags` (
  `id` int(11) NOT NULL,
  `groupId` int(11) NOT NULL,
  `dateCreated` datetime NOT NULL,
  `dateUpdated` datetime NOT NULL,
  `uid` char(36) COLLATE utf8_unicode_ci NOT NULL DEFAULT '0',
  PRIMARY KEY (`id`),
  KEY `craft_tags_groupId_fk` (`groupId`)
) ENGINE=InnoDB DEFAULT CHARSET=utf8 COLLATE=utf8_unicode_ci;

DROP TABLE IF EXISTS `craft_tasks`;


--
-- Schema for table `craft_tasks`
--
CREATE TABLE `craft_tasks` (
  `id` int(11) NOT NULL AUTO_INCREMENT,
  `root` int(11) unsigned DEFAULT NULL,
  `lft` int(11) unsigned NOT NULL,
  `rgt` int(11) unsigned NOT NULL,
  `level` smallint(6) unsigned NOT NULL,
  `currentStep` int(11) unsigned DEFAULT NULL,
  `totalSteps` int(11) unsigned DEFAULT NULL,
  `status` enum('pending','error','running') COLLATE utf8_unicode_ci DEFAULT NULL,
  `type` varchar(150) COLLATE utf8_unicode_ci NOT NULL,
  `description` varchar(255) COLLATE utf8_unicode_ci DEFAULT NULL,
  `settings` mediumtext COLLATE utf8_unicode_ci,
  `dateCreated` datetime NOT NULL,
  `dateUpdated` datetime NOT NULL,
  `uid` char(36) COLLATE utf8_unicode_ci NOT NULL DEFAULT '0',
  PRIMARY KEY (`id`),
  KEY `craft_tasks_root_idx` (`root`),
  KEY `craft_tasks_lft_idx` (`lft`),
  KEY `craft_tasks_rgt_idx` (`rgt`),
  KEY `craft_tasks_level_idx` (`level`)
) ENGINE=InnoDB DEFAULT CHARSET=utf8 COLLATE=utf8_unicode_ci;

DROP TABLE IF EXISTS `craft_templatecachecriteria`;


--
-- Schema for table `craft_templatecachecriteria`
--
CREATE TABLE `craft_templatecachecriteria` (
  `id` int(11) NOT NULL AUTO_INCREMENT,
  `cacheId` int(11) NOT NULL,
  `type` varchar(150) COLLATE utf8_unicode_ci NOT NULL,
  `criteria` text COLLATE utf8_unicode_ci NOT NULL,
  PRIMARY KEY (`id`),
  KEY `craft_templatecachecriteria_cacheId_fk` (`cacheId`),
  KEY `craft_templatecachecriteria_type_idx` (`type`)
) ENGINE=InnoDB AUTO_INCREMENT=114 DEFAULT CHARSET=utf8 COLLATE=utf8_unicode_ci;

DROP TABLE IF EXISTS `craft_templatecacheelements`;


--
-- Schema for table `craft_templatecacheelements`
--
CREATE TABLE `craft_templatecacheelements` (
  `cacheId` int(11) NOT NULL,
  `elementId` int(11) NOT NULL,
  KEY `craft_templatecacheelements_cacheId_fk` (`cacheId`),
  KEY `craft_templatecacheelements_elementId_fk` (`elementId`)
) ENGINE=InnoDB DEFAULT CHARSET=utf8 COLLATE=utf8_unicode_ci;

DROP TABLE IF EXISTS `craft_templatecaches`;


--
-- Schema for table `craft_templatecaches`
--
CREATE TABLE `craft_templatecaches` (
  `id` int(11) NOT NULL AUTO_INCREMENT,
  `cacheKey` varchar(255) COLLATE utf8_unicode_ci NOT NULL,
  `locale` char(12) COLLATE utf8_unicode_ci NOT NULL,
  `path` varchar(255) COLLATE utf8_unicode_ci DEFAULT NULL,
  `expiryDate` datetime NOT NULL,
  `body` mediumtext COLLATE utf8_unicode_ci NOT NULL,
  PRIMARY KEY (`id`),
  KEY `craft_templatecaches_expiryDate_cacheKey_locale_path_idx` (`expiryDate`,`cacheKey`,`locale`,`path`),
  KEY `craft_templatecaches_locale_fk` (`locale`)
) ENGINE=InnoDB AUTO_INCREMENT=957 DEFAULT CHARSET=utf8 COLLATE=utf8_unicode_ci;

DROP TABLE IF EXISTS `craft_tokens`;


--
-- Schema for table `craft_tokens`
--
CREATE TABLE `craft_tokens` (
  `id` int(11) NOT NULL AUTO_INCREMENT,
  `token` char(32) COLLATE utf8_unicode_ci NOT NULL,
  `route` text COLLATE utf8_unicode_ci,
  `usageLimit` tinyint(3) unsigned DEFAULT NULL,
  `usageCount` tinyint(3) unsigned DEFAULT NULL,
  `expiryDate` datetime NOT NULL,
  `dateCreated` datetime NOT NULL,
  `dateUpdated` datetime NOT NULL,
  `uid` char(36) COLLATE utf8_unicode_ci NOT NULL DEFAULT '0',
  PRIMARY KEY (`id`),
  UNIQUE KEY `craft_tokens_token_unq_idx` (`token`),
  KEY `craft_tokens_expiryDate_idx` (`expiryDate`)
) ENGINE=InnoDB DEFAULT CHARSET=utf8 COLLATE=utf8_unicode_ci;

DROP TABLE IF EXISTS `craft_usergroups`;


--
-- Schema for table `craft_usergroups`
--
CREATE TABLE `craft_usergroups` (
  `id` int(11) NOT NULL AUTO_INCREMENT,
  `name` varchar(255) COLLATE utf8_unicode_ci NOT NULL,
  `handle` varchar(255) COLLATE utf8_unicode_ci NOT NULL,
  `dateCreated` datetime NOT NULL,
  `dateUpdated` datetime NOT NULL,
  `uid` char(36) COLLATE utf8_unicode_ci NOT NULL DEFAULT '0',
  PRIMARY KEY (`id`),
  UNIQUE KEY `craft_usergroups_name_unq_idx` (`name`),
  UNIQUE KEY `craft_usergroups_handle_unq_idx` (`handle`)
) ENGINE=InnoDB DEFAULT CHARSET=utf8 COLLATE=utf8_unicode_ci;

DROP TABLE IF EXISTS `craft_usergroups_users`;


--
-- Schema for table `craft_usergroups_users`
--
CREATE TABLE `craft_usergroups_users` (
  `id` int(11) NOT NULL AUTO_INCREMENT,
  `groupId` int(11) NOT NULL,
  `userId` int(11) NOT NULL,
  `dateCreated` datetime NOT NULL,
  `dateUpdated` datetime NOT NULL,
  `uid` char(36) COLLATE utf8_unicode_ci NOT NULL DEFAULT '0',
  PRIMARY KEY (`id`),
  UNIQUE KEY `craft_usergroups_users_groupId_userId_unq_idx` (`groupId`,`userId`),
  KEY `craft_usergroups_users_userId_fk` (`userId`)
) ENGINE=InnoDB DEFAULT CHARSET=utf8 COLLATE=utf8_unicode_ci;

DROP TABLE IF EXISTS `craft_userpermissions`;


--
-- Schema for table `craft_userpermissions`
--
CREATE TABLE `craft_userpermissions` (
  `id` int(11) NOT NULL AUTO_INCREMENT,
  `name` varchar(255) COLLATE utf8_unicode_ci NOT NULL,
  `dateCreated` datetime NOT NULL,
  `dateUpdated` datetime NOT NULL,
  `uid` char(36) COLLATE utf8_unicode_ci NOT NULL DEFAULT '0',
  PRIMARY KEY (`id`),
  UNIQUE KEY `craft_userpermissions_name_unq_idx` (`name`)
) ENGINE=InnoDB DEFAULT CHARSET=utf8 COLLATE=utf8_unicode_ci;

DROP TABLE IF EXISTS `craft_userpermissions_usergroups`;


--
-- Schema for table `craft_userpermissions_usergroups`
--
CREATE TABLE `craft_userpermissions_usergroups` (
  `id` int(11) NOT NULL AUTO_INCREMENT,
  `permissionId` int(11) NOT NULL,
  `groupId` int(11) NOT NULL,
  `dateCreated` datetime NOT NULL,
  `dateUpdated` datetime NOT NULL,
  `uid` char(36) COLLATE utf8_unicode_ci NOT NULL DEFAULT '0',
  PRIMARY KEY (`id`),
  UNIQUE KEY `craft_userpermissions_usergroups_permissionId_groupId_unq_idx` (`permissionId`,`groupId`),
  KEY `craft_userpermissions_usergroups_groupId_fk` (`groupId`)
) ENGINE=InnoDB DEFAULT CHARSET=utf8 COLLATE=utf8_unicode_ci;

DROP TABLE IF EXISTS `craft_userpermissions_users`;


--
-- Schema for table `craft_userpermissions_users`
--
CREATE TABLE `craft_userpermissions_users` (
  `id` int(11) NOT NULL AUTO_INCREMENT,
  `permissionId` int(11) NOT NULL,
  `userId` int(11) NOT NULL,
  `dateCreated` datetime NOT NULL,
  `dateUpdated` datetime NOT NULL,
  `uid` char(36) COLLATE utf8_unicode_ci NOT NULL DEFAULT '0',
  PRIMARY KEY (`id`),
  UNIQUE KEY `craft_userpermissions_users_permissionId_userId_unq_idx` (`permissionId`,`userId`),
  KEY `craft_userpermissions_users_userId_fk` (`userId`)
) ENGINE=InnoDB DEFAULT CHARSET=utf8 COLLATE=utf8_unicode_ci;

DROP TABLE IF EXISTS `craft_users`;


--
-- Schema for table `craft_users`
--
CREATE TABLE `craft_users` (
  `id` int(11) NOT NULL,
  `username` varchar(100) COLLATE utf8_unicode_ci NOT NULL,
  `photo` varchar(100) COLLATE utf8_unicode_ci DEFAULT NULL,
  `firstName` varchar(100) COLLATE utf8_unicode_ci DEFAULT NULL,
  `lastName` varchar(100) COLLATE utf8_unicode_ci DEFAULT NULL,
  `email` varchar(255) COLLATE utf8_unicode_ci NOT NULL,
  `password` char(255) COLLATE utf8_unicode_ci DEFAULT NULL,
  `preferredLocale` char(12) COLLATE utf8_unicode_ci DEFAULT NULL,
  `weekStartDay` tinyint(1) unsigned NOT NULL DEFAULT '0',
  `admin` tinyint(1) unsigned NOT NULL DEFAULT '0',
  `client` tinyint(1) unsigned NOT NULL DEFAULT '0',
  `locked` tinyint(1) unsigned NOT NULL DEFAULT '0',
  `suspended` tinyint(1) unsigned NOT NULL DEFAULT '0',
  `pending` tinyint(1) unsigned NOT NULL DEFAULT '0',
  `archived` tinyint(1) unsigned NOT NULL DEFAULT '0',
  `lastLoginDate` datetime DEFAULT NULL,
  `lastLoginAttemptIPAddress` varchar(45) COLLATE utf8_unicode_ci DEFAULT NULL,
  `invalidLoginWindowStart` datetime DEFAULT NULL,
  `invalidLoginCount` tinyint(4) unsigned DEFAULT NULL,
  `lastInvalidLoginDate` datetime DEFAULT NULL,
  `lockoutDate` datetime DEFAULT NULL,
  `verificationCode` char(100) COLLATE utf8_unicode_ci DEFAULT NULL,
  `verificationCodeIssuedDate` datetime DEFAULT NULL,
  `unverifiedEmail` varchar(255) COLLATE utf8_unicode_ci DEFAULT NULL,
  `passwordResetRequired` tinyint(1) unsigned NOT NULL DEFAULT '0',
  `lastPasswordChangeDate` datetime DEFAULT NULL,
  `dateCreated` datetime NOT NULL,
  `dateUpdated` datetime NOT NULL,
  `uid` char(36) COLLATE utf8_unicode_ci NOT NULL DEFAULT '0',
  PRIMARY KEY (`id`),
  UNIQUE KEY `craft_users_username_unq_idx` (`username`),
  UNIQUE KEY `craft_users_email_unq_idx` (`email`),
  KEY `craft_users_verificationCode_idx` (`verificationCode`),
  KEY `craft_users_uid_idx` (`uid`),
  KEY `craft_users_preferredLocale_fk` (`preferredLocale`)
) ENGINE=InnoDB DEFAULT CHARSET=utf8 COLLATE=utf8_unicode_ci;

--
-- Data for table `craft_users`
--

INSERT INTO `craft_users` (`id`, `username`, `photo`, `firstName`, `lastName`, `email`, `password`, `preferredLocale`, `weekStartDay`, `admin`, `client`, `locked`, `suspended`, `pending`, `archived`, `lastLoginDate`, `lastLoginAttemptIPAddress`, `invalidLoginWindowStart`, `invalidLoginCount`, `lastInvalidLoginDate`, `lockoutDate`, `verificationCode`, `verificationCodeIssuedDate`, `unverifiedEmail`, `passwordResetRequired`, `lastPasswordChangeDate`, `dateCreated`, `dateUpdated`, `uid`) VALUES
 ('1', 'careertech', NULL, '', '', 'alongwell@ideabasekent.com', '$2y$13$TflxBWwxGbmLDVECY4wKoOuq2XIGWxMTZdseBJYETTKmpkzo/mvVu', NULL, '0', '1', '0', '0', '0', '0', '0', '2017-10-25 20:59:17', '::1', NULL, NULL, '2017-07-20 18:25:02', NULL, NULL, NULL, NULL, '0', '2017-05-10 16:34:40', '2017-04-18 15:33:01', '2017-10-25 20:59:17', 'd7bca0a1-751e-4f48-ab10-b2736f3aa304');



DROP TABLE IF EXISTS `craft_widgets`;


--
-- Schema for table `craft_widgets`
--
CREATE TABLE `craft_widgets` (
  `id` int(11) NOT NULL AUTO_INCREMENT,
  `userId` int(11) NOT NULL,
  `type` varchar(150) COLLATE utf8_unicode_ci NOT NULL,
  `sortOrder` smallint(6) unsigned DEFAULT NULL,
  `colspan` tinyint(4) unsigned DEFAULT NULL,
  `settings` text COLLATE utf8_unicode_ci,
  `enabled` tinyint(1) unsigned NOT NULL DEFAULT '1',
  `dateCreated` datetime NOT NULL,
  `dateUpdated` datetime NOT NULL,
  `uid` char(36) COLLATE utf8_unicode_ci NOT NULL DEFAULT '0',
  PRIMARY KEY (`id`),
  KEY `craft_widgets_userId_fk` (`userId`)
) ENGINE=InnoDB AUTO_INCREMENT=5 DEFAULT CHARSET=utf8 COLLATE=utf8_unicode_ci;

--
-- Data for table `craft_widgets`
--

INSERT INTO `craft_widgets` (`id`, `userId`, `type`, `sortOrder`, `colspan`, `settings`, `enabled`, `dateCreated`, `dateUpdated`, `uid`) VALUES
 ('1', '1', 'RecentEntries', '1', NULL, NULL, '1', '2017-04-18 15:33:06', '2017-04-18 15:33:06', 'e0b4c5d0-7460-41f2-b907-f649ece580c2'),
 ('2', '1', 'GetHelp', '2', NULL, NULL, '1', '2017-04-18 15:33:06', '2017-04-18 15:33:06', '47b30524-05c9-4a04-8b5f-bee996641f58'),
 ('3', '1', 'Updates', '3', NULL, NULL, '1', '2017-04-18 15:33:06', '2017-04-18 15:33:06', 'f70caa8f-e3a8-46ea-b207-45e10bf078f6'),
 ('4', '1', 'Feed', '4', NULL, '{\"url\":\"https:\\/\\/craftcms.com\\/news.rss\",\"title\":\"Craft News\"}', '1', '2017-04-18 15:33:06', '2017-04-18 15:33:06', 'c8001a10-8b4f-4500-93a8-57a6ffb9ced0');


--
-- Constraints for tables
--


--
-- Constraints for table `craft_assetfiles`
--
ALTER TABLE `craft_assetfiles`
	ADD CONSTRAINT `craft_assetfiles_folderId_fk` FOREIGN KEY (`folderId`) REFERENCES `craft_assetfolders` (`id`) ON DELETE CASCADE,
	ADD CONSTRAINT `craft_assetfiles_id_fk` FOREIGN KEY (`id`) REFERENCES `craft_elements` (`id`) ON DELETE CASCADE,
	ADD CONSTRAINT `craft_assetfiles_sourceId_fk` FOREIGN KEY (`sourceId`) REFERENCES `craft_assetsources` (`id`) ON DELETE CASCADE;

--
-- Constraints for table `craft_assetfolders`
--
ALTER TABLE `craft_assetfolders`
	ADD CONSTRAINT `craft_assetfolders_parentId_fk` FOREIGN KEY (`parentId`) REFERENCES `craft_assetfolders` (`id`) ON DELETE CASCADE,
	ADD CONSTRAINT `craft_assetfolders_sourceId_fk` FOREIGN KEY (`sourceId`) REFERENCES `craft_assetsources` (`id`) ON DELETE CASCADE;

--
-- Constraints for table `craft_assetindexdata`
--
ALTER TABLE `craft_assetindexdata`
	ADD CONSTRAINT `craft_assetindexdata_sourceId_fk` FOREIGN KEY (`sourceId`) REFERENCES `craft_assetsources` (`id`) ON DELETE CASCADE;

--
-- Constraints for table `craft_assetsources`
--
ALTER TABLE `craft_assetsources`
	ADD CONSTRAINT `craft_assetsources_fieldLayoutId_fk` FOREIGN KEY (`fieldLayoutId`) REFERENCES `craft_fieldlayouts` (`id`) ON DELETE SET NULL;

--
-- Constraints for table `craft_categories`
--
ALTER TABLE `craft_categories`
	ADD CONSTRAINT `craft_categories_groupId_fk` FOREIGN KEY (`groupId`) REFERENCES `craft_categorygroups` (`id`) ON DELETE CASCADE,
	ADD CONSTRAINT `craft_categories_id_fk` FOREIGN KEY (`id`) REFERENCES `craft_elements` (`id`) ON DELETE CASCADE;

--
-- Constraints for table `craft_categorygroups`
--
ALTER TABLE `craft_categorygroups`
	ADD CONSTRAINT `craft_categorygroups_fieldLayoutId_fk` FOREIGN KEY (`fieldLayoutId`) REFERENCES `craft_fieldlayouts` (`id`) ON DELETE SET NULL,
	ADD CONSTRAINT `craft_categorygroups_structureId_fk` FOREIGN KEY (`structureId`) REFERENCES `craft_structures` (`id`) ON DELETE CASCADE;

--
-- Constraints for table `craft_categorygroups_i18n`
--
ALTER TABLE `craft_categorygroups_i18n`
	ADD CONSTRAINT `craft_categorygroups_i18n_groupId_fk` FOREIGN KEY (`groupId`) REFERENCES `craft_categorygroups` (`id`) ON DELETE CASCADE,
	ADD CONSTRAINT `craft_categorygroups_i18n_locale_fk` FOREIGN KEY (`locale`) REFERENCES `craft_locales` (`locale`) ON DELETE CASCADE ON UPDATE CASCADE;

--
-- Constraints for table `craft_content`
--
ALTER TABLE `craft_content`
	ADD CONSTRAINT `craft_content_elementId_fk` FOREIGN KEY (`elementId`) REFERENCES `craft_elements` (`id`) ON DELETE CASCADE,
	ADD CONSTRAINT `craft_content_locale_fk` FOREIGN KEY (`locale`) REFERENCES `craft_locales` (`locale`) ON DELETE CASCADE ON UPDATE CASCADE;

--
-- Constraints for table `craft_elements_i18n`
--
ALTER TABLE `craft_elements_i18n`
	ADD CONSTRAINT `craft_elements_i18n_elementId_fk` FOREIGN KEY (`elementId`) REFERENCES `craft_elements` (`id`) ON DELETE CASCADE,
	ADD CONSTRAINT `craft_elements_i18n_locale_fk` FOREIGN KEY (`locale`) REFERENCES `craft_locales` (`locale`) ON DELETE CASCADE ON UPDATE CASCADE;

--
-- Constraints for table `craft_emailmessages`
--
ALTER TABLE `craft_emailmessages`
	ADD CONSTRAINT `craft_emailmessages_locale_fk` FOREIGN KEY (`locale`) REFERENCES `craft_locales` (`locale`) ON DELETE CASCADE ON UPDATE CASCADE;

--
-- Constraints for table `craft_entries`
--
ALTER TABLE `craft_entries`
	ADD CONSTRAINT `craft_entries_authorId_fk` FOREIGN KEY (`authorId`) REFERENCES `craft_users` (`id`) ON DELETE CASCADE,
	ADD CONSTRAINT `craft_entries_id_fk` FOREIGN KEY (`id`) REFERENCES `craft_elements` (`id`) ON DELETE CASCADE,
	ADD CONSTRAINT `craft_entries_sectionId_fk` FOREIGN KEY (`sectionId`) REFERENCES `craft_sections` (`id`) ON DELETE CASCADE,
	ADD CONSTRAINT `craft_entries_typeId_fk` FOREIGN KEY (`typeId`) REFERENCES `craft_entrytypes` (`id`) ON DELETE CASCADE;

--
-- Constraints for table `craft_entrydrafts`
--
ALTER TABLE `craft_entrydrafts`
	ADD CONSTRAINT `craft_entrydrafts_creatorId_fk` FOREIGN KEY (`creatorId`) REFERENCES `craft_users` (`id`) ON DELETE CASCADE,
	ADD CONSTRAINT `craft_entrydrafts_entryId_fk` FOREIGN KEY (`entryId`) REFERENCES `craft_entries` (`id`) ON DELETE CASCADE,
	ADD CONSTRAINT `craft_entrydrafts_locale_fk` FOREIGN KEY (`locale`) REFERENCES `craft_locales` (`locale`) ON DELETE CASCADE ON UPDATE CASCADE,
	ADD CONSTRAINT `craft_entrydrafts_sectionId_fk` FOREIGN KEY (`sectionId`) REFERENCES `craft_sections` (`id`) ON DELETE CASCADE;

--
-- Constraints for table `craft_entrytypes`
--
ALTER TABLE `craft_entrytypes`
	ADD CONSTRAINT `craft_entrytypes_fieldLayoutId_fk` FOREIGN KEY (`fieldLayoutId`) REFERENCES `craft_fieldlayouts` (`id`) ON DELETE SET NULL,
	ADD CONSTRAINT `craft_entrytypes_sectionId_fk` FOREIGN KEY (`sectionId`) REFERENCES `craft_sections` (`id`) ON DELETE CASCADE;

--
-- Constraints for table `craft_entryversions`
--
ALTER TABLE `craft_entryversions`
	ADD CONSTRAINT `craft_entryversions_creatorId_fk` FOREIGN KEY (`creatorId`) REFERENCES `craft_users` (`id`) ON DELETE SET NULL,
	ADD CONSTRAINT `craft_entryversions_entryId_fk` FOREIGN KEY (`entryId`) REFERENCES `craft_entries` (`id`) ON DELETE CASCADE,
	ADD CONSTRAINT `craft_entryversions_locale_fk` FOREIGN KEY (`locale`) REFERENCES `craft_locales` (`locale`) ON DELETE CASCADE ON UPDATE CASCADE,
	ADD CONSTRAINT `craft_entryversions_sectionId_fk` FOREIGN KEY (`sectionId`) REFERENCES `craft_sections` (`id`) ON DELETE CASCADE;

--
-- Constraints for table `craft_fieldlayoutfields`
--
ALTER TABLE `craft_fieldlayoutfields`
	ADD CONSTRAINT `craft_fieldlayoutfields_fieldId_fk` FOREIGN KEY (`fieldId`) REFERENCES `craft_fields` (`id`) ON DELETE CASCADE,
	ADD CONSTRAINT `craft_fieldlayoutfields_layoutId_fk` FOREIGN KEY (`layoutId`) REFERENCES `craft_fieldlayouts` (`id`) ON DELETE CASCADE,
	ADD CONSTRAINT `craft_fieldlayoutfields_tabId_fk` FOREIGN KEY (`tabId`) REFERENCES `craft_fieldlayouttabs` (`id`) ON DELETE CASCADE;

--
-- Constraints for table `craft_fieldlayouttabs`
--
ALTER TABLE `craft_fieldlayouttabs`
	ADD CONSTRAINT `craft_fieldlayouttabs_layoutId_fk` FOREIGN KEY (`layoutId`) REFERENCES `craft_fieldlayouts` (`id`) ON DELETE CASCADE;

--
-- Constraints for table `craft_fields`
--
ALTER TABLE `craft_fields`
	ADD CONSTRAINT `craft_fields_groupId_fk` FOREIGN KEY (`groupId`) REFERENCES `craft_fieldgroups` (`id`) ON DELETE CASCADE;

--
-- Constraints for table `craft_globalsets`
--
ALTER TABLE `craft_globalsets`
	ADD CONSTRAINT `craft_globalsets_fieldLayoutId_fk` FOREIGN KEY (`fieldLayoutId`) REFERENCES `craft_fieldlayouts` (`id`) ON DELETE SET NULL,
	ADD CONSTRAINT `craft_globalsets_id_fk` FOREIGN KEY (`id`) REFERENCES `craft_elements` (`id`) ON DELETE CASCADE;

--
-- Constraints for table `craft_matrixblocks`
--
ALTER TABLE `craft_matrixblocks`
	ADD CONSTRAINT `craft_matrixblocks_fieldId_fk` FOREIGN KEY (`fieldId`) REFERENCES `craft_fields` (`id`) ON DELETE CASCADE,
	ADD CONSTRAINT `craft_matrixblocks_id_fk` FOREIGN KEY (`id`) REFERENCES `craft_elements` (`id`) ON DELETE CASCADE,
	ADD CONSTRAINT `craft_matrixblocks_ownerId_fk` FOREIGN KEY (`ownerId`) REFERENCES `craft_elements` (`id`) ON DELETE CASCADE,
	ADD CONSTRAINT `craft_matrixblocks_ownerLocale_fk` FOREIGN KEY (`ownerLocale`) REFERENCES `craft_locales` (`locale`) ON DELETE CASCADE ON UPDATE CASCADE,
	ADD CONSTRAINT `craft_matrixblocks_typeId_fk` FOREIGN KEY (`typeId`) REFERENCES `craft_matrixblocktypes` (`id`) ON DELETE CASCADE;

--
-- Constraints for table `craft_matrixblocktypes`
--
ALTER TABLE `craft_matrixblocktypes`
	ADD CONSTRAINT `craft_matrixblocktypes_fieldId_fk` FOREIGN KEY (`fieldId`) REFERENCES `craft_fields` (`id`) ON DELETE CASCADE,
	ADD CONSTRAINT `craft_matrixblocktypes_fieldLayoutId_fk` FOREIGN KEY (`fieldLayoutId`) REFERENCES `craft_fieldlayouts` (`id`) ON DELETE SET NULL;

--
-- Constraints for table `craft_matrixcontent_admissionsmatrix`
--
ALTER TABLE `craft_matrixcontent_admissionsmatrix`
	ADD CONSTRAINT `craft_matrixcontent_admissionsmatrix_elementId_fk` FOREIGN KEY (`elementId`) REFERENCES `craft_elements` (`id`) ON DELETE CASCADE,
	ADD CONSTRAINT `craft_matrixcontent_admissionsmatrix_locale_fk` FOREIGN KEY (`locale`) REFERENCES `craft_locales` (`locale`) ON DELETE CASCADE ON UPDATE CASCADE;

--
-- Constraints for table `craft_matrixcontent_careerexplorationresources`
--
ALTER TABLE `craft_matrixcontent_careerexplorationresources`
	ADD CONSTRAINT `craft_matrixcontent_careerexplorationresources_elementId_fk` FOREIGN KEY (`elementId`) REFERENCES `craft_elements` (`id`) ON DELETE CASCADE,
	ADD CONSTRAINT `craft_matrixcontent_careerexplorationresources_locale_fk` FOREIGN KEY (`locale`) REFERENCES `craft_locales` (`locale`) ON DELETE CASCADE ON UPDATE CASCADE;

--
-- Constraints for table `craft_matrixcontent_footermatrix`
--
ALTER TABLE `craft_matrixcontent_footermatrix`
	ADD CONSTRAINT `craft_matrixcontent_footermatrix_elementId_fk` FOREIGN KEY (`elementId`) REFERENCES `craft_elements` (`id`) ON DELETE CASCADE,
	ADD CONSTRAINT `craft_matrixcontent_footermatrix_locale_fk` FOREIGN KEY (`locale`) REFERENCES `craft_locales` (`locale`) ON DELETE CASCADE ON UPDATE CASCADE;

--
-- Constraints for table `craft_matrixcontent_programsmatrix`
--
ALTER TABLE `craft_matrixcontent_programsmatrix`
	ADD CONSTRAINT `craft_matrixcontent_programsmatrix_elementId_fk` FOREIGN KEY (`elementId`) REFERENCES `craft_elements` (`id`) ON DELETE CASCADE,
	ADD CONSTRAINT `craft_matrixcontent_programsmatrix_locale_fk` FOREIGN KEY (`locale`) REFERENCES `craft_locales` (`locale`) ON DELETE CASCADE ON UPDATE CASCADE;

--
-- Constraints for table `craft_matrixcontent_singleforms`
--
ALTER TABLE `craft_matrixcontent_singleforms`
	ADD CONSTRAINT `craft_matrixcontent_singleforms_elementId_fk` FOREIGN KEY (`elementId`) REFERENCES `craft_elements` (`id`) ON DELETE CASCADE,
	ADD CONSTRAINT `craft_matrixcontent_singleforms_locale_fk` FOREIGN KEY (`locale`) REFERENCES `craft_locales` (`locale`) ON DELETE CASCADE ON UPDATE CASCADE;

--
-- Constraints for table `craft_matrixcontent_socialmedia`
--
ALTER TABLE `craft_matrixcontent_socialmedia`
	ADD CONSTRAINT `craft_matrixcontent_socialmedia_elementId_fk` FOREIGN KEY (`elementId`) REFERENCES `craft_elements` (`id`) ON DELETE CASCADE,
	ADD CONSTRAINT `craft_matrixcontent_socialmedia_locale_fk` FOREIGN KEY (`locale`) REFERENCES `craft_locales` (`locale`) ON DELETE CASCADE ON UPDATE CASCADE;

--
-- Constraints for table `craft_migrations`
--
ALTER TABLE `craft_migrations`
	ADD CONSTRAINT `craft_migrations_pluginId_fk` FOREIGN KEY (`pluginId`) REFERENCES `craft_plugins` (`id`) ON DELETE CASCADE;

--
-- Constraints for table `craft_relations`
--
ALTER TABLE `craft_relations`
	ADD CONSTRAINT `craft_relations_fieldId_fk` FOREIGN KEY (`fieldId`) REFERENCES `craft_fields` (`id`) ON DELETE CASCADE,
	ADD CONSTRAINT `craft_relations_sourceId_fk` FOREIGN KEY (`sourceId`) REFERENCES `craft_elements` (`id`) ON DELETE CASCADE,
	ADD CONSTRAINT `craft_relations_sourceLocale_fk` FOREIGN KEY (`sourceLocale`) REFERENCES `craft_locales` (`locale`) ON DELETE CASCADE ON UPDATE CASCADE,
	ADD CONSTRAINT `craft_relations_targetId_fk` FOREIGN KEY (`targetId`) REFERENCES `craft_elements` (`id`) ON DELETE CASCADE;

--
-- Constraints for table `craft_routes`
--
ALTER TABLE `craft_routes`
	ADD CONSTRAINT `craft_routes_locale_fk` FOREIGN KEY (`locale`) REFERENCES `craft_locales` (`locale`) ON DELETE CASCADE ON UPDATE CASCADE;

--
-- Constraints for table `craft_sections`
--
ALTER TABLE `craft_sections`
	ADD CONSTRAINT `craft_sections_structureId_fk` FOREIGN KEY (`structureId`) REFERENCES `craft_structures` (`id`) ON DELETE SET NULL;

--
-- Constraints for table `craft_sections_i18n`
--
ALTER TABLE `craft_sections_i18n`
	ADD CONSTRAINT `craft_sections_i18n_locale_fk` FOREIGN KEY (`locale`) REFERENCES `craft_locales` (`locale`) ON DELETE CASCADE ON UPDATE CASCADE,
	ADD CONSTRAINT `craft_sections_i18n_sectionId_fk` FOREIGN KEY (`sectionId`) REFERENCES `craft_sections` (`id`) ON DELETE CASCADE;

--
-- Constraints for table `craft_seomatic_meta`
--
ALTER TABLE `craft_seomatic_meta`
	ADD CONSTRAINT `craft_seomatic_meta_id_fk` FOREIGN KEY (`id`) REFERENCES `craft_elements` (`id`) ON DELETE CASCADE,
	ADD CONSTRAINT `craft_seomatic_meta_seoFacebookImageId_fk` FOREIGN KEY (`seoFacebookImageId`) REFERENCES `craft_assetfiles` (`id`) ON DELETE SET NULL,
	ADD CONSTRAINT `craft_seomatic_meta_seoImageId_fk` FOREIGN KEY (`seoImageId`) REFERENCES `craft_assetfiles` (`id`) ON DELETE SET NULL,
	ADD CONSTRAINT `craft_seomatic_meta_seoTwitterImageId_fk` FOREIGN KEY (`seoTwitterImageId`) REFERENCES `craft_assetfiles` (`id`) ON DELETE SET NULL;

--
-- Constraints for table `craft_seomatic_settings`
--
ALTER TABLE `craft_seomatic_settings`
	ADD CONSTRAINT `craft_seomatic_settings_genericCreatorImageId_fk` FOREIGN KEY (`genericCreatorImageId`) REFERENCES `craft_assetfiles` (`id`) ON DELETE SET NULL,
	ADD CONSTRAINT `craft_seomatic_settings_genericOwnerImageId_fk` FOREIGN KEY (`genericOwnerImageId`) REFERENCES `craft_assetfiles` (`id`) ON DELETE SET NULL,
	ADD CONSTRAINT `craft_seomatic_settings_siteSeoFacebookImageId_fk` FOREIGN KEY (`siteSeoFacebookImageId`) REFERENCES `craft_assetfiles` (`id`) ON DELETE SET NULL,
	ADD CONSTRAINT `craft_seomatic_settings_siteSeoImageId_fk` FOREIGN KEY (`siteSeoImageId`) REFERENCES `craft_assetfiles` (`id`) ON DELETE SET NULL,
	ADD CONSTRAINT `craft_seomatic_settings_siteSeoTwitterImageId_fk` FOREIGN KEY (`siteSeoTwitterImageId`) REFERENCES `craft_assetfiles` (`id`) ON DELETE SET NULL;

--
-- Constraints for table `craft_sessions`
--
ALTER TABLE `craft_sessions`
	ADD CONSTRAINT `craft_sessions_userId_fk` FOREIGN KEY (`userId`) REFERENCES `craft_users` (`id`) ON DELETE CASCADE;

--
-- Constraints for table `craft_shunnedmessages`
--
ALTER TABLE `craft_shunnedmessages`
	ADD CONSTRAINT `craft_shunnedmessages_userId_fk` FOREIGN KEY (`userId`) REFERENCES `craft_users` (`id`) ON DELETE CASCADE;

--
-- Constraints for table `craft_structureelements`
--
ALTER TABLE `craft_structureelements`
	ADD CONSTRAINT `craft_structureelements_elementId_fk` FOREIGN KEY (`elementId`) REFERENCES `craft_elements` (`id`) ON DELETE CASCADE,
	ADD CONSTRAINT `craft_structureelements_structureId_fk` FOREIGN KEY (`structureId`) REFERENCES `craft_structures` (`id`) ON DELETE CASCADE;

--
-- Constraints for table `craft_taggroups`
--
ALTER TABLE `craft_taggroups`
	ADD CONSTRAINT `craft_taggroups_fieldLayoutId_fk` FOREIGN KEY (`fieldLayoutId`) REFERENCES `craft_fieldlayouts` (`id`) ON DELETE SET NULL;

--
-- Constraints for table `craft_tags`
--
ALTER TABLE `craft_tags`
	ADD CONSTRAINT `craft_tags_groupId_fk` FOREIGN KEY (`groupId`) REFERENCES `craft_taggroups` (`id`) ON DELETE CASCADE,
	ADD CONSTRAINT `craft_tags_id_fk` FOREIGN KEY (`id`) REFERENCES `craft_elements` (`id`) ON DELETE CASCADE;

--
-- Constraints for table `craft_templatecachecriteria`
--
ALTER TABLE `craft_templatecachecriteria`
	ADD CONSTRAINT `craft_templatecachecriteria_cacheId_fk` FOREIGN KEY (`cacheId`) REFERENCES `craft_templatecaches` (`id`) ON DELETE CASCADE;

--
-- Constraints for table `craft_templatecacheelements`
--
ALTER TABLE `craft_templatecacheelements`
	ADD CONSTRAINT `craft_templatecacheelements_cacheId_fk` FOREIGN KEY (`cacheId`) REFERENCES `craft_templatecaches` (`id`) ON DELETE CASCADE,
	ADD CONSTRAINT `craft_templatecacheelements_elementId_fk` FOREIGN KEY (`elementId`) REFERENCES `craft_elements` (`id`) ON DELETE CASCADE;

--
-- Constraints for table `craft_templatecaches`
--
ALTER TABLE `craft_templatecaches`
	ADD CONSTRAINT `craft_templatecaches_locale_fk` FOREIGN KEY (`locale`) REFERENCES `craft_locales` (`locale`) ON DELETE CASCADE ON UPDATE CASCADE;

--
-- Constraints for table `craft_usergroups_users`
--
ALTER TABLE `craft_usergroups_users`
	ADD CONSTRAINT `craft_usergroups_users_groupId_fk` FOREIGN KEY (`groupId`) REFERENCES `craft_usergroups` (`id`) ON DELETE CASCADE,
	ADD CONSTRAINT `craft_usergroups_users_userId_fk` FOREIGN KEY (`userId`) REFERENCES `craft_users` (`id`) ON DELETE CASCADE;

--
-- Constraints for table `craft_userpermissions_usergroups`
--
ALTER TABLE `craft_userpermissions_usergroups`
	ADD CONSTRAINT `craft_userpermissions_usergroups_groupId_fk` FOREIGN KEY (`groupId`) REFERENCES `craft_usergroups` (`id`) ON DELETE CASCADE,
	ADD CONSTRAINT `craft_userpermissions_usergroups_permissionId_fk` FOREIGN KEY (`permissionId`) REFERENCES `craft_userpermissions` (`id`) ON DELETE CASCADE;

--
-- Constraints for table `craft_userpermissions_users`
--
ALTER TABLE `craft_userpermissions_users`
	ADD CONSTRAINT `craft_userpermissions_users_permissionId_fk` FOREIGN KEY (`permissionId`) REFERENCES `craft_userpermissions` (`id`) ON DELETE CASCADE,
	ADD CONSTRAINT `craft_userpermissions_users_userId_fk` FOREIGN KEY (`userId`) REFERENCES `craft_users` (`id`) ON DELETE CASCADE;

--
-- Constraints for table `craft_users`
--
ALTER TABLE `craft_users`
	ADD CONSTRAINT `craft_users_id_fk` FOREIGN KEY (`id`) REFERENCES `craft_elements` (`id`) ON DELETE CASCADE,
	ADD CONSTRAINT `craft_users_preferredLocale_fk` FOREIGN KEY (`preferredLocale`) REFERENCES `craft_locales` (`locale`) ON DELETE SET NULL ON UPDATE CASCADE;

--
-- Constraints for table `craft_widgets`
--
ALTER TABLE `craft_widgets`
	ADD CONSTRAINT `craft_widgets_userId_fk` FOREIGN KEY (`userId`) REFERENCES `craft_users` (`id`) ON DELETE CASCADE;

SET FOREIGN_KEY_CHECKS = 1;
